Build started 12/05/2025 01:17:12.
Logging verbosity is set to: Detailed.     0>Process = "/usr/share/dotnet/dotnet"
       MSBuild executable path = "/usr/share/dotnet/sdk/9.0.110/MSBuild.dll"
       Command line arguments = "/usr/share/dotnet/sdk/9.0.110/MSBuild.dll -maxcpucount -verbosity:m -tlp:default=auto -t:Build -fl -flp:LogFile=build.log"
       Current directory = "/home/mostafa/Documents/Projects/hr-management-system/backend/HRManagementSystem"
       MSBuild version = "17.12.44+999243871"
       Assembly loaded during Evaluation: System.Runtime.Loader, Version=9.0.0.0, Culture=neutral, PublicKeyToken=b03f5f7f11d50a3a (location: /usr/share/dotnet/shared/Microsoft.NETCore.App/9.0.9/System.Runtime.Loader.dll, MVID: e9b30a66-48c1-4bb0-a647-13e28080f876, AssemblyLoadContext: Default)
       Assembly loaded during Evaluation: System.Diagnostics.FileVersionInfo, Version=9.0.0.0, Culture=neutral, PublicKeyToken=b03f5f7f11d50a3a (location: /usr/share/dotnet/shared/Microsoft.NETCore.App/9.0.9/System.Diagnostics.FileVersionInfo.dll, MVID: 953e9174-4399-4efe-aab8-4d06d641d3ef, AssemblyLoadContext: Default)
       Assembly loaded during Evaluation: System.Reflection.Metadata, Version=9.0.0.0, Culture=neutral, PublicKeyToken=b03f5f7f11d50a3a (location: /usr/share/dotnet/shared/Microsoft.NETCore.App/9.0.9/System.Reflection.Metadata.dll, MVID: b2e4e828-5e44-4e52-8cca-7b18ba619015, AssemblyLoadContext: Default)
       Assembly loaded during Evaluation: System.IO.MemoryMappedFiles, Version=9.0.0.0, Culture=neutral, PublicKeyToken=b03f5f7f11d50a3a (location: /usr/share/dotnet/shared/Microsoft.NETCore.App/9.0.9/System.IO.MemoryMappedFiles.dll, MVID: 26c63048-6792-42e5-a635-7d4181b161e5, AssemblyLoadContext: Default)
       /home/mostafa/Documents/Projects/hr-management-system/backend/HRManagementSystem/HRManagementSystem.sln.metaproj : message : Property 'MSBuildExtensionsPath' with value '/usr/share/dotnet/sdk/9.0.110/' expanded from the environment.
       Assembly loaded during Evaluation: System.Threading.Tasks.Parallel, Version=9.0.0.0, Culture=neutral, PublicKeyToken=b03f5f7f11d50a3a (location: /usr/share/dotnet/shared/Microsoft.NETCore.App/9.0.9/System.Threading.Tasks.Parallel.dll, MVID: 2d2ab50d-b5bd-4fb4-bb75-53ac9b5b6390, AssemblyLoadContext: Default)
       Property reassignment: $(_GenerateRestoreGraphProjectEntryInputProperties)="
             ExcludeRestorePackageImports=true;
             _RestoreSolutionFileUsed=true;
             SolutionDir=/home/mostafa/Documents/Projects/hr-management-system/backend/HRManagementSystem/;
             SolutionName=HRManagementSystem;
             SolutionFileName=HRManagementSystem.sln;
             SolutionPath=/home/mostafa/Documents/Projects/hr-management-system/backend/HRManagementSystem/HRManagementSystem.sln;
             SolutionExt=.sln;
           " (previous value: "ExcludeRestorePackageImports=true") at /usr/share/dotnet/sdk/9.0.110/NuGet.targets (97,5)
       Assembly loaded during Evaluation: System.Numerics.Vectors, Version=9.0.0.0, Culture=neutral, PublicKeyToken=b03f5f7f11d50a3a (location: /usr/share/dotnet/shared/Microsoft.NETCore.App/9.0.9/System.Numerics.Vectors.dll, MVID: f68ee704-66b4-4ef3-bbbd-8fd02519cc5a, AssemblyLoadContext: Default)
       The target "Store" listed in a BeforeTargets attribute at "/usr/share/dotnet/sdk/9.0.110/Current/SolutionFile/ImportAfter/Microsoft.NET.Sdk.Solution.targets (33,11)" does not exist in the project, and will be ignored.
       The target "VSTest" listed in a BeforeTargets attribute at "/usr/share/dotnet/sdk/9.0.110/Current/SolutionFile/ImportAfter/Microsoft.NET.Sdk.Solution.targets (33,11)" does not exist in the project, and will be ignored.
       The target "_CheckForInvalidConfigurationAndPlatform" listed in a BeforeTargets attribute at "/usr/share/dotnet/sdk/9.0.110/NuGet.targets (663,11)" does not exist in the project, and will be ignored.
     1>Project "/home/mostafa/Documents/Projects/hr-management-system/backend/HRManagementSystem/HRManagementSystem.sln" on node 1 (Build target(s)).
     1>Target "ValidateSolutionConfiguration" in file "/home/mostafa/Documents/Projects/hr-management-system/backend/HRManagementSystem/HRManagementSystem.sln.metaproj" from project "/home/mostafa/Documents/Projects/hr-management-system/backend/HRManagementSystem/HRManagementSystem.sln" (entry point):
     1>Task "Error" skipped, due to false condition; (('$(CurrentSolutionConfigurationContents)' == '') and ('$(SkipInvalidConfigurations)' != 'true')) was evaluated as (('<SolutionConfiguration>
  <ProjectConfiguration Project="{8C59D7B0-C664-487D-AD70-BFFCC50D0071}" AbsolutePath="/home/mostafa/Documents/Projects/hr-management-system/backend/HRManagementSystem/src/Core/HRManagementSystem.Domain/HRManagementSystem.Domain.csproj" BuildProjectInSolution="True">Debug|AnyCPU</ProjectConfiguration>
  <ProjectConfiguration Project="{FF02B740-614C-4561-94A1-3272521E198D}" AbsolutePath="/home/mostafa/Documents/Projects/hr-management-system/backend/HRManagementSystem/src/Core/HRManagementSystem.Application/HRManagementSystem.Application.csproj" BuildProjectInSolution="True">Debug|AnyCPU</ProjectConfiguration>
  <ProjectConfiguration Project="{E922A61A-B668-487E-951B-992B75477616}" AbsolutePath="/home/mostafa/Documents/Projects/hr-management-system/backend/HRManagementSystem/src/Infrastructure/HRManagementSystem.Infrastructure/HRManagementSystem.Infrastructure.csproj" BuildProjectInSolution="True">Debug|AnyCPU</ProjectConfiguration>
  <ProjectConfiguration Project="{86F271EE-E7C3-4ED4...' == '') and ('' != 'true')).
       Task "Warning" skipped, due to false condition; (('$(CurrentSolutionConfigurationContents)' == '') and ('$(SkipInvalidConfigurations)' == 'true')) was evaluated as (('<SolutionConfiguration>
         <ProjectConfiguration Project="{8C59D7B0-C664-487D-AD70-BFFCC50D0071}" AbsolutePath="/home/mostafa/Documents/Projects/hr-management-system/backend/HRManagementSystem/src/Core/HRManagementSystem.Domain/HRManagementSystem.Domain.csproj" BuildProjectInSolution="True">Debug|AnyCPU</ProjectConfiguration>
         <ProjectConfiguration Project="{FF02B740-614C-4561-94A1-3272521E198D}" AbsolutePath="/home/mostafa/Documents/Projects/hr-management-system/backend/HRManagementSystem/src/Core/HRManagementSystem.Application/HRManagementSystem.Application.csproj" BuildProjectInSolution="True">Debug|AnyCPU</ProjectConfiguration>
         <ProjectConfiguration Project="{E922A61A-B668-487E-951B-992B75477616}" AbsolutePath="/home/mostafa/Documents/Projects/hr-management-system/backend/HRManagementSystem/src/Infrastructure/HRManagementSystem.Infrastructure/HRManagementSystem.Infrastructure.csproj" BuildProjectInSolution="True">Debug|AnyCPU</ProjectConfiguration>
         <ProjectConfiguration Project="{86F271EE-E7C3-4ED4...' == '') and ('' == 'true')).
       Using "Message" task from assembly "Microsoft.Build.Tasks.Core, Version=15.1.0.0, Culture=neutral, PublicKeyToken=b03f5f7f11d50a3a".
       Task "Message"
         Building solution configuration "Debug|Any CPU".
       Done executing task "Message".
     1>Done building target "ValidateSolutionConfiguration" in project "HRManagementSystem.sln".
     1>Target "ValidateToolsVersions" in file "/home/mostafa/Documents/Projects/hr-management-system/backend/HRManagementSystem/HRManagementSystem.sln.metaproj" from project "/home/mostafa/Documents/Projects/hr-management-system/backend/HRManagementSystem/HRManagementSystem.sln" (entry point):
       Task "Error" skipped, due to false condition; ('$(MSBuildToolsVersion)' == '2.0' and ('$(ProjectToolsVersion)' != '2.0' and '$(ProjectToolsVersion)' != '')) was evaluated as ('Current' == '2.0' and ('' != '2.0' and '' != '')).
     1>Done building target "ValidateToolsVersions" in project "HRManagementSystem.sln".
     1>Target "ValidateProjects" in file "/home/mostafa/Documents/Projects/hr-management-system/backend/HRManagementSystem/HRManagementSystem.sln.metaproj" from project "/home/mostafa/Documents/Projects/hr-management-system/backend/HRManagementSystem/HRManagementSystem.sln" (entry point):
     1>Done building target "ValidateProjects" in project "HRManagementSystem.sln".
       Target "_CheckForSolutionLevelRuntimeIdentifier" skipped, due to false condition; ('$(RuntimeIdentifier)' != '') was evaluated as ('' != '').
       Target "_CheckForSolutionLevelOutputPath" skipped, due to false condition; ('$(_CommandLineDefinedOutputPath)' == 'true') was evaluated as ('' == 'true').
     1>Target "Build" in file "/home/mostafa/Documents/Projects/hr-management-system/backend/HRManagementSystem/HRManagementSystem.sln.metaproj" from project "/home/mostafa/Documents/Projects/hr-management-system/backend/HRManagementSystem/HRManagementSystem.sln" (entry point):
       Using "MSBuild" task from assembly "Microsoft.Build.Tasks.Core, Version=15.1.0.0, Culture=neutral, PublicKeyToken=b03f5f7f11d50a3a".
       Task "MSBuild"
         Global Properties:
           BuildingSolutionFile=true
           CurrentSolutionConfigurationContents=<SolutionConfiguration>
           <ProjectConfiguration Project="{8C59D7B0-C664-487D-AD70-BFFCC50D0071}" AbsolutePath="/home/mostafa/Documents/Projects/hr-management-system/backend/HRManagementSystem/src/Core/HRManagementSystem.Domain/HRManagementSystem.Domain.csproj" BuildProjectInSolution="True">Debug|AnyCPU</ProjectConfiguration>
           <ProjectConfiguration Project="{FF02B740-614C-4561-94A1-3272521E198D}" AbsolutePath="/home/mostafa/Documents/Projects/hr-management-system/backend/HRManagementSystem/src/Core/HRManagementSystem.Application/HRManagementSystem.Application.csproj" BuildProjectInSolution="True">Debug|AnyCPU</ProjectConfiguration>
           <ProjectConfiguration Project="{E922A61A-B668-487E-951B-992B75477616}" AbsolutePath="/home/mostafa/Documents/Projects/hr-management-system/backend/HRManagementSystem/src/Infrastructure/HRManagementSystem.Infrastructure/HRManagementSystem.Infrastructure.csproj" BuildProjectInSolution="True">Debug|AnyCPU</ProjectConfiguration>
           <ProjectConfiguration Project="{86F271EE-E7C3-4ED4-A444-FD8CF7B41273}" AbsolutePath="/home/mostafa/Documents/Projects/hr-management-system/backend/HRManagementSystem/src/Presentation/HRManagementSystem.WebApi/HRManagementSystem.WebApi.csproj" BuildProjectInSolution="True">Debug|AnyCPU</ProjectConfiguration>
         </SolutionConfiguration>
           SolutionDir=/home/mostafa/Documents/Projects/hr-management-system/backend/HRManagementSystem/
           SolutionExt=.sln
           SolutionFileName=HRManagementSystem.sln
           SolutionName=HRManagementSystem
           SolutionPath=/home/mostafa/Documents/Projects/hr-management-system/backend/HRManagementSystem/HRManagementSystem.sln
         Additional Properties for project "/home/mostafa/Documents/Projects/hr-management-system/backend/HRManagementSystem/src/Core/HRManagementSystem.Domain/HRManagementSystem.Domain.csproj":
           Configuration=Debug
           Platform=AnyCPU
         Additional Properties for project "/home/mostafa/Documents/Projects/hr-management-system/backend/HRManagementSystem/src/Core/HRManagementSystem.Application/HRManagementSystem.Application.csproj":
           Configuration=Debug
           Platform=AnyCPU
         Additional Properties for project "/home/mostafa/Documents/Projects/hr-management-system/backend/HRManagementSystem/src/Infrastructure/HRManagementSystem.Infrastructure/HRManagementSystem.Infrastructure.csproj":
           Configuration=Debug
           Platform=AnyCPU
         Additional Properties for project "/home/mostafa/Documents/Projects/hr-management-system/backend/HRManagementSystem/src/Presentation/HRManagementSystem.WebApi/HRManagementSystem.WebApi.csproj":
           Configuration=Debug
           Platform=AnyCPU
     0>The SDK "Microsoft.NET.Sdk" was successfully resolved by the "DefaultSdkResolver" resolver to location "/usr/share/dotnet/sdk/9.0.110/Sdks/Microsoft.NET.Sdk/Sdk" and version "".
       /usr/share/dotnet/sdk/9.0.110/Sdks/Microsoft.NET.Sdk/Sdk/Sdk.props(49,11): message : Property 'MSBuildExtensionsPath' with value '/usr/share/dotnet/sdk/9.0.110/' expanded from the environment.
       Property reassignment: $(MSBuildProjectExtensionsPath)="/home/mostafa/Documents/Projects/hr-management-system/backend/HRManagementSystem/src/Core/HRManagementSystem.Domain/obj/" (previous value: "obj\") at /usr/share/dotnet/sdk/9.0.110/Current/Microsoft.Common.props (60,5)
       /usr/share/dotnet/sdk/9.0.110/Current/Microsoft.Common.props(84,119): message : Property 'MSBuildUserExtensionsPath' with value '/home/mostafa/.local/share/Microsoft\MSBuild' expanded from the environment.
       The "Configuration" property is a global property, and cannot be modified.
       The "Platform" property is a global property, and cannot be modified.
       The "Configuration" property is a global property, and cannot be modified.
       The "Platform" property is a global property, and cannot be modified.
       Property reassignment: $(AssemblySearchPaths)="{CandidateAssemblyFiles};{HintPathFromItem}" (previous value: "{CandidateAssemblyFiles}") at /usr/share/dotnet/sdk/9.0.110/Sdks/Microsoft.NET.Sdk/targets/Microsoft.NET.Sdk.props (90,5)
       Property reassignment: $(AssemblySearchPaths)="{CandidateAssemblyFiles};{HintPathFromItem};{TargetFrameworkDirectory}" (previous value: "{CandidateAssemblyFiles};{HintPathFromItem}") at /usr/share/dotnet/sdk/9.0.110/Sdks/Microsoft.NET.Sdk/targets/Microsoft.NET.Sdk.props (91,5)
       Property reassignment: $(AssemblySearchPaths)="{CandidateAssemblyFiles};{HintPathFromItem};{TargetFrameworkDirectory};{RawFileName}" (previous value: "{CandidateAssemblyFiles};{HintPathFromItem};{TargetFrameworkDirectory}") at /usr/share/dotnet/sdk/9.0.110/Sdks/Microsoft.NET.Sdk/targets/Microsoft.NET.Sdk.props (92,5)
       The "DefaultSdkResolver" resolver attempted to resolve the SDK "Microsoft.NET.SDK.WorkloadAutoImportPropsLocator".
       Warnings: null
       Errors: MSB4276: The default SDK resolver failed to resolve SDK "Microsoft.NET.SDK.WorkloadAutoImportPropsLocator" because directory "/usr/share/dotnet/sdk/9.0.110/Sdks/Microsoft.NET.SDK.WorkloadAutoImportPropsLocator/Sdk" did not exist.
       Assembly loaded during Evaluation: Microsoft.Build.NuGetSdkResolver, Version=6.12.4.32767, Culture=neutral, PublicKeyToken=31bf3856ad364e35 (location: /usr/share/dotnet/sdk/9.0.110/Microsoft.Build.NuGetSdkResolver.dll, MVID: a1f6cb73-ae0d-4cef-a2a7-4c1b5f024aff, AssemblyLoadContext: MSBuild plugin /usr/share/dotnet/sdk/9.0.110/Microsoft.Build.NuGetSdkResolver.dll)
       Assembly loaded during Evaluation: Microsoft.NET.Sdk.WorkloadMSBuildSdkResolver, Version=9.0.110.0, Culture=neutral, PublicKeyToken=31bf3856ad364e35 (location: /usr/share/dotnet/sdk/9.0.110/Microsoft.NET.Sdk.WorkloadMSBuildSdkResolver.dll, MVID: 6217eeba-d66a-4472-9b31-6c8afd0b622d, AssemblyLoadContext: MSBuild plugin /usr/share/dotnet/sdk/9.0.110/Microsoft.NET.Sdk.WorkloadMSBuildSdkResolver.dll)
       Assembly loaded during Evaluation: Microsoft.DotNet.Cli.Utils, Version=9.0.110.0, Culture=neutral, PublicKeyToken=adb9793829ddae60 (location: /usr/share/dotnet/sdk/9.0.110/Microsoft.DotNet.Cli.Utils.dll, MVID: 381014c4-b086-4771-930a-ec8a13e78707, AssemblyLoadContext: MSBuild plugin /usr/share/dotnet/sdk/9.0.110/Microsoft.NET.Sdk.WorkloadMSBuildSdkResolver.dll)
       Assembly loaded during Evaluation: Microsoft.NET.Sdk.WorkloadManifestReader, Version=9.0.110.0, Culture=neutral, PublicKeyToken=adb9793829ddae60 (location: /usr/share/dotnet/sdk/9.0.110/Microsoft.NET.Sdk.WorkloadManifestReader.dll, MVID: a88367cd-92dc-4c5a-80c8-2c49beecb3f5, AssemblyLoadContext: MSBuild plugin /usr/share/dotnet/sdk/9.0.110/Microsoft.NET.Sdk.WorkloadMSBuildSdkResolver.dll)
       Assembly loaded during Evaluation: Microsoft.Deployment.DotNet.Releases, Version=2.0.0.0, Culture=neutral, PublicKeyToken=31bf3856ad364e35 (location: /usr/share/dotnet/sdk/9.0.110/Microsoft.Deployment.DotNet.Releases.dll, MVID: e5aec7ce-f917-4092-a75a-f2a8e0076403, AssemblyLoadContext: MSBuild plugin /usr/share/dotnet/sdk/9.0.110/Microsoft.NET.Sdk.WorkloadMSBuildSdkResolver.dll)
       Assembly loaded during Evaluation: System.IO.Pipes, Version=9.0.0.0, Culture=neutral, PublicKeyToken=b03f5f7f11d50a3a (location: /usr/share/dotnet/shared/Microsoft.NETCore.App/9.0.9/System.IO.Pipes.dll, MVID: 84accd34-82f1-4c23-b5f6-2e0e98faf3ac, AssemblyLoadContext: Default)
       Assembly loaded during Evaluation: System.Net.Primitives, Version=9.0.0.0, Culture=neutral, PublicKeyToken=b03f5f7f11d50a3a (location: /usr/share/dotnet/shared/Microsoft.NETCore.App/9.0.9/System.Net.Primitives.dll, MVID: f890befe-3bfa-450d-9a24-1f665510cdfa, AssemblyLoadContext: Default)
       Assembly loaded during Evaluation: System.Net.Sockets, Version=9.0.0.0, Culture=neutral, PublicKeyToken=b03f5f7f11d50a3a (location: /usr/share/dotnet/shared/Microsoft.NETCore.App/9.0.9/System.Net.Sockets.dll, MVID: c1527387-ae37-4945-be21-4af51d2ff8c5, AssemblyLoadContext: Default)
       Assembly loaded during Evaluation: System.Diagnostics.DiagnosticSource, Version=9.0.0.0, Culture=neutral, PublicKeyToken=cc7b13ffcd2ddd51 (location: /usr/share/dotnet/shared/Microsoft.NETCore.App/9.0.9/System.Diagnostics.DiagnosticSource.dll, MVID: 4d3d2310-4646-4eb0-b691-29728b34a569, AssemblyLoadContext: Default)
       The SDK "Microsoft.NET.SDK.WorkloadAutoImportPropsLocator" was successfully resolved by the "Microsoft.DotNet.MSBuildWorkloadSdkResolver" resolver to location "null" and version "null".
       Property reassignment: $(TargetsForTfmSpecificContentInPackage)=";PackTool;_PackProjectToolValidation" (previous value: ";PackTool") at /usr/share/dotnet/sdk/9.0.110/Sdks/Microsoft.NET.Sdk/targets/Microsoft.NET.PackProjectTool.props (15,5)
       The "Configuration" property is a global property, and cannot be modified.
       The "Platform" property is a global property, and cannot be modified.
       Property reassignment: $(PublishProfileImported)="false" (previous value: "true") at /usr/share/dotnet/sdk/9.0.110/Sdks/Microsoft.NET.Sdk/targets/Microsoft.NET.Sdk.ImportPublishProfile.targets (28,5)
       Assembly loaded during Evaluation: Microsoft.Win32.Registry, Version=9.0.0.0, Culture=neutral, PublicKeyToken=b03f5f7f11d50a3a (location: /usr/share/dotnet/shared/Microsoft.NETCore.App/9.0.9/Microsoft.Win32.Registry.dll, MVID: 5b7034bd-db07-4e56-a9d2-6e26c42cbe35, AssemblyLoadContext: Default)
       Assembly loaded during Evaluation: NuGet.Frameworks, Version=6.12.4.32767, Culture=neutral, PublicKeyToken=31bf3856ad364e35 (location: /usr/share/dotnet/sdk/9.0.110/NuGet.Frameworks.dll, MVID: 0469e32d-61e4-4ba5-8c71-12e390cce64c, AssemblyLoadContext: Assembly.LoadFile(/usr/share/dotnet/sdk/9.0.110/NuGet.Frameworks.dll))
       Property reassignment: $(TargetPlatformVersion)="" (previous value: "0.0") at /usr/share/dotnet/sdk/9.0.110/Sdks/Microsoft.NET.Sdk/targets/Microsoft.NET.TargetFrameworkInference.targets (69,5)
       Property reassignment: $(DefaultItemExcludes)=";bin\Debug//**;obj\Debug//**" (previous value: ";bin\Debug//**") at /usr/share/dotnet/sdk/9.0.110/Sdks/Microsoft.NET.Sdk/targets/Microsoft.NET.DefaultOutputPaths.targets (122,5)
       Property reassignment: $(OutputPath)="bin\Debug/net8.0/" (previous value: "bin\Debug/") at /usr/share/dotnet/sdk/9.0.110/Sdks/Microsoft.NET.Sdk/targets/Microsoft.NET.DefaultOutputPaths.targets (137,5)
       Property reassignment: $(IntermediateOutputPath)="obj\Debug/net8.0/" (previous value: "obj\Debug/") at /usr/share/dotnet/sdk/9.0.110/Sdks/Microsoft.NET.Sdk/targets/Microsoft.NET.DefaultOutputPaths.targets (142,5)
       The "DefaultSdkResolver" resolver attempted to resolve the SDK "Microsoft.NET.SDK.WorkloadManifestTargetsLocator".
       Warnings: null
       Errors: MSB4276: The default SDK resolver failed to resolve SDK "Microsoft.NET.SDK.WorkloadManifestTargetsLocator" because directory "/usr/share/dotnet/sdk/9.0.110/Sdks/Microsoft.NET.SDK.WorkloadManifestTargetsLocator/Sdk" did not exist.
       The SDK "Microsoft.NET.SDK.WorkloadManifestTargetsLocator" was successfully resolved by the "Microsoft.DotNet.MSBuildWorkloadSdkResolver" resolver to location "/usr/share/dotnet/sdk-manifests/9.0.100/microsoft.net.workload.mono.toolchain.current/9.0.9" and version "null".
       Property reassignment: $(_FrameworkIdentifierForImplicitDefine)="NET" (previous value: "NETCOREAPP") at /usr/share/dotnet/sdk/9.0.110/Sdks/Microsoft.NET.Sdk/targets/Microsoft.NET.Sdk.BeforeCommon.targets (187,5)
       Property reassignment: $(_FrameworkVersionForImplicitDefine)="8_0" (previous value: "8.0") at /usr/share/dotnet/sdk/9.0.110/Sdks/Microsoft.NET.Sdk/targets/Microsoft.NET.Sdk.BeforeCommon.targets (192,5)
       Property reassignment: $(CommandLineArgsForDesignTimeEvaluation)="-langversion:12.0 -define:TRACE" (previous value: "-langversion:12.0") at /usr/share/dotnet/sdk/9.0.110/Roslyn/Microsoft.CSharp.Core.targets (205,5)
       The "Platform" property is a global property, and cannot be modified.
       The "Configuration" property is a global property, and cannot be modified.
       Property reassignment: $(_DebugSymbolsProduced)="true" (previous value: "false") at /usr/share/dotnet/sdk/9.0.110/Microsoft.Common.CurrentVersion.targets (175,5)
       Property reassignment: $(_DocumentationFileProduced)="false" (previous value: "true") at /usr/share/dotnet/sdk/9.0.110/Microsoft.Common.CurrentVersion.targets (185,5)
       The "SolutionName" property is a global property, and cannot be modified.
       The "SolutionFileName" property is a global property, and cannot be modified.
       The "SolutionPath" property is a global property, and cannot be modified.
       The "SolutionDir" property is a global property, and cannot be modified.
       The "SolutionExt" property is a global property, and cannot be modified.
       Property reassignment: $(MSBuildCopyMarkerName)="HRManage.E7375967" (previous value: "HRManagementSystem.Domain.csproj") at /usr/share/dotnet/sdk/9.0.110/Microsoft.Common.CurrentVersion.targets (392,5)
       Property reassignment: $(MSBuildCopyMarkerName)="HRManage.E7375967.Up2Date" (previous value: "HRManage.E7375967") at /usr/share/dotnet/sdk/9.0.110/Microsoft.Common.CurrentVersion.targets (393,5)
       Property reassignment: $(ProcessorArchitecture)="msil" (previous value: "") at /usr/share/dotnet/sdk/9.0.110/Microsoft.Common.CurrentVersion.targets (541,5)
       Property reassignment: $(DelaySign)="" (previous value: "false") at /usr/share/dotnet/sdk/9.0.110/Microsoft.Common.CurrentVersion.targets (580,5)
       /usr/share/dotnet/sdk/9.0.110/Microsoft.Common.CurrentVersion.targets(2579,5): message : Property 'LocalAppData' with value '/home/mostafa/.local/share' expanded from the environment.
       Property reassignment: $(_SGenGenerateSerializationAssembliesConfig)="Auto" (previous value: "") at /usr/share/dotnet/sdk/9.0.110/Microsoft.Common.CurrentVersion.targets (3897,5)
       Property reassignment: $(_SGenGenerateSerializationAssembliesConfig)="Off" (previous value: "Auto") at /usr/share/dotnet/sdk/9.0.110/Microsoft.Common.CurrentVersion.targets (3898,5)
       Property reassignment: $(_TargetsThatPrepareProjectReferences)="
             AssignProjectConfiguration;
             _SplitProjectReferencesByFileExistence
           " (previous value: "_SplitProjectReferencesByFileExistence") at /usr/share/dotnet/sdk/9.0.110/Microsoft.Common.CurrentVersion.targets (5100,5)
       /usr/share/dotnet/sdk/9.0.110/Microsoft.Common.CurrentVersion.targets(6846,5): message : Property 'MSBuildExtensionsPath32' with value '/usr/share/dotnet/sdk/9.0.110' expanded from the environment.
       Property reassignment: $(ProjectAssetsCacheFile)="/home/mostafa/Documents/Projects/hr-management-system/backend/HRManagementSystem/src/Core/HRManagementSystem.Domain/obj/Debug/net8.0/HRManagementSystem.Domain.assets.cache" (previous value: "obj\Debug/net8.0/HRManagementSystem.Domain.assets.cache") at /usr/share/dotnet/sdk/9.0.110/Sdks/Microsoft.NET.Sdk/targets/Microsoft.PackageDependencyResolution.targets (29,5)
       Property reassignment: $(ResolveAssemblyReferencesDependsOn)="
             
             ResolveProjectReferences;
             FindInvalidProjectReferences;
             GetFrameworkPaths;
             GetReferenceAssemblyPaths;
             PrepareForBuild;
             ResolveSDKReferences;
             ExpandSDKReferences;
           ;
             ResolvePackageDependenciesForBuild;
             _HandlePackageFileConflicts;
           " (previous value: "
             ResolveProjectReferences;
             FindInvalidProjectReferences;
             GetFrameworkPaths;
             GetReferenceAssemblyPaths;
             PrepareForBuild;
             ResolveSDKReferences;
             ExpandSDKReferences;
           ") at /usr/share/dotnet/sdk/9.0.110/Sdks/Microsoft.NET.Sdk/targets/Microsoft.PackageDependencyResolution.targets (80,5)
       Property reassignment: $(PrepareResourcesDependsOn)="
             ResolvePackageDependenciesForBuild;
             _HandlePackageFileConflicts;
             
             ;
             PrepareResourceNames;
             ResGen;
             CompileLicxFiles
           
           " (previous value: "
             ;
             PrepareResourceNames;
             ResGen;
             CompileLicxFiles
           ") at /usr/share/dotnet/sdk/9.0.110/Sdks/Microsoft.NET.Sdk/targets/Microsoft.PackageDependencyResolution.targets (86,5)
       Property reassignment: $(DefaultItemExcludes)=";bin\Debug//**;obj\Debug//**;bin\/**" (previous value: ";bin\Debug//**;obj\Debug//**") at /usr/share/dotnet/sdk/9.0.110/Sdks/Microsoft.NET.Sdk/targets/Microsoft.NET.Sdk.DefaultItems.targets (27,5)
       Property reassignment: $(DefaultItemExcludes)=";bin\Debug//**;obj\Debug//**;bin\/**;obj\/**" (previous value: ";bin\Debug//**;obj\Debug//**;bin\/**") at /usr/share/dotnet/sdk/9.0.110/Sdks/Microsoft.NET.Sdk/targets/Microsoft.NET.Sdk.DefaultItems.targets (29,5)
       Property reassignment: $(DefaultItemExcludes)=";bin\Debug//**;obj\Debug//**;bin\/**;obj\/**;**/*.user" (previous value: ";bin\Debug//**;obj\Debug//**;bin\/**;obj\/**") at /usr/share/dotnet/sdk/9.0.110/Sdks/Microsoft.NET.Sdk/targets/Microsoft.NET.Sdk.DefaultItems.targets (32,5)
       Property reassignment: $(DefaultItemExcludes)=";bin\Debug//**;obj\Debug//**;bin\/**;obj\/**;**/*.user;**/*.*proj" (previous value: ";bin\Debug//**;obj\Debug//**;bin\/**;obj\/**;**/*.user") at /usr/share/dotnet/sdk/9.0.110/Sdks/Microsoft.NET.Sdk/targets/Microsoft.NET.Sdk.DefaultItems.targets (33,5)
       Property reassignment: $(DefaultItemExcludes)=";bin\Debug//**;obj\Debug//**;bin\/**;obj\/**;**/*.user;**/*.*proj;**/*.sln" (previous value: ";bin\Debug//**;obj\Debug//**;bin\/**;obj\/**;**/*.user;**/*.*proj") at /usr/share/dotnet/sdk/9.0.110/Sdks/Microsoft.NET.Sdk/targets/Microsoft.NET.Sdk.DefaultItems.targets (34,5)
       Property reassignment: $(DefaultItemExcludes)=";bin\Debug//**;obj\Debug//**;bin\/**;obj\/**;**/*.user;**/*.*proj;**/*.sln;**/*.vssscc" (previous value: ";bin\Debug//**;obj\Debug//**;bin\/**;obj\/**;**/*.user;**/*.*proj;**/*.sln") at /usr/share/dotnet/sdk/9.0.110/Sdks/Microsoft.NET.Sdk/targets/Microsoft.NET.Sdk.DefaultItems.targets (35,5)
       Property reassignment: $(DefaultItemExcludes)=";bin\Debug//**;obj\Debug//**;bin\/**;obj\/**;**/*.user;**/*.*proj;**/*.sln;**/*.vssscc;**/.DS_Store" (previous value: ";bin\Debug//**;obj\Debug//**;bin\/**;obj\/**;**/*.user;**/*.*proj;**/*.sln;**/*.vssscc") at /usr/share/dotnet/sdk/9.0.110/Sdks/Microsoft.NET.Sdk/targets/Microsoft.NET.Sdk.DefaultItems.targets (36,5)
       Property reassignment: $(ResolveAssemblyReferencesDependsOn)="
             
             
             ResolveProjectReferences;
             FindInvalidProjectReferences;
             GetFrameworkPaths;
             GetReferenceAssemblyPaths;
             PrepareForBuild;
             ResolveSDKReferences;
             ExpandSDKReferences;
           ;
             ResolvePackageDependenciesForBuild;
             _HandlePackageFileConflicts;
           ;
             ResolveTargetingPackAssets;
           " (previous value: "
             
             ResolveProjectReferences;
             FindInvalidProjectReferences;
             GetFrameworkPaths;
             GetReferenceAssemblyPaths;
             PrepareForBuild;
             ResolveSDKReferences;
             ExpandSDKReferences;
           ;
             ResolvePackageDependenciesForBuild;
             _HandlePackageFileConflicts;
           ") at /usr/share/dotnet/sdk/9.0.110/Sdks/Microsoft.NET.Sdk/targets/Microsoft.NET.Sdk.FrameworkReferenceResolution.targets (14,5)
       Property reassignment: $(_GenerateRuntimeConfigurationPropertyInputsCache)="/home/mostafa/Documents/Projects/hr-management-system/backend/HRManagementSystem/src/Core/HRManagementSystem.Domain/obj/Debug/net8.0/HRManagementSystem.Domain.genruntimeconfig.cache" (previous value: "obj\Debug/net8.0/HRManagementSystem.Domain.genruntimeconfig.cache") at /usr/share/dotnet/sdk/9.0.110/Sdks/Microsoft.NET.Sdk/targets/Microsoft.NET.Sdk.targets (44,5)
       Property reassignment: $(_GeneratePublishDependencyFilePropertyInputsCache)="/home/mostafa/Documents/Projects/hr-management-system/backend/HRManagementSystem/src/Core/HRManagementSystem.Domain/obj/Debug/net8.0/HRManagementSystem.Domain.genpublishdeps.cache" (previous value: "obj\Debug/net8.0/HRManagementSystem.Domain.genpublishdeps.cache") at /usr/share/dotnet/sdk/9.0.110/Sdks/Microsoft.NET.Sdk/targets/Microsoft.NET.Sdk.targets (46,5)
       Property reassignment: $(_GenerateSingleFileBundlePropertyInputsCache)="/home/mostafa/Documents/Projects/hr-management-system/backend/HRManagementSystem/src/Core/HRManagementSystem.Domain/obj/Debug/net8.0/HRManagementSystem.Domain.genbundle.cache" (previous value: "obj\Debug/net8.0/HRManagementSystem.Domain.genbundle.cache") at /usr/share/dotnet/sdk/9.0.110/Sdks/Microsoft.NET.Sdk/targets/Microsoft.NET.Sdk.targets (48,5)
       Property reassignment: $(GenerateRuntimeConfigDevFile)="false" (previous value: "true") at /usr/share/dotnet/sdk/9.0.110/Sdks/Microsoft.NET.Sdk/targets/Microsoft.NET.Sdk.targets (81,5)
       /usr/share/dotnet/sdk/9.0.110/Sdks/Microsoft.NET.Sdk/targets/Microsoft.NET.Sdk.targets(96,5): message : Property 'HOME' with value '/home/mostafa' expanded from the environment.
       Property reassignment: $(_DefaultUserProfileRuntimeStorePath)="/home/mostafa/.dotnet/store" (previous value: "/home/mostafa") at /usr/share/dotnet/sdk/9.0.110/Sdks/Microsoft.NET.Sdk/targets/Microsoft.NET.Sdk.targets (98,5)
       Property reassignment: $(AvailablePlatforms)="Any CPU,x86,x64,ARM32" (previous value: "Any CPU,x86,x64") at /usr/share/dotnet/sdk/9.0.110/Sdks/Microsoft.NET.Sdk/targets/Microsoft.NET.Sdk.targets (140,5)
       Property reassignment: $(AvailablePlatforms)="Any CPU,x86,x64,ARM32,ARM64" (previous value: "Any CPU,x86,x64,ARM32") at /usr/share/dotnet/sdk/9.0.110/Sdks/Microsoft.NET.Sdk/targets/Microsoft.NET.Sdk.targets (144,5)
       Property reassignment: $(CoreBuildDependsOn)="
             _CheckForBuildWithNoBuild;
             
             BuildOnlySettings;
             PrepareForBuild;
             PreBuildEvent;
             ResolveReferences;
             PrepareResources;
             ResolveKeySource;
             Compile;
             ExportWindowsMDFile;
             UnmanagedUnregistration;
             GenerateSerializationAssemblies;
             CreateSatelliteAssemblies;
             GenerateManifests;
             GetTargetPath;
             PrepareForRun;
             UnmanagedRegistration;
             IncrementalClean;
             PostBuildEvent
           ;
             GenerateBuildDependencyFile;
             GenerateBuildRuntimeConfigurationFiles
           " (previous value: "
             BuildOnlySettings;
             PrepareForBuild;
             PreBuildEvent;
             ResolveReferences;
             PrepareResources;
             ResolveKeySource;
             Compile;
             ExportWindowsMDFile;
             UnmanagedUnregistration;
             GenerateSerializationAssemblies;
             CreateSatelliteAssemblies;
             GenerateManifests;
             GetTargetPath;
             PrepareForRun;
             UnmanagedRegistration;
             IncrementalClean;
             PostBuildEvent
           ") at /usr/share/dotnet/sdk/9.0.110/Sdks/Microsoft.NET.Sdk/targets/Microsoft.NET.Sdk.targets (201,5)
       Property reassignment: $(CoreCleanDependsOn)="
             _SdkBeforeClean;
             
           " (previous value: "") at /usr/share/dotnet/sdk/9.0.110/Sdks/Microsoft.NET.Sdk/targets/Microsoft.NET.Sdk.targets (210,5)
       Property reassignment: $(RebuildDependsOn)="
             _SdkBeforeRebuild;
             
             BeforeRebuild;
             Clean;
             Build;
             AfterRebuild;
           
           " (previous value: "
             BeforeRebuild;
             Clean;
             Build;
             AfterRebuild;
           ") at /usr/share/dotnet/sdk/9.0.110/Sdks/Microsoft.NET.Sdk/targets/Microsoft.NET.Sdk.targets (217,5)
       Property reassignment: $(CompileDependsOn)="
             
             ResolveReferences;
             ResolveKeySource;
             SetWin32ManifestProperties;
             _SetPreferNativeArm64Win32ManifestProperties;
             FindReferenceAssembliesForReferences;
             _GenerateCompileInputs;
             BeforeCompile;
             _TimeStampBeforeCompile;
             _GenerateCompileDependencyCache;
             CoreCompile;
             _TimeStampAfterCompile;
             AfterCompile;
           ;
             _CreateAppHost;
             _CreateComHost;
             _GetIjwHostPaths;
           " (previous value: "
             ResolveReferences;
             ResolveKeySource;
             SetWin32ManifestProperties;
             _SetPreferNativeArm64Win32ManifestProperties;
             FindReferenceAssembliesForReferences;
             _GenerateCompileInputs;
             BeforeCompile;
             _TimeStampBeforeCompile;
             _GenerateCompileDependencyCache;
             CoreCompile;
             _TimeStampAfterCompile;
             AfterCompile;
           ") at /usr/share/dotnet/sdk/9.0.110/Sdks/Microsoft.NET.Sdk/targets/Microsoft.NET.Sdk.targets (784,5)
       Property reassignment: $(CreateSatelliteAssembliesDependsOn)="
             
             ;
             _GenerateSatelliteAssemblyInputs;
             ComputeIntermediateSatelliteAssemblies;
             GenerateSatelliteAssemblies
           ;
             CoreGenerateSatelliteAssemblies
           " (previous value: "
             ;
             _GenerateSatelliteAssemblyInputs;
             ComputeIntermediateSatelliteAssemblies;
             GenerateSatelliteAssemblies
           ") at /usr/share/dotnet/sdk/9.0.110/Sdks/Microsoft.NET.Sdk/targets/Microsoft.NET.Sdk.targets (1184,5)
       Property reassignment: $(SourceLinkUrlInitializerTargets)=";_InitializeGitHubSourceLinkUrl;_InitializeGitLabSourceLinkUrl" (previous value: ";_InitializeGitHubSourceLinkUrl") at /usr/share/dotnet/sdk/9.0.110/Sdks/Microsoft.SourceLink.GitLab/build/Microsoft.SourceLink.GitLab.targets (12,5)
       Property reassignment: $(SourceControlManagerUrlTranslationTargets)=";TranslateGitHubUrlsInSourceControlInformation;TranslateGitLabUrlsInSourceControlInformation" (previous value: ";TranslateGitHubUrlsInSourceControlInformation") at /usr/share/dotnet/sdk/9.0.110/Sdks/Microsoft.SourceLink.GitLab/build/Microsoft.SourceLink.GitLab.targets (13,5)
       Property reassignment: $(SourceLinkUrlInitializerTargets)=";_InitializeGitHubSourceLinkUrl;_InitializeGitLabSourceLinkUrl;_InitializeAzureReposGitSourceLinkUrl" (previous value: ";_InitializeGitHubSourceLinkUrl;_InitializeGitLabSourceLinkUrl") at /usr/share/dotnet/sdk/9.0.110/Sdks/Microsoft.SourceLink.AzureRepos.Git/build/Microsoft.SourceLink.AzureRepos.Git.targets (12,5)
       Property reassignment: $(SourceControlManagerUrlTranslationTargets)=";TranslateGitHubUrlsInSourceControlInformation;TranslateGitLabUrlsInSourceControlInformation;TranslateAzureReposGitUrlsInSourceControlInformation" (previous value: ";TranslateGitHubUrlsInSourceControlInformation;TranslateGitLabUrlsInSourceControlInformation") at /usr/share/dotnet/sdk/9.0.110/Sdks/Microsoft.SourceLink.AzureRepos.Git/build/Microsoft.SourceLink.AzureRepos.Git.targets (13,5)
       Property reassignment: $(SourceLinkUrlInitializerTargets)=";_InitializeGitHubSourceLinkUrl;_InitializeGitLabSourceLinkUrl;_InitializeAzureReposGitSourceLinkUrl;_InitializeBitbucketGitSourceLinkUrl" (previous value: ";_InitializeGitHubSourceLinkUrl;_InitializeGitLabSourceLinkUrl;_InitializeAzureReposGitSourceLinkUrl") at /usr/share/dotnet/sdk/9.0.110/Sdks/Microsoft.SourceLink.Bitbucket.Git/build/Microsoft.SourceLink.Bitbucket.Git.targets (12,5)
       Property reassignment: $(SourceControlManagerUrlTranslationTargets)=";TranslateGitHubUrlsInSourceControlInformation;TranslateGitLabUrlsInSourceControlInformation;TranslateAzureReposGitUrlsInSourceControlInformation;TranslateBitbucketGitUrlsInSourceControlInformation" (previous value: ";TranslateGitHubUrlsInSourceControlInformation;TranslateGitLabUrlsInSourceControlInformation;TranslateAzureReposGitUrlsInSourceControlInformation") at /usr/share/dotnet/sdk/9.0.110/Sdks/Microsoft.SourceLink.Bitbucket.Git/build/Microsoft.SourceLink.Bitbucket.Git.targets (13,5)
       Property reassignment: $(DesignerRuntimeImplementationProjectOutputGroupDependsOn)="
             
             ;
             
             ;
             BuildOnlySettings;
             PrepareForBuild;
             AssignTargetPaths;
             ResolveReferences
           
           ;
             _GenerateDesignerDepsFile;
             _GenerateDesignerRuntimeConfigFile;
             GetCopyToOutputDirectoryItems;
             _GatherDesignerShadowCopyFiles;
           " (previous value: "
             ;
             
             ;
             BuildOnlySettings;
             PrepareForBuild;
             AssignTargetPaths;
             ResolveReferences
           
           ") at /usr/share/dotnet/sdk/9.0.110/Sdks/Microsoft.NET.Sdk/targets/Microsoft.NET.DesignerSupport.targets (21,5)
       Property reassignment: $(_GenerateToolsSettingsFileCacheFile)="/home/mostafa/Documents/Projects/hr-management-system/backend/HRManagementSystem/src/Core/HRManagementSystem.Domain/obj/Debug/net8.0/HRManagementSystem.Domain.toolssettingsinput.cache" (previous value: "obj\Debug/net8.0/HRManagementSystem.Domain.toolssettingsinput.cache") at /usr/share/dotnet/sdk/9.0.110/Sdks/Microsoft.NET.Sdk/targets/Microsoft.NET.PackTool.targets (68,5)
       Property reassignment: $(_ShimInputCacheFile)="/home/mostafa/Documents/Projects/hr-management-system/backend/HRManagementSystem/src/Core/HRManagementSystem.Domain/obj/Debug/net8.0/HRManagementSystem.Domain.shiminput.cache" (previous value: "obj\Debug/net8.0/HRManagementSystem.Domain.shiminput.cache") at /usr/share/dotnet/sdk/9.0.110/Sdks/Microsoft.NET.Sdk/targets/Microsoft.NET.PackTool.targets (137,5)
       Property reassignment: $(_ShimCreatedSentinelFile)="/home/mostafa/Documents/Projects/hr-management-system/backend/HRManagementSystem/src/Core/HRManagementSystem.Domain/obj/Debug/net8.0/HRManagementSystem.Domain.shimcreated.sentinel" (previous value: "obj\Debug/net8.0/HRManagementSystem.Domain.shimcreated.sentinel") at /usr/share/dotnet/sdk/9.0.110/Sdks/Microsoft.NET.Sdk/targets/Microsoft.NET.PackTool.targets (139,5)
       Property reassignment: $(DefineConstants)="TRACE;DEBUG" (previous value: "TRACE") at /usr/share/dotnet/sdk/9.0.110/Sdks/Microsoft.NET.Sdk/targets/Microsoft.NET.Sdk.CSharp.targets (31,5)
       Property reassignment: $(DefineConstants)="TRACE;DEBUG;NET;NET8_0;NETCOREAPP" (previous value: "TRACE;DEBUG") at /usr/share/dotnet/sdk/9.0.110/Sdks/Microsoft.NET.Sdk/targets/Microsoft.NET.Sdk.CSharp.targets (34,5)
       Property reassignment: $(WarningsAsErrors)=";NU1605;SYSLIB0011" (previous value: ";NU1605") at /usr/share/dotnet/sdk/9.0.110/Sdks/Microsoft.NET.Sdk/targets/Microsoft.NET.Sdk.CSharp.targets (48,5)
       Property reassignment: $(PackageDescription)="Package Description" (previous value: "") at /usr/share/dotnet/sdk/9.0.110/Sdks/NuGet.Build.Tasks.Pack/build/NuGet.Build.Tasks.Pack.targets (34,5)
       Property reassignment: $(GenerateNuspecDependsOn)="Build;_LoadPackInputItems; _GetTargetFrameworksOutput; _WalkEachTargetPerFramework; _GetPackageFiles; " (previous value: "_LoadPackInputItems; _GetTargetFrameworksOutput; _WalkEachTargetPerFramework; _GetPackageFiles; ") at /usr/share/dotnet/sdk/9.0.110/Sdks/NuGet.Build.Tasks.Pack/build/NuGet.Build.Tasks.Pack.targets (59,5)
       Property reassignment: $(_IsNotSetContainersTargetsDir)="true" (previous value: "false") at /usr/share/dotnet/sdk/9.0.110/Sdks/Microsoft.NET.Sdk/Sdk/Sdk.targets (60,5)
       Property reassignment: $(_IsSDKContainerAllowedVersion)="true" (previous value: "false") at /usr/share/dotnet/sdk/9.0.110/Containers/build/Microsoft.NET.Build.Containers.targets (5,5)
       Property reassignment: $(_ContainerIsTargetingNet8TFM)="true" (previous value: "false") at /usr/share/dotnet/sdk/9.0.110/Containers/build/Microsoft.NET.Build.Containers.targets (15,5)
       Overriding target "ResolveFrameworkReferences" in project "/usr/share/dotnet/sdk/9.0.110/Microsoft.Common.CurrentVersion.targets" with target "ResolveFrameworkReferences" from project "/usr/share/dotnet/sdk/9.0.110/Sdks/Microsoft.NET.Sdk/targets/Microsoft.NET.Sdk.FrameworkReferenceResolution.targets".
       Overriding target "Run" in project "/usr/share/dotnet/sdk/9.0.110/Microsoft.Common.CurrentVersion.targets" with target "Run" from project "/usr/share/dotnet/sdk/9.0.110/Sdks/Microsoft.NET.Sdk/targets/Microsoft.NET.Sdk.targets".
       Overriding target "GenerateSupportedTargetFrameworkAlias" in project "/usr/share/dotnet/sdk/9.0.110/Microsoft.Common.CurrentVersion.targets" with target "GenerateSupportedTargetFrameworkAlias" from project "/usr/share/dotnet/sdk/9.0.110/Sdks/Microsoft.NET.Sdk/targets/Microsoft.NET.Sdk.targets".
       Overriding target "GetReferenceAssemblyPaths" in project "/usr/share/dotnet/sdk/9.0.110/Microsoft.Common.CurrentVersion.targets" with target "GetReferenceAssemblyPaths" from project "/usr/share/dotnet/sdk/9.0.110/Sdks/Microsoft.NET.Sdk/targets/Microsoft.NET.DisableStandardFrameworkResolution.targets".
       Overriding target "GetFrameworkPaths" in project "/usr/share/dotnet/sdk/9.0.110/Microsoft.Common.CurrentVersion.targets" with target "GetFrameworkPaths" from project "/usr/share/dotnet/sdk/9.0.110/Sdks/Microsoft.NET.Sdk/targets/Microsoft.NET.DisableStandardFrameworkResolution.targets".
       Overriding target "DesignerRuntimeImplementationProjectOutputGroup" in project "/usr/share/dotnet/sdk/9.0.110/Microsoft.Common.CurrentVersion.targets" with target "DesignerRuntimeImplementationProjectOutputGroup" from project "/usr/share/dotnet/sdk/9.0.110/Sdks/Microsoft.NET.Sdk/targets/Microsoft.NET.DesignerSupport.targets".
       Overriding target "Publish" in project "/usr/share/dotnet/sdk/9.0.110/Microsoft.Common.CurrentVersion.targets" with target "Publish" from project "/usr/share/dotnet/sdk/9.0.110/Sdks/Microsoft.NET.Sdk/targets/Microsoft.NET.Publish.targets".
       Overriding target "ResolveReadyToRunCompilers" in project "/usr/share/dotnet/sdk/9.0.110/Sdks/Microsoft.NET.Sdk/targets/Microsoft.NET.CrossGen.targets" with target "ResolveReadyToRunCompilers" from project "/usr/share/dotnet/sdk/9.0.110/Sdks/Microsoft.NET.Sdk/targets/Microsoft.NET.Publish.targets".
       Overriding target "GetCopyToPublishDirectoryItems" in project "/usr/share/dotnet/sdk/9.0.110/Microsoft.Common.CurrentVersion.targets" with target "GetCopyToPublishDirectoryItems" from project "/usr/share/dotnet/sdk/9.0.110/Sdks/Microsoft.NET.Sdk/targets/Microsoft.NET.Publish.targets".
       The target "ResolveNuGetPackageAssets" listed in an AfterTargets attribute at "/home/mostafa/.nuget/packages/microsoft.extensions.options/8.0.2/buildTransitive/net6.0/Microsoft.Extensions.Options.targets (11,11)" does not exist in the project, and will be ignored.
       The target "ResolveNuGetPackageAssets" listed in an AfterTargets attribute at "/home/mostafa/.nuget/packages/microsoft.extensions.options/8.0.2/buildTransitive/net6.0/Microsoft.Extensions.Options.targets (23,11)" does not exist in the project, and will be ignored.
       The target "ResolveNuGetPackageAssets" listed in an AfterTargets attribute at "/home/mostafa/.nuget/packages/microsoft.extensions.logging.abstractions/8.0.2/buildTransitive/net6.0/Microsoft.Extensions.Logging.Abstractions.targets (11,11)" does not exist in the project, and will be ignored.
       The target "ResolveNuGetPackageAssets" listed in an AfterTargets attribute at "/home/mostafa/.nuget/packages/microsoft.extensions.logging.abstractions/8.0.2/buildTransitive/net6.0/Microsoft.Extensions.Logging.Abstractions.targets (23,11)" does not exist in the project, and will be ignored.
     1>Project "/home/mostafa/Documents/Projects/hr-management-system/backend/HRManagementSystem/HRManagementSystem.sln" (1) is building "/home/mostafa/Documents/Projects/hr-management-system/backend/HRManagementSystem/src/Core/HRManagementSystem.Domain/HRManagementSystem.Domain.csproj" (2) on node 1 (default targets).
     2>Target "_CheckForUnsupportedTargetFramework" skipped, due to false condition; ('$(_UnsupportedTargetFrameworkError)' == 'true') was evaluated as ('' == 'true').
     2>Target "_CollectTargetFrameworkForTelemetry" in file "/usr/share/dotnet/sdk/9.0.110/Sdks/Microsoft.NET.Sdk/targets/Microsoft.NET.TargetFrameworkInference.targets" from project "/home/mostafa/Documents/Projects/hr-management-system/backend/HRManagementSystem/src/Core/HRManagementSystem.Domain/HRManagementSystem.Domain.csproj" (target "_CheckForInvalidConfigurationAndPlatform" depends on it):
       Using "AllowEmptyTelemetry" task from assembly "/usr/share/dotnet/sdk/9.0.110/Sdks/Microsoft.NET.Sdk/targets/../tools/net9.0/Microsoft.NET.Build.Tasks.dll".
       Task "AllowEmptyTelemetry"
       Done executing task "AllowEmptyTelemetry".
     2>Done building target "_CollectTargetFrameworkForTelemetry" in project "HRManagementSystem.Domain.csproj".
       Target "_CheckForUnsupportedTargetPlatformIdentifier" skipped, due to false condition; ('$(TargetPlatformIdentifier)' != '' and '$(TargetFrameworkIdentifier)' == '.NETCoreApp' and $([MSBuild]::VersionGreaterThanOrEquals($(TargetFrameworkVersion), 5.0)) And ('$(DesignTimeBuild)' != 'true' Or '@(MissingWorkloadPack)' == '')) was evaluated as ('' != '' and '.NETCoreApp' == '.NETCoreApp' and True And ('' != 'true' Or '' == '')).
       Target "_CheckForMissingWorkload" skipped, due to false condition; ('@(MissingWorkloadPack)' != '' And '$(DesignTimeBuild)' != 'true') was evaluated as ('' != '' And '' != 'true').
     2>Target "_CheckForUnsupportedNETCoreVersion" in file "/usr/share/dotnet/sdk/9.0.110/Sdks/Microsoft.NET.Sdk/targets/Microsoft.NET.TargetFrameworkInference.targets" from project "/home/mostafa/Documents/Projects/hr-management-system/backend/HRManagementSystem/src/Core/HRManagementSystem.Domain/HRManagementSystem.Domain.csproj" (target "_CheckForInvalidConfigurationAndPlatform" depends on it):
       Task "NETSdkError" skipped, due to false condition; ('$(_TargetFrameworkVersionWithoutV)' > '$(NETCoreAppMaximumVersion)' and '$(DisplayVSMessage)' != 'true') was evaluated as ('8.0' > '9.0' and '' != 'true').
       Task "NETSdkError" skipped, due to false condition; ('$(DisplayVSMessage)' == 'true') was evaluated as ('' == 'true').
     2>Done building target "_CheckForUnsupportedNETCoreVersion" in project "HRManagementSystem.Domain.csproj".
       Target "_CheckForEolTargetFrameworks" skipped, due to false condition; ('@(_EolNetCoreTargetFrameworkVersions->AnyHaveMetadataValue('Identity', '$(_TargetFrameworkVersionWithoutV)'))' and '$(TargetFrameworkIdentifier)' == '.NETCoreApp' and '$(CheckEolTargetFramework)' == 'true') was evaluated as ('false' and '.NETCoreApp' == '.NETCoreApp' and '' == 'true').
       Target "_CheckForEolWorkloads" skipped, due to false condition; ('@(EolWorkload)' != '' and '$(CheckEolWorkloads)' == 'true') was evaluated as ('' != '' and 'true' == 'true').
       Target "_CheckForNotRecommendedNETStandardVersion" skipped, due to false condition; ('$(TargetFrameworkIdentifier)' == '.NETStandard' and $([MSBuild]::VersionLessThan($(TargetFrameworkVersion), '2.0'))) was evaluated as ('.NETCoreApp' == '.NETStandard' and False).
     2>Target "_CheckForUnsupportedCppNETCoreVersion" in file "/usr/share/dotnet/sdk/9.0.110/Sdks/Microsoft.NET.Sdk/targets/Microsoft.NET.TargetFrameworkInference.targets" from project "/home/mostafa/Documents/Projects/hr-management-system/backend/HRManagementSystem/src/Core/HRManagementSystem.Domain/HRManagementSystem.Domain.csproj" (target "_CheckForInvalidConfigurationAndPlatform" depends on it):
       Task "NETSdkError" skipped, due to false condition; ('$(TargetFrameworkIdentifier)' == '.NETCoreApp' and '$(_TargetFrameworkVersionWithoutV)' < '3.1' and ('$(Language)' == 'C++' and '$(_EnablePackageReferencesInVCProjects)' != 'true')) was evaluated as ('.NETCoreApp' == '.NETCoreApp' and '8.0' < '3.1' and ('C#' == 'C++' and '' != 'true')).
     2>Done building target "_CheckForUnsupportedCppNETCoreVersion" in project "HRManagementSystem.Domain.csproj".
       Target "_CheckForUnsupportedNETStandardVersion" skipped, due to false condition; ('$(TargetFrameworkIdentifier)' == '.NETStandard' And '$(NETStandardMaximumVersion)' != '') was evaluated as ('.NETCoreApp' == '.NETStandard' And '' != '').
       Target "_CheckForUnsupportedTargetFrameworkAndFeatureCombination" skipped, due to false condition; ('$(TargetFrameworkIdentifier)' == '.NETFramework') was evaluated as ('.NETCoreApp' == '.NETFramework').
       Target "_CheckForSupportedOSPlatformVersionHigherThanTargetPlatformVersion" skipped, due to false condition; ('$(TargetPlatformVersion)' != '' and '$(TargetFrameworkIdentifier)' == '.NETCoreApp' and $([MSBuild]::VersionGreaterThanOrEquals($(TargetFrameworkVersion), 5.0))) was evaluated as ('' != '' and '.NETCoreApp' == '.NETCoreApp' and True).
       Target "_CheckForInvalidTargetPlatformVersion" skipped, due to false condition; ('$(TargetPlatformVersion)' != '' and '$(TargetFrameworkIdentifier)' == '.NETCoreApp' and $([MSBuild]::VersionGreaterThanOrEquals($(TargetFrameworkVersion), 5.0)) and ('$(Language)' != 'C++' or '$(_EnablePackageReferencesInVCProjects)' == 'true')) was evaluated as ('' != '' and '.NETCoreApp' == '.NETCoreApp' and True and ('C#' != 'C++' or '' == 'true')).
     2>Target "_CheckForUnsupportedArtifactsPath" in file "/usr/share/dotnet/sdk/9.0.110/Sdks/Microsoft.NET.Sdk/targets/Microsoft.NET.DefaultOutputPaths.targets" from project "/home/mostafa/Documents/Projects/hr-management-system/backend/HRManagementSystem/src/Core/HRManagementSystem.Domain/HRManagementSystem.Domain.csproj" (target "_CheckForInvalidConfigurationAndPlatform" depends on it):
       Task "NetSdkError" skipped, due to false condition; ('$(UseArtifactsOutput)' == 'true' and '$(_ArtifactsPathSetEarly)' != 'true') was evaluated as ('' == 'true' and '' != 'true').
       Task "NetSdkError" skipped, due to false condition; ('$(_ArtifactsPathLocationType)' == 'ProjectFolder') was evaluated as ('' == 'ProjectFolder').
     2>Done building target "_CheckForUnsupportedArtifactsPath" in project "HRManagementSystem.Domain.csproj".
       Target "_CheckForMissingWorkload" skipped, due to false condition; ('@(MissingWorkloadPack)' != '' And '$(DesignTimeBuild)' != 'true') was evaluated as ('' != '' And '' != 'true').
       Target "_CheckForUnsupportedAppHostUsage" skipped, due to false condition; ('$(TargetFrameworkIdentifier)' == '.NETCoreApp' and '$(HasRuntimeOutput)' == 'true') was evaluated as ('.NETCoreApp' == '.NETCoreApp' and '' == 'true').
     2>Target "_CheckForUnsupportedHostingUsage" in file "/usr/share/dotnet/sdk/9.0.110/Sdks/Microsoft.NET.Sdk/targets/Microsoft.NET.RuntimeIdentifierInference.targets" from project "/home/mostafa/Documents/Projects/hr-management-system/backend/HRManagementSystem/src/Core/HRManagementSystem.Domain/HRManagementSystem.Domain.csproj" (target "_CheckForInvalidConfigurationAndPlatform" depends on it):
       Task "NETSdkWarning" skipped, due to false condition; ('$(SelfContained)' == 'true' and '$(EnableComHosting)' == 'true') was evaluated as ('' == 'true' and '' == 'true').
     2>Done building target "_CheckForUnsupportedHostingUsage" in project "HRManagementSystem.Domain.csproj".
     2>Target "_CheckAndUnsetUnsupportedPrefer32Bit" in file "/usr/share/dotnet/sdk/9.0.110/Sdks/Microsoft.NET.Sdk/targets/Microsoft.NET.RuntimeIdentifierInference.targets" from project "/home/mostafa/Documents/Projects/hr-management-system/backend/HRManagementSystem/src/Core/HRManagementSystem.Domain/HRManagementSystem.Domain.csproj" (target "_CheckForInvalidConfigurationAndPlatform" depends on it):
       Task "NETSdkWarning" skipped, due to false condition; ('$(Prefer32Bit)' == 'true') was evaluated as ('false' == 'true').
     2>Done building target "_CheckAndUnsetUnsupportedPrefer32Bit" in project "HRManagementSystem.Domain.csproj".
       Target "_CheckAndUnsetUnsupportedPreferNativeArm64" skipped, due to false condition; ('$(TargetFrameworkIdentifier)' == '.NETCoreApp' and '$(PreferNativeArm64)' == 'true') was evaluated as ('.NETCoreApp' == '.NETCoreApp' and 'false' == 'true').
       Target "_CheckForMismatchingPlatform" skipped, due to false condition; ('$(RuntimeIdentifier)' != '' and '$(PlatformTarget)' != '') was evaluated as ('' != '' and '' != '').
     2>Target "_CheckForLanguageAndFeatureCombinationSupport" in file "/usr/share/dotnet/sdk/9.0.110/Sdks/Microsoft.NET.Sdk/targets/Microsoft.NET.RuntimeIdentifierInference.targets" from project "/home/mostafa/Documents/Projects/hr-management-system/backend/HRManagementSystem/src/Core/HRManagementSystem.Domain/HRManagementSystem.Domain.csproj" (target "_CheckForInvalidConfigurationAndPlatform" depends on it):
       Task "NETSdkError" skipped, due to false condition; (('$(Language)' == 'C++' and '$(_EnablePackageReferencesInVCProjects)' != 'true') and $(OutputType) != 'library' and '$(TargetFrameworkIdentifier)' == '.NETCoreApp') was evaluated as (('C#' == 'C++' and '' != 'true') and Library != 'library' and '.NETCoreApp' == '.NETCoreApp').
       Task "NETSdkError" skipped, due to false condition; (('$(Language)' == 'C++' and '$(_EnablePackageReferencesInVCProjects)' != 'true') and $(EnableComHosting) == 'true') was evaluated as (('C#' == 'C++' and '' != 'true') and  == 'true').
       Task "NETSdkError" skipped, due to false condition; (('$(Language)' == 'C++' and '$(_EnablePackageReferencesInVCProjects)' != 'true') and $(SelfContained) == 'true') was evaluated as (('C#' == 'C++' and '' != 'true') and  == 'true').
     2>Done building target "_CheckForLanguageAndFeatureCombinationSupport" in project "HRManagementSystem.Domain.csproj".
       Target "_CheckForNETCoreSdkIsPreview" skipped, due to false condition; ( '$(_NETCoreSdkIsPreview)' == 'true' AND '$(SuppressNETCoreSdkPreviewMessage)' != 'true' ) was evaluated as ( 'false' == 'true' AND '' != 'true' ).
     2>Target "_GetProjectJsonPath" in file "/usr/share/dotnet/sdk/9.0.110/NuGet.targets" from project "/home/mostafa/Documents/Projects/hr-management-system/backend/HRManagementSystem/src/Core/HRManagementSystem.Domain/HRManagementSystem.Domain.csproj" (target "_GetRestoreProjectStyle" depends on it):
       Task "GetRestoreProjectJsonPathTask" skipped, due to false condition; ( '$(RestoreProjectStyle)' == 'ProjectJson' OR '$(RestoreProjectStyle)' == '' ) was evaluated as ( 'PackageReference' == 'ProjectJson' OR 'PackageReference' == '' ).
     2>Done building target "_GetProjectJsonPath" in project "HRManagementSystem.Domain.csproj".
       Target "_CheckForUnsupportedTargetPlatformIdentifier" skipped, due to false condition; ('$(TargetPlatformIdentifier)' != '' and '$(TargetFrameworkIdentifier)' == '.NETCoreApp' and $([MSBuild]::VersionGreaterThanOrEquals($(TargetFrameworkVersion), 5.0)) And ('$(DesignTimeBuild)' != 'true' Or '@(MissingWorkloadPack)' == '')) was evaluated as ('' != '' and '.NETCoreApp' == '.NETCoreApp' and True And ('' != 'true' Or '' == '')).
       Target "_CheckForMissingWorkload" skipped, due to false condition; ('@(MissingWorkloadPack)' != '' And '$(DesignTimeBuild)' != 'true') was evaluated as ('' != '' And '' != 'true').
       Target "_CheckForNotRecommendedNETStandardVersion" skipped, due to false condition; ('$(TargetFrameworkIdentifier)' == '.NETStandard' and $([MSBuild]::VersionLessThan($(TargetFrameworkVersion), '2.0'))) was evaluated as ('.NETCoreApp' == '.NETStandard' and False).
       Target "_CheckForUnsupportedNETStandardVersion" skipped, due to false condition; ('$(TargetFrameworkIdentifier)' == '.NETStandard' And '$(NETStandardMaximumVersion)' != '') was evaluated as ('.NETCoreApp' == '.NETStandard' And '' != '').
       Target "_CheckForUnsupportedTargetFrameworkAndFeatureCombination" skipped, due to false condition; ('$(TargetFrameworkIdentifier)' == '.NETFramework') was evaluated as ('.NETCoreApp' == '.NETFramework').
     2>Target "UpdateAspNetToFrameworkReference" in file "/usr/share/dotnet/sdk/9.0.110/Sdks/Microsoft.NET.Sdk/targets/Microsoft.NET.Sdk.DefaultItems.Shared.targets" from project "/home/mostafa/Documents/Projects/hr-management-system/backend/HRManagementSystem/src/Core/HRManagementSystem.Domain/HRManagementSystem.Domain.csproj" (target "ApplyImplicitVersions" depends on it):
       Using "CheckIfPackageReferenceShouldBeFrameworkReference" task from assembly "/usr/share/dotnet/sdk/9.0.110/Sdks/Microsoft.NET.Sdk/targets/../tools/net9.0/Microsoft.NET.Build.Tasks.dll".
       Task "CheckIfPackageReferenceShouldBeFrameworkReference"
       Done executing task "CheckIfPackageReferenceShouldBeFrameworkReference".
       Task "NETSdkError" skipped, due to false condition; ('$(_ShouldRemoveAspNetCoreAll)' == 'true') was evaluated as ('False' == 'true').
       Task "CheckIfPackageReferenceShouldBeFrameworkReference"
       Done executing task "CheckIfPackageReferenceShouldBeFrameworkReference".
       Task "NETSdkWarning" skipped, due to false condition; ('$(_ShouldRemoveAspNetCoreApp)' == 'true') was evaluated as ('False' == 'true').
     2>Done building target "UpdateAspNetToFrameworkReference" in project "HRManagementSystem.Domain.csproj".
       Target "IncludeTargetingPackReference" skipped, due to false condition; ('$(TargetFrameworkMoniker)' != '' and '$(TargetFrameworkIdentifier)' == '.NETFramework' and '$(AutomaticallyUseReferenceAssemblyPackages)' == 'true') was evaluated as ('.NETCoreApp,Version=v8.0' != '' and '.NETCoreApp' == '.NETFramework' and 'true' == 'true').
     2>Target "CheckForImplicitPackageReferenceOverrides" in file "/usr/share/dotnet/sdk/9.0.110/Sdks/Microsoft.NET.Sdk/targets/Microsoft.NET.Sdk.DefaultItems.Shared.targets" from project "/home/mostafa/Documents/Projects/hr-management-system/backend/HRManagementSystem/src/Core/HRManagementSystem.Domain/HRManagementSystem.Domain.csproj" (target "ApplyImplicitVersions" depends on it):
       Using "CheckForImplicitPackageReferenceOverrides" task from assembly "/usr/share/dotnet/sdk/9.0.110/Sdks/Microsoft.NET.Sdk/targets/../tools/net9.0/Microsoft.NET.Build.Tasks.dll".
       Task "CheckForImplicitPackageReferenceOverrides"
       Done executing task "CheckForImplicitPackageReferenceOverrides".
     2>Done building target "CheckForImplicitPackageReferenceOverrides" in project "HRManagementSystem.Domain.csproj".
     2>Target "ApplyImplicitVersions" in file "/usr/share/dotnet/sdk/9.0.110/Sdks/Microsoft.NET.Sdk/targets/Microsoft.NET.Sdk.DefaultItems.Shared.targets" from project "/home/mostafa/Documents/Projects/hr-management-system/backend/HRManagementSystem/src/Core/HRManagementSystem.Domain/HRManagementSystem.Domain.csproj" (target "CollectPackageReferences" depends on it):
       Using "ApplyImplicitVersions" task from assembly "/usr/share/dotnet/sdk/9.0.110/Sdks/Microsoft.NET.Sdk/targets/../tools/net9.0/Microsoft.NET.Build.Tasks.dll".
       Task "ApplyImplicitVersions"
       Done executing task "ApplyImplicitVersions".
     2>Done building target "ApplyImplicitVersions" in project "HRManagementSystem.Domain.csproj".
       Target "CheckForImplicitPackageReferenceOverrides" skipped. Previously built successfully.
       Target "AddWindowsSdkKnownFrameworkReferences" skipped, due to false condition; ('$(TargetFrameworkIdentifier)' == '.NETCoreApp' And '$(TargetPlatformIdentifier)' == 'Windows') was evaluated as ('.NETCoreApp' == '.NETCoreApp' And '' == 'Windows').
       Target "_NormalizeTargetPlatformVersion" skipped, due to false condition; ('$(TargetPlatformVersion)' != '' and '$(TargetFrameworkIdentifier)' == '.NETCoreApp' and $([MSBuild]::VersionGreaterThanOrEquals($(TargetFrameworkVersion), 5.0)) and ('$(Language)' != 'C++' or '$(_EnablePackageReferencesInVCProjects)' == 'true')) was evaluated as ('' != '' and '.NETCoreApp' == '.NETCoreApp' and True and ('C#' != 'C++' or '' == 'true')).
     2>Target "_ComputeToolPackInputsToProcessFrameworkReferences" in file "/usr/share/dotnet/sdk/9.0.110/Sdks/Microsoft.NET.Sdk/targets/Microsoft.NET.Publish.targets" from project "/home/mostafa/Documents/Projects/hr-management-system/backend/HRManagementSystem/src/Core/HRManagementSystem.Domain/HRManagementSystem.Domain.csproj" (target "ProcessFrameworkReferences" depends on it):
     2>Done building target "_ComputeToolPackInputsToProcessFrameworkReferences" in project "HRManagementSystem.Domain.csproj".
     2>Target "ProcessFrameworkReferences" in file "/usr/share/dotnet/sdk/9.0.110/Sdks/Microsoft.NET.Sdk/targets/Microsoft.NET.Sdk.FrameworkReferenceResolution.targets" from project "/home/mostafa/Documents/Projects/hr-management-system/backend/HRManagementSystem/src/Core/HRManagementSystem.Domain/HRManagementSystem.Domain.csproj" (target "CollectPackageReferences" depends on it):
       Using "CheckForDuplicateFrameworkReferences" task from assembly "/usr/share/dotnet/sdk/9.0.110/Sdks/Microsoft.NET.Sdk/targets/../tools/net9.0/Microsoft.NET.Build.Tasks.dll".
       Task "CheckForDuplicateFrameworkReferences"
     0>/usr/share/dotnet/sdk/9.0.110/Sdks/Microsoft.NET.Sdk/Sdk/Sdk.props(49,11): message : Property 'MSBuildExtensionsPath' with value '/usr/share/dotnet/sdk/9.0.110/' expanded from the environment.
     2>Done executing task "CheckForDuplicateFrameworkReferences".
       Using "ProcessFrameworkReferences" task from assembly "/usr/share/dotnet/sdk/9.0.110/Sdks/Microsoft.NET.Sdk/targets/../tools/net9.0/Microsoft.NET.Build.Tasks.dll".
       Task "ProcessFrameworkReferences"
     0>The SDK "Microsoft.NET.Sdk.Web" was successfully resolved by the "DefaultSdkResolver" resolver to location "/usr/share/dotnet/sdk/9.0.110/Sdks/Microsoft.NET.Sdk.Web/Sdk" and version "".
       /usr/share/dotnet/sdk/9.0.110/Sdks/Microsoft.NET.Sdk/Sdk/Sdk.props(49,11): message : Property 'MSBuildExtensionsPath' with value '/usr/share/dotnet/sdk/9.0.110/' expanded from the environment.
       Property reassignment: $(MSBuildProjectExtensionsPath)="/home/mostafa/Documents/Projects/hr-management-system/backend/HRManagementSystem/src/Core/HRManagementSystem.Application/obj/" (previous value: "obj\") at /usr/share/dotnet/sdk/9.0.110/Current/Microsoft.Common.props (60,5)
       Assembly loaded during Evaluation: System.Runtime.Loader, Version=9.0.0.0, Culture=neutral, PublicKeyToken=b03f5f7f11d50a3a (location: /usr/share/dotnet/shared/Microsoft.NETCore.App/9.0.9/System.Runtime.Loader.dll, MVID: e9b30a66-48c1-4bb0-a647-13e28080f876, AssemblyLoadContext: Default)
       Assembly loaded during Evaluation: System.Threading.Tasks.Parallel, Version=9.0.0.0, Culture=neutral, PublicKeyToken=b03f5f7f11d50a3a (location: /usr/share/dotnet/shared/Microsoft.NETCore.App/9.0.9/System.Threading.Tasks.Parallel.dll, MVID: 2d2ab50d-b5bd-4fb4-bb75-53ac9b5b6390, AssemblyLoadContext: Default)
       /usr/share/dotnet/sdk/9.0.110/Current/Microsoft.Common.props(84,119): message : Property 'MSBuildUserExtensionsPath' with value '/home/mostafa/.local/share/Microsoft\MSBuild' expanded from the environment.
       The "Configuration" property is a global property, and cannot be modified.
       The "Platform" property is a global property, and cannot be modified.
       The "Configuration" property is a global property, and cannot be modified.
       The "Platform" property is a global property, and cannot be modified.
       Assembly loaded during Evaluation: System.Runtime.Loader, Version=9.0.0.0, Culture=neutral, PublicKeyToken=b03f5f7f11d50a3a (location: /usr/share/dotnet/shared/Microsoft.NETCore.App/9.0.9/System.Runtime.Loader.dll, MVID: e9b30a66-48c1-4bb0-a647-13e28080f876, AssemblyLoadContext: Default)
       Assembly loaded during Evaluation: Microsoft.Win32.Registry, Version=9.0.0.0, Culture=neutral, PublicKeyToken=b03f5f7f11d50a3a (location: /usr/share/dotnet/shared/Microsoft.NETCore.App/9.0.9/Microsoft.Win32.Registry.dll, MVID: 5b7034bd-db07-4e56-a9d2-6e26c42cbe35, AssemblyLoadContext: Default)
       Property reassignment: $(AssemblySearchPaths)="{CandidateAssemblyFiles};{HintPathFromItem}" (previous value: "{CandidateAssemblyFiles}") at /usr/share/dotnet/sdk/9.0.110/Sdks/Microsoft.NET.Sdk/targets/Microsoft.NET.Sdk.props (90,5)
       Property reassignment: $(AssemblySearchPaths)="{CandidateAssemblyFiles};{HintPathFromItem};{TargetFrameworkDirectory}" (previous value: "{CandidateAssemblyFiles};{HintPathFromItem}") at /usr/share/dotnet/sdk/9.0.110/Sdks/Microsoft.NET.Sdk/targets/Microsoft.NET.Sdk.props (91,5)
       Property reassignment: $(AssemblySearchPaths)="{CandidateAssemblyFiles};{HintPathFromItem};{TargetFrameworkDirectory};{RawFileName}" (previous value: "{CandidateAssemblyFiles};{HintPathFromItem};{TargetFrameworkDirectory}") at /usr/share/dotnet/sdk/9.0.110/Sdks/Microsoft.NET.Sdk/targets/Microsoft.NET.Sdk.props (92,5)
       Assembly loaded during Evaluation: NuGet.Frameworks, Version=6.12.4.32767, Culture=neutral, PublicKeyToken=31bf3856ad364e35 (location: /usr/share/dotnet/sdk/9.0.110/NuGet.Frameworks.dll, MVID: 0469e32d-61e4-4ba5-8c71-12e390cce64c, AssemblyLoadContext: Assembly.LoadFile(/usr/share/dotnet/sdk/9.0.110/NuGet.Frameworks.dll))
       Property reassignment: $(MSBuildProjectExtensionsPath)="/home/mostafa/Documents/Projects/hr-management-system/backend/HRManagementSystem/src/Infrastructure/HRManagementSystem.Infrastructure/obj/" (previous value: "obj\") at /usr/share/dotnet/sdk/9.0.110/Current/Microsoft.Common.props (60,5)
       Assembly loaded during Evaluation: System.Runtime.Loader, Version=9.0.0.0, Culture=neutral, PublicKeyToken=b03f5f7f11d50a3a (location: /usr/share/dotnet/shared/Microsoft.NETCore.App/9.0.9/System.Runtime.Loader.dll, MVID: e9b30a66-48c1-4bb0-a647-13e28080f876, AssemblyLoadContext: Default)
       Assembly loaded during Evaluation: System.Threading.Tasks.Parallel, Version=9.0.0.0, Culture=neutral, PublicKeyToken=b03f5f7f11d50a3a (location: /usr/share/dotnet/shared/Microsoft.NETCore.App/9.0.9/System.Threading.Tasks.Parallel.dll, MVID: 2d2ab50d-b5bd-4fb4-bb75-53ac9b5b6390, AssemblyLoadContext: Default)
       /usr/share/dotnet/sdk/9.0.110/Current/Microsoft.Common.props(84,119): message : Property 'MSBuildUserExtensionsPath' with value '/home/mostafa/.local/share/Microsoft\MSBuild' expanded from the environment.
       The "Configuration" property is a global property, and cannot be modified.
       The "Platform" property is a global property, and cannot be modified.
       /usr/share/dotnet/sdk/9.0.110/Sdks/Microsoft.NET.Sdk/Sdk/Sdk.props(49,11): message : Property 'MSBuildExtensionsPath' with value '/usr/share/dotnet/sdk/9.0.110/' expanded from the environment.
       The "Configuration" property is a global property, and cannot be modified.
       The "Platform" property is a global property, and cannot be modified.
       Property reassignment: $(AssemblySearchPaths)="{CandidateAssemblyFiles};{HintPathFromItem}" (previous value: "{CandidateAssemblyFiles}") at /usr/share/dotnet/sdk/9.0.110/Sdks/Microsoft.NET.Sdk/targets/Microsoft.NET.Sdk.props (90,5)
       Property reassignment: $(AssemblySearchPaths)="{CandidateAssemblyFiles};{HintPathFromItem};{TargetFrameworkDirectory}" (previous value: "{CandidateAssemblyFiles};{HintPathFromItem}") at /usr/share/dotnet/sdk/9.0.110/Sdks/Microsoft.NET.Sdk/targets/Microsoft.NET.Sdk.props (91,5)
       Property reassignment: $(AssemblySearchPaths)="{CandidateAssemblyFiles};{HintPathFromItem};{TargetFrameworkDirectory};{RawFileName}" (previous value: "{CandidateAssemblyFiles};{HintPathFromItem};{TargetFrameworkDirectory}") at /usr/share/dotnet/sdk/9.0.110/Sdks/Microsoft.NET.Sdk/targets/Microsoft.NET.Sdk.props (92,5)
       Property reassignment: $(TargetsForTfmSpecificContentInPackage)=";PackTool;_PackProjectToolValidation" (previous value: ";PackTool") at /usr/share/dotnet/sdk/9.0.110/Sdks/Microsoft.NET.Sdk/targets/Microsoft.NET.PackProjectTool.props (15,5)
       The "Configuration" property is a global property, and cannot be modified.
       The "Platform" property is a global property, and cannot be modified.
       Property reassignment: $(PublishProfileImported)="false" (previous value: "true") at /usr/share/dotnet/sdk/9.0.110/Sdks/Microsoft.NET.Sdk/targets/Microsoft.NET.Sdk.ImportPublishProfile.targets (28,5)
       Assembly loaded during Evaluation: Microsoft.Win32.Registry, Version=9.0.0.0, Culture=neutral, PublicKeyToken=b03f5f7f11d50a3a (location: /usr/share/dotnet/shared/Microsoft.NETCore.App/9.0.9/Microsoft.Win32.Registry.dll, MVID: 5b7034bd-db07-4e56-a9d2-6e26c42cbe35, AssemblyLoadContext: Default)
       Assembly loaded during Evaluation: NuGet.Frameworks, Version=6.12.4.32767, Culture=neutral, PublicKeyToken=31bf3856ad364e35 (location: /usr/share/dotnet/sdk/9.0.110/NuGet.Frameworks.dll, MVID: 0469e32d-61e4-4ba5-8c71-12e390cce64c, AssemblyLoadContext: Assembly.LoadFile(/usr/share/dotnet/sdk/9.0.110/NuGet.Frameworks.dll))
       Property reassignment: $(MSBuildProjectExtensionsPath)="/home/mostafa/Documents/Projects/hr-management-system/backend/HRManagementSystem/src/Presentation/HRManagementSystem.WebApi/obj/" (previous value: "obj\") at /usr/share/dotnet/sdk/9.0.110/Current/Microsoft.Common.props (60,5)
       Assembly loaded during Evaluation: System.Threading.Tasks.Parallel, Version=9.0.0.0, Culture=neutral, PublicKeyToken=b03f5f7f11d50a3a (location: /usr/share/dotnet/shared/Microsoft.NETCore.App/9.0.9/System.Threading.Tasks.Parallel.dll, MVID: 2d2ab50d-b5bd-4fb4-bb75-53ac9b5b6390, AssemblyLoadContext: Default)
     2>Done executing task "ProcessFrameworkReferences".
       Using "ResolveAppHosts" task from assembly "/usr/share/dotnet/sdk/9.0.110/Sdks/Microsoft.NET.Sdk/targets/../tools/net9.0/Microsoft.NET.Build.Tasks.dll".
       Task "ResolveAppHosts"
       Done executing task "ResolveAppHosts".
     2>Done building target "ProcessFrameworkReferences" in project "HRManagementSystem.Domain.csproj".
       Target "IncludeTargetingPackReference" skipped, due to false condition; ('$(TargetFrameworkMoniker)' != '' and '$(TargetFrameworkIdentifier)' == '.NETFramework' and '$(AutomaticallyUseReferenceAssemblyPackages)' == 'true') was evaluated as ('.NETCoreApp,Version=v8.0' != '' and '.NETCoreApp' == '.NETFramework' and 'true' == 'true').
       Target "_CheckMicrosoftNetCompilersToolsetFrameworkPackageReference" skipped, due to false condition; ('$(MSBuildRuntimeType)' == 'Full') was evaluated as ('Core' == 'Full').
     2>Target "_CheckForObsoleteDotNetCliToolReferences" in file "/usr/share/dotnet/sdk/9.0.110/Sdks/Microsoft.NET.Sdk/targets/Microsoft.NET.ObsoleteReferences.targets" from project "/home/mostafa/Documents/Projects/hr-management-system/backend/HRManagementSystem/src/Core/HRManagementSystem.Domain/HRManagementSystem.Domain.csproj" (target "CollectPackageReferences" depends on it):
       Task "NETSdkWarning" skipped, due to false condition; ( '%(_ReferenceToObsoleteDotNetCliTool.Identity)' != '' ) was evaluated as ( '' != '' ).
     2>Done building target "_CheckForObsoleteDotNetCliToolReferences" in project "HRManagementSystem.Domain.csproj".
     0>Property reassignment: $(OpenApiGenerateDocumentsOnBuild)="false" (previous value: "") at /home/mostafa/.nuget/packages/swashbuckle.aspnetcore/6.8.1/build/Swashbuckle.AspNetCore.props (3,5)
       /usr/share/dotnet/sdk/9.0.110/Current/Microsoft.Common.props(84,119): message : Property 'MSBuildUserExtensionsPath' with value '/home/mostafa/.local/share/Microsoft\MSBuild' expanded from the environment.
     2>Target "CollectPackageReferences" in file "/usr/share/dotnet/sdk/9.0.110/NuGet.targets" from project "/home/mostafa/Documents/Projects/hr-management-system/backend/HRManagementSystem/src/Core/HRManagementSystem.Domain/HRManagementSystem.Domain.csproj" (target "_GetRestoreProjectStyle" depends on it):
     2>Assembly loaded during TaskRun: NuGet.Build.Tasks, Version=6.12.4.32767, Culture=neutral, PublicKeyToken=31bf3856ad364e35 (location: /usr/share/dotnet/sdk/9.0.110/NuGet.Build.Tasks.dll, MVID: 6a543de4-2238-4135-9864-c463b6cb5831, AssemblyLoadContext: MSBuild plugin /usr/share/dotnet/sdk/9.0.110/NuGet.Build.Tasks.dll)
       Assembly loaded during TaskRun: NuGet.Common, Version=6.12.4.32767, Culture=neutral, PublicKeyToken=31bf3856ad364e35 (location: /usr/share/dotnet/sdk/9.0.110/NuGet.Common.dll, MVID: 13c97386-33e1-4db0-9fd0-9b7567324670, AssemblyLoadContext: MSBuild plugin /usr/share/dotnet/sdk/9.0.110/NuGet.Build.Tasks.dll)
     0>The "Configuration" property is a global property, and cannot be modified.
       The "Platform" property is a global property, and cannot be modified.
       Property reassignment: $(TargetsForTfmSpecificContentInPackage)=";PackTool;_PackProjectToolValidation" (previous value: ";PackTool") at /usr/share/dotnet/sdk/9.0.110/Sdks/Microsoft.NET.Sdk/targets/Microsoft.NET.PackProjectTool.props (15,5)
     2>CollectPackageReferences:
       Assembly loaded during TaskRun: NuGet.Commands, Version=6.12.4.32767, Culture=neutral, PublicKeyToken=31bf3856ad364e35 (location: /usr/share/dotnet/sdk/9.0.110/NuGet.Commands.dll, MVID: 0f5e76bb-d137-45d9-b522-d97d396e2b89, AssemblyLoadContext: MSBuild plugin /usr/share/dotnet/sdk/9.0.110/NuGet.Build.Tasks.dll)
       Assembly loaded during TaskRun: NuGet.ProjectModel, Version=6.12.4.32767, Culture=neutral, PublicKeyToken=31bf3856ad364e35 (location: /usr/share/dotnet/sdk/9.0.110/NuGet.ProjectModel.dll, MVID: 73ff4b58-cb52-4aa8-9028-4e73eee9ec35, AssemblyLoadContext: MSBuild plugin /usr/share/dotnet/sdk/9.0.110/NuGet.Build.Tasks.dll)
       Using "CheckForDuplicateNuGetItemsTask" task from assembly "/usr/share/dotnet/sdk/9.0.110/NuGet.Build.Tasks.dll".
       Task "CheckForDuplicateNuGetItemsTask"
       Done executing task "CheckForDuplicateNuGetItemsTask".
     2>Done building target "CollectPackageReferences" in project "HRManagementSystem.Domain.csproj".
     2>Target "_GetRestoreProjectStyle" in file "/usr/share/dotnet/sdk/9.0.110/NuGet.targets" from project "/home/mostafa/Documents/Projects/hr-management-system/backend/HRManagementSystem/src/Core/HRManagementSystem.Domain/HRManagementSystem.Domain.csproj" (target "EnableIntermediateOutputPathMismatchWarning" depends on it):
       Using "GetRestoreProjectStyleTask" task from assembly "/usr/share/dotnet/sdk/9.0.110/NuGet.Build.Tasks.dll".
       Task "GetRestoreProjectStyleTask"
     0>The "Configuration" property is a global property, and cannot be modified.
       The "Platform" property is a global property, and cannot be modified.
       The "Configuration" property is a global property, and cannot be modified.
       The "Platform" property is a global property, and cannot be modified.
       Property reassignment: $(AssemblySearchPaths)="{CandidateAssemblyFiles};{HintPathFromItem}" (previous value: "{CandidateAssemblyFiles}") at /usr/share/dotnet/sdk/9.0.110/Sdks/Microsoft.NET.Sdk/targets/Microsoft.NET.Sdk.props (90,5)
       Property reassignment: $(AssemblySearchPaths)="{CandidateAssemblyFiles};{HintPathFromItem};{TargetFrameworkDirectory}" (previous value: "{CandidateAssemblyFiles};{HintPathFromItem}") at /usr/share/dotnet/sdk/9.0.110/Sdks/Microsoft.NET.Sdk/targets/Microsoft.NET.Sdk.props (91,5)
       Property reassignment: $(TargetPlatformVersion)="" (previous value: "0.0") at /usr/share/dotnet/sdk/9.0.110/Sdks/Microsoft.NET.Sdk/targets/Microsoft.NET.TargetFrameworkInference.targets (69,5)
       Property reassignment: $(AssemblySearchPaths)="{CandidateAssemblyFiles};{HintPathFromItem};{TargetFrameworkDirectory};{RawFileName}" (previous value: "{CandidateAssemblyFiles};{HintPathFromItem};{TargetFrameworkDirectory}") at /usr/share/dotnet/sdk/9.0.110/Sdks/Microsoft.NET.Sdk/targets/Microsoft.NET.Sdk.props (92,5)
       Property reassignment: $(PublishProfileImported)="false" (previous value: "true") at /usr/share/dotnet/sdk/9.0.110/Sdks/Microsoft.NET.Sdk/targets/Microsoft.NET.Sdk.ImportPublishProfile.targets (28,5)
     2>Done executing task "GetRestoreProjectStyleTask".
     2>Done building target "_GetRestoreProjectStyle" in project "HRManagementSystem.Domain.csproj".
     2>Target "EnableIntermediateOutputPathMismatchWarning" in file "/usr/share/dotnet/sdk/9.0.110/NuGet.targets" from project "/home/mostafa/Documents/Projects/hr-management-system/backend/HRManagementSystem/src/Core/HRManagementSystem.Domain/HRManagementSystem.Domain.csproj" (target "_CheckForInvalidConfigurationAndPlatform" depends on it):
     2>Done building target "EnableIntermediateOutputPathMismatchWarning" in project "HRManagementSystem.Domain.csproj".
       Target "ApplyImplicitVersions" skipped. Previously built successfully.
       Target "CheckForImplicitPackageReferenceOverrides" skipped. Previously built successfully.
     2>Target "CheckForDuplicateItems" in file "/usr/share/dotnet/sdk/9.0.110/Sdks/Microsoft.NET.Sdk/targets/Microsoft.NET.Sdk.DefaultItems.Shared.targets" from project "/home/mostafa/Documents/Projects/hr-management-system/backend/HRManagementSystem/src/Core/HRManagementSystem.Domain/HRManagementSystem.Domain.csproj" (target "_CheckForInvalidConfigurationAndPlatform" depends on it):
       Using "CheckForDuplicateItems" task from assembly "/usr/share/dotnet/sdk/9.0.110/Sdks/Microsoft.NET.Sdk/targets/../tools/net9.0/Microsoft.NET.Build.Tasks.dll".
       Task "CheckForDuplicateItems"
     0>Assembly loaded during Evaluation: Microsoft.Win32.Registry, Version=9.0.0.0, Culture=neutral, PublicKeyToken=b03f5f7f11d50a3a (location: /usr/share/dotnet/shared/Microsoft.NETCore.App/9.0.9/Microsoft.Win32.Registry.dll, MVID: 5b7034bd-db07-4e56-a9d2-6e26c42cbe35, AssemblyLoadContext: Default)
     2>Done executing task "CheckForDuplicateItems".
       Task "CheckForDuplicateItems"
     0>Property reassignment: $(DefaultItemExcludes)=";bin\Debug//**;obj\Debug//**" (previous value: ";bin\Debug//**") at /usr/share/dotnet/sdk/9.0.110/Sdks/Microsoft.NET.Sdk/targets/Microsoft.NET.DefaultOutputPaths.targets (122,5)
       Property reassignment: $(OutputPath)="bin\Debug/net8.0/" (previous value: "bin\Debug/") at /usr/share/dotnet/sdk/9.0.110/Sdks/Microsoft.NET.Sdk/targets/Microsoft.NET.DefaultOutputPaths.targets (137,5)
       Assembly loaded during Evaluation: NuGet.Frameworks, Version=6.12.4.32767, Culture=neutral, PublicKeyToken=31bf3856ad364e35 (location: /usr/share/dotnet/sdk/9.0.110/NuGet.Frameworks.dll, MVID: 0469e32d-61e4-4ba5-8c71-12e390cce64c, AssemblyLoadContext: Assembly.LoadFile(/usr/share/dotnet/sdk/9.0.110/NuGet.Frameworks.dll))
       Property reassignment: $(IntermediateOutputPath)="obj\Debug/net8.0/" (previous value: "obj\Debug/") at /usr/share/dotnet/sdk/9.0.110/Sdks/Microsoft.NET.Sdk/targets/Microsoft.NET.DefaultOutputPaths.targets (142,5)
     2>Done executing task "CheckForDuplicateItems".
       Task "CheckForDuplicateItems"
     0>Property reassignment: $(TargetPlatformVersion)="" (previous value: "0.0") at /usr/share/dotnet/sdk/9.0.110/Sdks/Microsoft.NET.Sdk/targets/Microsoft.NET.TargetFrameworkInference.targets (69,5)
       Property reassignment: $(_FrameworkIdentifierForImplicitDefine)="NET" (previous value: "NETCOREAPP") at /usr/share/dotnet/sdk/9.0.110/Sdks/Microsoft.NET.Sdk/targets/Microsoft.NET.Sdk.BeforeCommon.targets (187,5)
       Property reassignment: $(_FrameworkVersionForImplicitDefine)="8_0" (previous value: "8.0") at /usr/share/dotnet/sdk/9.0.110/Sdks/Microsoft.NET.Sdk/targets/Microsoft.NET.Sdk.BeforeCommon.targets (192,5)
       Property reassignment: $(DefaultItemExcludes)=";bin\Debug//**;obj\Debug//**" (previous value: ";bin\Debug//**") at /usr/share/dotnet/sdk/9.0.110/Sdks/Microsoft.NET.Sdk/targets/Microsoft.NET.DefaultOutputPaths.targets (122,5)
       Property reassignment: $(CommandLineArgsForDesignTimeEvaluation)="-langversion:12.0 -define:TRACE" (previous value: "-langversion:12.0") at /usr/share/dotnet/sdk/9.0.110/Roslyn/Microsoft.CSharp.Core.targets (205,5)
       Property reassignment: $(OutputPath)="bin\Debug/net8.0/" (previous value: "bin\Debug/") at /usr/share/dotnet/sdk/9.0.110/Sdks/Microsoft.NET.Sdk/targets/Microsoft.NET.DefaultOutputPaths.targets (137,5)
       Property reassignment: $(IntermediateOutputPath)="obj\Debug/net8.0/" (previous value: "obj\Debug/") at /usr/share/dotnet/sdk/9.0.110/Sdks/Microsoft.NET.Sdk/targets/Microsoft.NET.DefaultOutputPaths.targets (142,5)
     2>Done executing task "CheckForDuplicateItems".
     2>Done building target "CheckForDuplicateItems" in project "HRManagementSystem.Domain.csproj".
       Target "WarnForExplicitVersions" skipped, due to false condition; ('@(SdkBuildWarning)' != '') was evaluated as ('' != '').
       Target "_CheckForFailedSDKResolution" skipped, due to false condition; ('$(SdkResolverHonoredGlobalJson)' == 'false') was evaluated as ('' == 'false').
       Target "_WarnWhenUsingNET9AndVSPriorTo1712" skipped, due to false condition; ($([MSBuild]::VersionLessThan($(MSBuildVersion), '17.12.0')) and '$(TargetFrameworkIdentifier)' == '.NETCoreApp' and $([MSBuild]::VersionGreaterThanOrEquals($(_TargetFrameworkVersionWithoutV), '9.0'))) was evaluated as (False and '.NETCoreApp' == '.NETCoreApp' and False).
       Target "_CheckForInvalidWindowsDesktopTargetingConfiguration" skipped, due to false condition; ('$(TargetFrameworkIdentifier)' == '.NETCoreApp' and $([MSBuild]::VersionGreaterThanOrEquals($(_TargetFrameworkVersionWithoutV), '5.0')) and ('$(UseWindowsForms)' == 'true' or '$(UseWPF)' == 'true')) was evaluated as ('.NETCoreApp' == '.NETCoreApp' and True and ('' == 'true' or '' == 'true')).
       Target "_CheckForUnnecessaryWindowsDesktopSDK" skipped, due to false condition; ('$(TargetFrameworkIdentifier)' == '.NETCoreApp' and $([MSBuild]::VersionGreaterThanOrEquals($(_TargetFrameworkVersionWithoutV), '5.0')) and '$(_MicrosoftWindowsDesktopSdkImported)' == 'true' and '$(TargetFrameworks)' == '') was evaluated as ('.NETCoreApp' == '.NETCoreApp' and True and '' == 'true' and '' == '').
       Target "ProcessFrameworkReferences" skipped. Previously built successfully.
       Target "IncludeTargetingPackReference" skipped, due to false condition; ('$(TargetFrameworkMoniker)' != '' and '$(TargetFrameworkIdentifier)' == '.NETFramework' and '$(AutomaticallyUseReferenceAssemblyPackages)' == 'true') was evaluated as ('.NETCoreApp,Version=v8.0' != '' and '.NETCoreApp' == '.NETFramework' and 'true' == 'true').
     2>Target "_CheckForInvalidConfigurationAndPlatform" in file "/usr/share/dotnet/sdk/9.0.110/Microsoft.Common.CurrentVersion.targets" from project "/home/mostafa/Documents/Projects/hr-management-system/backend/HRManagementSystem/src/Core/HRManagementSystem.Domain/HRManagementSystem.Domain.csproj" (target "BeforeBuild" depends on it):
       Task "Error" skipped, due to false condition; ( '$(_InvalidConfigurationError)' == 'true' ) was evaluated as ( '' == 'true' ).
       Task "Warning" skipped, due to false condition; ( '$(_InvalidConfigurationWarning)' == 'true' ) was evaluated as ( '' == 'true' ).
       Using "Message" task from assembly "Microsoft.Build.Tasks.Core, Version=15.1.0.0, Culture=neutral, PublicKeyToken=b03f5f7f11d50a3a".
       Task "Message"
         Configuration=Debug
       Done executing task "Message".
       Task "Message"
         Platform=AnyCPU
       Done executing task "Message".
       Task "Error" skipped, due to false condition; ('$(OutDir)' != '' and !HasTrailingSlash('$(OutDir)')) was evaluated as ('bin/Debug/net8.0/' != '' and !HasTrailingSlash('bin/Debug/net8.0/')).
       Task "Error" skipped, due to false condition; ('$(IntermediateOutputPath)' != '' and !HasTrailingSlash('$(IntermediateOutputPath)')) was evaluated as ('obj/Debug/net8.0/' != '' and !HasTrailingSlash('obj/Debug/net8.0/')).
       Task "Error" skipped, due to false condition; ('$(BaseIntermediateOutputPath)' != '' and !HasTrailingSlash('$(BaseIntermediateOutputPath)')) was evaluated as ('obj/' != '' and !HasTrailingSlash('obj/')).
       Task "MSBuildInternalMessage" skipped, due to false condition; ( '$(Prefer32Bit)' == 'true' and '$(PreferNativeArm64)' == 'true' ) was evaluated as ( 'false' == 'true' and 'false' == 'true' ).
       Task "MSBuildInternalMessage" skipped, due to false condition; ( '$(NoWin32Manifest)' == 'true' and '$(PreferNativeArm64)' == 'true' ) was evaluated as ( '' == 'true' and 'false' == 'true' ).
       Task "MSBuildInternalMessage" skipped, due to false condition; ( '$(PreferNativeArm64)' == 'true' and '$(Platform)' != 'AnyCPU' ) was evaluated as ( 'false' == 'true' and 'AnyCPU' != 'AnyCPU' ).
       Task "Error" skipped, due to false condition; ( '$(_InitialMSBuildProjectExtensionsPath)' != '' And '$(MSBuildProjectExtensionsPath)' != '$(_InitialMSBuildProjectExtensionsPath)' ) was evaluated as ( '/home/mostafa/Documents/Projects/hr-management-system/backend/HRManagementSystem/src/Core/HRManagementSystem.Domain/obj/' != '' And '/home/mostafa/Documents/Projects/hr-management-system/backend/HRManagementSystem/src/Core/HRManagementSystem.Domain/obj/' != '/home/mostafa/Documents/Projects/hr-management-system/backend/HRManagementSystem/src/Core/HRManagementSystem.Domain/obj/' ).
       Task "Warning" skipped, due to false condition; ( '$(EnableBaseIntermediateOutputPathMismatchWarning)' == 'true' And '$(_InitialBaseIntermediateOutputPath)' != '$(BaseIntermediateOutputPath)' And '$(BaseIntermediateOutputPath)' != '$(MSBuildProjectExtensionsPath)' ) was evaluated as ( 'true' == 'true' And 'obj/' != 'obj/' And 'obj/' != '/home/mostafa/Documents/Projects/hr-management-system/backend/HRManagementSystem/src/Core/HRManagementSystem.Domain/obj/' ).
     2>Done building target "_CheckForInvalidConfigurationAndPlatform" in project "HRManagementSystem.Domain.csproj".
     2>Target "ValidateCommandLineProperties" in file "/usr/share/dotnet/sdk/9.0.110/Sdks/Microsoft.NET.Sdk/targets/Microsoft.NET.Sdk.targets" from project "/home/mostafa/Documents/Projects/hr-management-system/backend/HRManagementSystem/src/Core/HRManagementSystem.Domain/HRManagementSystem.Domain.csproj" (target "BeforeBuild" depends on it):
     2>Done building target "ValidateCommandLineProperties" in project "HRManagementSystem.Domain.csproj".
     2>Target "BeforeBuild" in file "/usr/share/dotnet/sdk/9.0.110/Microsoft.Common.CurrentVersion.targets" from project "/home/mostafa/Documents/Projects/hr-management-system/backend/HRManagementSystem/src/Core/HRManagementSystem.Domain/HRManagementSystem.Domain.csproj" (target "Build" depends on it):
     2>Done building target "BeforeBuild" in project "HRManagementSystem.Domain.csproj".
       Target "_CheckForBuildWithNoBuild" skipped, due to false condition; ('$(NoBuild)' == 'true' and '$(GeneratePackageOnBuild)' != 'true') was evaluated as ('' == 'true' and 'false' != 'true').
     2>Target "BuildOnlySettings" in file "/usr/share/dotnet/sdk/9.0.110/Microsoft.Common.CurrentVersion.targets" from project "/home/mostafa/Documents/Projects/hr-management-system/backend/HRManagementSystem/src/Core/HRManagementSystem.Domain/HRManagementSystem.Domain.csproj" (target "CoreBuild" depends on it):
     2>Done building target "BuildOnlySettings" in project "HRManagementSystem.Domain.csproj".
       Target "_CheckForUnsupportedTargetFramework" skipped, due to false condition; ('$(_UnsupportedTargetFrameworkError)' == 'true') was evaluated as ('' == 'true').
       Target "_CheckForUnsupportedTargetPlatformIdentifier" skipped, due to false condition; ('$(TargetPlatformIdentifier)' != '' and '$(TargetFrameworkIdentifier)' == '.NETCoreApp' and $([MSBuild]::VersionGreaterThanOrEquals($(TargetFrameworkVersion), 5.0)) And ('$(DesignTimeBuild)' != 'true' Or '@(MissingWorkloadPack)' == '')) was evaluated as ('' != '' and '.NETCoreApp' == '.NETCoreApp' and True And ('' != 'true' Or '' == '')).
       Target "_CheckForMissingWorkload" skipped, due to false condition; ('@(MissingWorkloadPack)' != '' And '$(DesignTimeBuild)' != 'true') was evaluated as ('' != '' And '' != 'true').
     2>Target "GetFrameworkPaths" in file "/usr/share/dotnet/sdk/9.0.110/Sdks/Microsoft.NET.Sdk/targets/Microsoft.NET.DisableStandardFrameworkResolution.targets" from project "/home/mostafa/Documents/Projects/hr-management-system/backend/HRManagementSystem/src/Core/HRManagementSystem.Domain/HRManagementSystem.Domain.csproj" (target "PrepareForBuild" depends on it):
     2>Done building target "GetFrameworkPaths" in project "HRManagementSystem.Domain.csproj".
       Target "_CheckForUnsupportedTargetFramework" skipped, due to false condition; ('$(_UnsupportedTargetFrameworkError)' == 'true') was evaluated as ('' == 'true').
       Target "_CheckForUnsupportedTargetPlatformIdentifier" skipped, due to false condition; ('$(TargetPlatformIdentifier)' != '' and '$(TargetFrameworkIdentifier)' == '.NETCoreApp' and $([MSBuild]::VersionGreaterThanOrEquals($(TargetFrameworkVersion), 5.0)) And ('$(DesignTimeBuild)' != 'true' Or '@(MissingWorkloadPack)' == '')) was evaluated as ('' != '' and '.NETCoreApp' == '.NETCoreApp' and True And ('' != 'true' Or '' == '')).
       Target "_CheckForMissingWorkload" skipped, due to false condition; ('@(MissingWorkloadPack)' != '' And '$(DesignTimeBuild)' != 'true') was evaluated as ('' != '' And '' != 'true').
     2>Target "GetReferenceAssemblyPaths" in file "/usr/share/dotnet/sdk/9.0.110/Sdks/Microsoft.NET.Sdk/targets/Microsoft.NET.DisableStandardFrameworkResolution.targets" from project "/home/mostafa/Documents/Projects/hr-management-system/backend/HRManagementSystem/src/Core/HRManagementSystem.Domain/HRManagementSystem.Domain.csproj" (target "PrepareForBuild" depends on it):
     2>Done building target "GetReferenceAssemblyPaths" in project "HRManagementSystem.Domain.csproj".
       Target "AssignLinkMetadata" skipped, due to false condition; ( '$(SynthesizeLinkMetadata)' == 'true' ) was evaluated as ( '' == 'true' ).
       Target "_VerifyPackReleaseConfigurations" skipped, due to false condition; ('$(_IsPacking)' == 'true' and '$(DOTNET_CLI_DISABLE_PUBLISH_AND_PACK_RELEASE)' != 'true' and '$(DOTNET_CLI_LAZY_PUBLISH_AND_PACK_RELEASE_FOR_SOLUTIONS)' == 'true') was evaluated as ('' == 'true' and '' != 'true' and '' == 'true').
     2>Target "PrepareForBuild" in file "/usr/share/dotnet/sdk/9.0.110/Microsoft.Common.CurrentVersion.targets" from project "/home/mostafa/Documents/Projects/hr-management-system/backend/HRManagementSystem/src/Core/HRManagementSystem.Domain/HRManagementSystem.Domain.csproj" (target "CoreBuild" depends on it):
       Using "FindAppConfigFile" task from assembly "Microsoft.Build.Tasks.Core, Version=15.1.0.0, Culture=neutral, PublicKeyToken=b03f5f7f11d50a3a".
       Task "FindAppConfigFile"
     0>Property reassignment: $(TargetsForTfmSpecificContentInPackage)=";PackTool;_PackProjectToolValidation" (previous value: ";PackTool") at /usr/share/dotnet/sdk/9.0.110/Sdks/Microsoft.NET.Sdk/targets/Microsoft.NET.PackProjectTool.props (15,5)
     2>Done executing task "FindAppConfigFile".
       Using "MakeDir" task from assembly "Microsoft.Build.Tasks.Core, Version=15.1.0.0, Culture=neutral, PublicKeyToken=b03f5f7f11d50a3a".
       Task "MakeDir"
     0>The SDK "Microsoft.NET.Sdk.Razor" was successfully resolved by the "DefaultSdkResolver" resolver to location "/usr/share/dotnet/sdk/9.0.110/Sdks/Microsoft.NET.Sdk.Razor/Sdk" and version "".
       The SDK "Microsoft.NET.Sdk.StaticWebAssets" was successfully resolved by the "DefaultSdkResolver" resolver to location "/usr/share/dotnet/sdk/9.0.110/Sdks/Microsoft.NET.Sdk.StaticWebAssets/Sdk" and version "".
     2>Done executing task "MakeDir".
     2>Done building target "PrepareForBuild" in project "HRManagementSystem.Domain.csproj".
     2>Target "GenerateGlobalUsings" in file "/usr/share/dotnet/sdk/9.0.110/Sdks/Microsoft.NET.Sdk/targets/Microsoft.NET.GenerateGlobalUsings.targets" from project "/home/mostafa/Documents/Projects/hr-management-system/backend/HRManagementSystem/src/Core/HRManagementSystem.Domain/HRManagementSystem.Domain.csproj" (target "CoreBuild" depends on it):
       Using "GenerateGlobalUsings" task from assembly "/usr/share/dotnet/sdk/9.0.110/Sdks/Microsoft.NET.Sdk/targets/../tools/net9.0/Microsoft.NET.Build.Tasks.dll".
       Task "GenerateGlobalUsings"
     0>Property reassignment: $(DefaultItemExcludes)=";**\node_modules\**;node_modules\**;**\jspm_packages\**;jspm_packages\**" (previous value: ";**\node_modules\**;node_modules\**") at /usr/share/dotnet/sdk/9.0.110/Sdks/Microsoft.NET.Sdk.StaticWebAssets/Sdk/Sdk.StaticWebAssets.StaticAssets.ProjectSystem.props (23,5)
       Property reassignment: $(DefaultItemExcludes)=";**\node_modules\**;node_modules\**;**\jspm_packages\**;jspm_packages\**;**\bower_components\**;bower_components\**" (previous value: ";**\node_modules\**;node_modules\**;**\jspm_packages\**;jspm_packages\**") at /usr/share/dotnet/sdk/9.0.110/Sdks/Microsoft.NET.Sdk.StaticWebAssets/Sdk/Sdk.StaticWebAssets.StaticAssets.ProjectSystem.props (24,5)
       Property reassignment: $(DefaultItemExcludes)=";**\node_modules\**;node_modules\**;**\jspm_packages\**;jspm_packages\**;**\bower_components\**;bower_components\**;**\packages.lock.json" (previous value: ";**\node_modules\**;node_modules\**;**\jspm_packages\**;jspm_packages\**;**\bower_components\**;bower_components\**") at /usr/share/dotnet/sdk/9.0.110/Sdks/Microsoft.NET.Sdk.StaticWebAssets/Sdk/Sdk.StaticWebAssets.StaticAssets.ProjectSystem.props (25,5)
       The SDK "Microsoft.NET.Sdk.Web.ProjectSystem" was successfully resolved by the "DefaultSdkResolver" resolver to location "/usr/share/dotnet/sdk/9.0.110/Sdks/Microsoft.NET.Sdk.Web.ProjectSystem/Sdk" and version "".
       Property reassignment: $(OutputType)="Exe" (previous value: "Library") at /usr/share/dotnet/sdk/9.0.110/Sdks/Microsoft.NET.Sdk.Web.ProjectSystem/targets/Microsoft.NET.Sdk.Web.ProjectSystem.props (16,5)
       Property reassignment: $(_FrameworkIdentifierForImplicitDefine)="NET" (previous value: "NETCOREAPP") at /usr/share/dotnet/sdk/9.0.110/Sdks/Microsoft.NET.Sdk/targets/Microsoft.NET.Sdk.BeforeCommon.targets (187,5)
       Property reassignment: $(_FrameworkVersionForImplicitDefine)="8_0" (previous value: "8.0") at /usr/share/dotnet/sdk/9.0.110/Sdks/Microsoft.NET.Sdk/targets/Microsoft.NET.Sdk.BeforeCommon.targets (192,5)
       The SDK "Microsoft.NET.Sdk.Publish" was successfully resolved by the "DefaultSdkResolver" resolver to location "/usr/share/dotnet/sdk/9.0.110/Sdks/Microsoft.NET.Sdk.Publish/Sdk" and version "".
       Assembly loaded during Evaluation: Microsoft.Build.Utilities.Core, Version=15.1.0.0, Culture=neutral, PublicKeyToken=b03f5f7f11d50a3a (location: /usr/share/dotnet/sdk/9.0.110/Microsoft.Build.Utilities.Core.dll, MVID: 5feb56b8-d5f7-4e1c-8f9a-34be24e4b4cc, AssemblyLoadContext: Default)
       The "Platform" property is a global property, and cannot be modified.
       The "Configuration" property is a global property, and cannot be modified.
       Property reassignment: $(_DebugSymbolsProduced)="true" (previous value: "false") at /usr/share/dotnet/sdk/9.0.110/Microsoft.Common.CurrentVersion.targets (175,5)
       Property reassignment: $(_DocumentationFileProduced)="false" (previous value: "true") at /usr/share/dotnet/sdk/9.0.110/Microsoft.Common.CurrentVersion.targets (185,5)
     2>Done executing task "GenerateGlobalUsings".
       Using "WriteLinesToFile" task from assembly "Microsoft.Build.Tasks.Core, Version=15.1.0.0, Culture=neutral, PublicKeyToken=b03f5f7f11d50a3a".
       Task "WriteLinesToFile"
     0>The "SolutionName" property is a global property, and cannot be modified.
       The "SolutionFileName" property is a global property, and cannot be modified.
       The "SolutionPath" property is a global property, and cannot be modified.
       The "SolutionDir" property is a global property, and cannot be modified.
       The "SolutionExt" property is a global property, and cannot be modified.
     2>GenerateGlobalUsings:
         Skipping write to file "obj/Debug/net8.0/HRManagementSystem.Domain.GlobalUsings.g.cs" because content would not change.
       Done executing task "WriteLinesToFile".
     2>Done building target "GenerateGlobalUsings" in project "HRManagementSystem.Domain.csproj".
       Target "PreBuildEvent" skipped, due to false condition; ('$(PreBuildEvent)'!='') was evaluated as (''!='').
     2>Target "BeforeResolveReferences" in file "/usr/share/dotnet/sdk/9.0.110/Microsoft.Common.CurrentVersion.targets" from project "/home/mostafa/Documents/Projects/hr-management-system/backend/HRManagementSystem/src/Core/HRManagementSystem.Domain/HRManagementSystem.Domain.csproj" (target "ResolveReferences" depends on it):
     2>Done building target "BeforeResolveReferences" in project "HRManagementSystem.Domain.csproj".
     2>Target "IgnoreJavaScriptOutputAssembly" in file "/usr/share/dotnet/sdk/9.0.110/Microsoft.Common.CurrentVersion.targets" from project "/home/mostafa/Documents/Projects/hr-management-system/backend/HRManagementSystem/src/Core/HRManagementSystem.Domain/HRManagementSystem.Domain.csproj" (target "AssignProjectConfiguration" depends on it):
     2>Done building target "IgnoreJavaScriptOutputAssembly" in project "HRManagementSystem.Domain.csproj".
       Target "ProcessFrameworkReferences" skipped. Previously built successfully.
     2>Target "_DefaultMicrosoftNETPlatformLibrary" in file "/usr/share/dotnet/sdk/9.0.110/Sdks/Microsoft.NET.Sdk/targets/Microsoft.NET.Sdk.Shared.targets" from project "/home/mostafa/Documents/Projects/hr-management-system/backend/HRManagementSystem/src/Core/HRManagementSystem.Domain/HRManagementSystem.Domain.csproj" (target "ResolvePackageAssets" depends on it):
     2>Done building target "_DefaultMicrosoftNETPlatformLibrary" in project "HRManagementSystem.Domain.csproj".
     0>Property reassignment: $(MSBuildCopyMarkerName)="HRManage.21AD69E9" (previous value: "HRManagementSystem.Application.csproj") at /usr/share/dotnet/sdk/9.0.110/Microsoft.Common.CurrentVersion.targets (392,5)
     2>Target "_ComputePackageReferencePublish" in file "/usr/share/dotnet/sdk/9.0.110/Sdks/Microsoft.NET.Sdk/targets/Microsoft.NET.Sdk.Shared.targets" from project "/home/mostafa/Documents/Projects/hr-management-system/backend/HRManagementSystem/src/Core/HRManagementSystem.Domain/HRManagementSystem.Domain.csproj" (target "ResolvePackageAssets" depends on it):
     2>Done building target "_ComputePackageReferencePublish" in project "HRManagementSystem.Domain.csproj".
       Target "_ResolveCompilerVersion" skipped, due to false condition; ('$(CompilerApiVersion)' == '' And
                            ('$(Language)' == 'C#' Or '$(Language)' == 'VB') And
                            Exists('$(RoslynTargetsPath)\Microsoft.Build.Tasks.CodeAnalysis.dll')) was evaluated as ('roslyn4.12' == '' And
                            ('C#' == 'C#' Or 'C#' == 'VB') And
                            Exists('/usr/share/dotnet/sdk/9.0.110/Roslyn\Microsoft.Build.Tasks.CodeAnalysis.dll')).
     0>Property reassignment: $(MSBuildCopyMarkerName)="HRManage.21AD69E9.Up2Date" (previous value: "HRManage.21AD69E9") at /usr/share/dotnet/sdk/9.0.110/Microsoft.Common.CurrentVersion.targets (393,5)
       The "Configuration" property is a global property, and cannot be modified.
       The "Platform" property is a global property, and cannot be modified.
       Property reassignment: $(ProcessorArchitecture)="msil" (previous value: "") at /usr/share/dotnet/sdk/9.0.110/Microsoft.Common.CurrentVersion.targets (541,5)
       Property reassignment: $(DelaySign)="" (previous value: "false") at /usr/share/dotnet/sdk/9.0.110/Microsoft.Common.CurrentVersion.targets (580,5)
     2>Target "ResolvePackageAssets" in file "/usr/share/dotnet/sdk/9.0.110/Sdks/Microsoft.NET.Sdk/targets/Microsoft.PackageDependencyResolution.targets" from project "/home/mostafa/Documents/Projects/hr-management-system/backend/HRManagementSystem/src/Core/HRManagementSystem.Domain/HRManagementSystem.Domain.csproj" (target "ResolveLockFileReferences" depends on it):
     2>Using "ResolvePackageAssets" task from assembly "/usr/share/dotnet/sdk/9.0.110/Sdks/Microsoft.NET.Sdk/targets/../tools/net9.0/Microsoft.NET.Build.Tasks.dll".
       Task "ResolvePackageAssets"
     0>/usr/share/dotnet/sdk/9.0.110/Microsoft.Common.CurrentVersion.targets(2579,5): message : Property 'LocalAppData' with value '/home/mostafa/.local/share' expanded from the environment.
       Property reassignment: $(PublishProfileImported)="false" (previous value: "true") at /usr/share/dotnet/sdk/9.0.110/Sdks/Microsoft.NET.Sdk/targets/Microsoft.NET.Sdk.ImportPublishProfile.targets (28,5)
       Property reassignment: $(CommandLineArgsForDesignTimeEvaluation)="-langversion:12.0 -define:TRACE" (previous value: "-langversion:12.0") at /usr/share/dotnet/sdk/9.0.110/Roslyn/Microsoft.CSharp.Core.targets (205,5)
       Property reassignment: $(_SGenGenerateSerializationAssembliesConfig)="Auto" (previous value: "") at /usr/share/dotnet/sdk/9.0.110/Microsoft.Common.CurrentVersion.targets (3897,5)
       Property reassignment: $(_SGenGenerateSerializationAssembliesConfig)="Off" (previous value: "Auto") at /usr/share/dotnet/sdk/9.0.110/Microsoft.Common.CurrentVersion.targets (3898,5)
       Property reassignment: $(_TargetsThatPrepareProjectReferences)="
             AssignProjectConfiguration;
             _SplitProjectReferencesByFileExistence
           " (previous value: "_SplitProjectReferencesByFileExistence") at /usr/share/dotnet/sdk/9.0.110/Microsoft.Common.CurrentVersion.targets (5100,5)
       /usr/share/dotnet/sdk/9.0.110/Microsoft.Common.CurrentVersion.targets(6846,5): message : Property 'MSBuildExtensionsPath32' with value '/usr/share/dotnet/sdk/9.0.110' expanded from the environment.
       Property reassignment: $(TargetPlatformVersion)="" (previous value: "0.0") at /usr/share/dotnet/sdk/9.0.110/Sdks/Microsoft.NET.Sdk/targets/Microsoft.NET.TargetFrameworkInference.targets (69,5)
     2>Done executing task "ResolvePackageAssets".
     0>Property reassignment: $(DefaultItemExcludes)=";**\node_modules\**;node_modules\**;**\jspm_packages\**;jspm_packages\**;**\bower_components\**;bower_components\**;**\packages.lock.json;bin\Debug//**" (previous value: ";**\node_modules\**;node_modules\**;**\jspm_packages\**;jspm_packages\**;**\bower_components\**;bower_components\**;**\packages.lock.json") at /usr/share/dotnet/sdk/9.0.110/Sdks/Microsoft.NET.Sdk/targets/Microsoft.NET.DefaultOutputPaths.targets (121,5)
     2>Done building target "ResolvePackageAssets" in project "HRManagementSystem.Domain.csproj".
       Target "AdjustDefaultPlatformTargetForNetFrameworkExeWithNoNativeCopyLocalItems" skipped, due to false condition; ('$(_UsingDefaultPlatformTarget)' == 'true' and
                            '$(_UsingDefaultRuntimeIdentifier)' == 'true') was evaluated as ('true' == 'true' and
                            '' == 'true').
     2>Target "_CheckForTransitiveWindowsDesktopDependencies" in file "/usr/share/dotnet/sdk/9.0.110/Sdks/Microsoft.NET.Sdk/targets/Microsoft.NET.Sdk.DefaultItems.Shared.targets" from project "/home/mostafa/Documents/Projects/hr-management-system/backend/HRManagementSystem/src/Core/HRManagementSystem.Domain/HRManagementSystem.Domain.csproj" (target "ResolveLockFileReferences" depends on it):
       Task "NetSdkError" skipped, due to false condition; ('@(_WindowsDesktopTransitiveFrameworkReference)' != '') was evaluated as ('' != '').
     2>Done building target "_CheckForTransitiveWindowsDesktopDependencies" in project "HRManagementSystem.Domain.csproj".
     2>Target "AddTransitiveFrameworkReferences" in file "/usr/share/dotnet/sdk/9.0.110/Sdks/Microsoft.NET.Sdk/targets/Microsoft.NET.Sdk.FrameworkReferenceResolution.targets" from project "/home/mostafa/Documents/Projects/hr-management-system/backend/HRManagementSystem/src/Core/HRManagementSystem.Domain/HRManagementSystem.Domain.csproj" (target "ResolveLockFileReferences" depends on it):
     2>Done building target "AddTransitiveFrameworkReferences" in project "HRManagementSystem.Domain.csproj".
     2>Target "ResolveLockFileReferences" in file "/usr/share/dotnet/sdk/9.0.110/Sdks/Microsoft.NET.Sdk/targets/Microsoft.PackageDependencyResolution.targets" from project "/home/mostafa/Documents/Projects/hr-management-system/backend/HRManagementSystem/src/Core/HRManagementSystem.Domain/HRManagementSystem.Domain.csproj" (target "ResolvePackageDependenciesForBuild" depends on it):
       Using "JoinItems" task from assembly "/usr/share/dotnet/sdk/9.0.110/Sdks/Microsoft.NET.Sdk/targets/../tools/net9.0/Microsoft.NET.Build.Tasks.dll".
       Task "JoinItems"
     0>Property reassignment: $(DefaultItemExcludes)=";**\node_modules\**;node_modules\**;**\jspm_packages\**;jspm_packages\**;**\bower_components\**;bower_components\**;**\packages.lock.json;bin\Debug//**;obj\Debug//**" (previous value: ";**\node_modules\**;node_modules\**;**\jspm_packages\**;jspm_packages\**;**\bower_components\**;bower_components\**;**\packages.lock.json;bin\Debug//**") at /usr/share/dotnet/sdk/9.0.110/Sdks/Microsoft.NET.Sdk/targets/Microsoft.NET.DefaultOutputPaths.targets (122,5)
       Property reassignment: $(OutputPath)="bin\Debug/net8.0/" (previous value: "bin\Debug/") at /usr/share/dotnet/sdk/9.0.110/Sdks/Microsoft.NET.Sdk/targets/Microsoft.NET.DefaultOutputPaths.targets (137,5)
       Property reassignment: $(IntermediateOutputPath)="obj\Debug/net8.0/" (previous value: "obj\Debug/") at /usr/share/dotnet/sdk/9.0.110/Sdks/Microsoft.NET.Sdk/targets/Microsoft.NET.DefaultOutputPaths.targets (142,5)
     2>Done executing task "JoinItems".
     2>Done building target "ResolveLockFileReferences" in project "HRManagementSystem.Domain.csproj".
       Target "ResolvePackageAssets" skipped. Previously built successfully.
     2>Target "ResolveLockFileAnalyzers" in file "/usr/share/dotnet/sdk/9.0.110/Sdks/Microsoft.NET.Sdk/targets/Microsoft.PackageDependencyResolution.targets" from project "/home/mostafa/Documents/Projects/hr-management-system/backend/HRManagementSystem/src/Core/HRManagementSystem.Domain/HRManagementSystem.Domain.csproj" (target "ResolvePackageDependenciesForBuild" depends on it):
     2>Done building target "ResolveLockFileAnalyzers" in project "HRManagementSystem.Domain.csproj".
       Target "ResolvePackageAssets" skipped. Previously built successfully.
       Target "RunProduceContentAssets" skipped, due to false condition; ('@(_ContentFilesToPreprocess)' != '' and '$(_CleaningWithoutRebuilding)' != 'true') was evaluated as ('' != '' and '' != 'true').
     2>Target "ResolveLockFileCopyLocalFiles" in file "/usr/share/dotnet/sdk/9.0.110/Sdks/Microsoft.NET.Sdk/targets/Microsoft.PackageDependencyResolution.targets" from project "/home/mostafa/Documents/Projects/hr-management-system/backend/HRManagementSystem/src/Core/HRManagementSystem.Domain/HRManagementSystem.Domain.csproj" (target "ResolvePackageDependenciesForBuild" depends on it):
     2>Done building target "ResolveLockFileCopyLocalFiles" in project "HRManagementSystem.Domain.csproj".
       Target "ResolveRuntimePackAssets" skipped, due to false condition; ('@(RuntimePack)' != '') was evaluated as ('' != '').
       Target "RunProduceContentAssets" skipped, due to false condition; ('@(_ContentFilesToPreprocess)' != '' and '$(_CleaningWithoutRebuilding)' != 'true') was evaluated as ('' != '' and '' != 'true').
       Target "ResolvePackageAssets" skipped. Previously built successfully.
     2>Target "IncludeTransitiveProjectReferences" in file "/usr/share/dotnet/sdk/9.0.110/Sdks/Microsoft.NET.Sdk/targets/Microsoft.PackageDependencyResolution.targets" from project "/home/mostafa/Documents/Projects/hr-management-system/backend/HRManagementSystem/src/Core/HRManagementSystem.Domain/HRManagementSystem.Domain.csproj" (target "ResolvePackageDependenciesForBuild" depends on it):
     2>Done building target "IncludeTransitiveProjectReferences" in project "HRManagementSystem.Domain.csproj".
     2>Target "ResolvePackageDependenciesForBuild" in file "/usr/share/dotnet/sdk/9.0.110/Sdks/Microsoft.NET.Sdk/targets/Microsoft.PackageDependencyResolution.targets" from project "/home/mostafa/Documents/Projects/hr-management-system/backend/HRManagementSystem/src/Core/HRManagementSystem.Domain/HRManagementSystem.Domain.csproj" (target "AssignProjectConfiguration" depends on it):
     2>Done building target "ResolvePackageDependenciesForBuild" in project "HRManagementSystem.Domain.csproj".
       Target "_Microsoft_Extensions_OptionsAnalyzerMultiTargeting" skipped, due to false condition; ('$(SupportsRoslynComponentVersioning)' != 'true') was evaluated as ('true' != 'true').
       Target "_Microsoft_Extensions_OptionsRemoveAnalyzers" skipped, due to false condition; ('$(DisableMicrosoftExtensionsOptionsSourceGenerator)' == 'true') was evaluated as ('' == 'true').
       Target "_Microsoft_Extensions_Logging_AbstractionsAnalyzerMultiTargeting" skipped, due to false condition; ('$(SupportsRoslynComponentVersioning)' != 'true') was evaluated as ('true' != 'true').
       Target "_Microsoft_Extensions_Logging_AbstractionsRemoveAnalyzers" skipped, due to false condition; ('$(DisableMicrosoftExtensionsLoggingSourceGenerator)' == 'true') was evaluated as ('' == 'true').
     2>Target "AssignProjectConfiguration" in file "/usr/share/dotnet/sdk/9.0.110/Microsoft.Common.CurrentVersion.targets" from project "/home/mostafa/Documents/Projects/hr-management-system/backend/HRManagementSystem/src/Core/HRManagementSystem.Domain/HRManagementSystem.Domain.csproj" (target "ResolveReferences" depends on it):
       Using "AssignProjectConfiguration" task from assembly "Microsoft.Build.Tasks.Core, Version=15.1.0.0, Culture=neutral, PublicKeyToken=b03f5f7f11d50a3a".
       Task "AssignProjectConfiguration"
       Done executing task "AssignProjectConfiguration".
     2>Done building target "AssignProjectConfiguration" in project "HRManagementSystem.Domain.csproj".
       Target "AssignProjectConfiguration" skipped. Previously built successfully.
     2>Target "_SplitProjectReferencesByFileExistence" in file "/usr/share/dotnet/sdk/9.0.110/Microsoft.Common.CurrentVersion.targets" from project "/home/mostafa/Documents/Projects/hr-management-system/backend/HRManagementSystem/src/Core/HRManagementSystem.Domain/HRManagementSystem.Domain.csproj" (target "PrepareProjectReferences" depends on it):
       Task "ResolveNonMSBuildProjectOutput" skipped, due to false condition; ('$(BuildingInsideVisualStudio)'=='true' and '@(ProjectReferenceWithConfiguration)'!='') was evaluated as (''=='true' and ''!='').
     2>Done building target "_SplitProjectReferencesByFileExistence" in project "HRManagementSystem.Domain.csproj".
     2>Target "_AddOutputPathToGlobalPropertiesToRemove" in file "/usr/share/dotnet/sdk/9.0.110/Microsoft.Common.CurrentVersion.targets" from project "/home/mostafa/Documents/Projects/hr-management-system/backend/HRManagementSystem/src/Core/HRManagementSystem.Domain/HRManagementSystem.Domain.csproj" (target "_GetProjectReferenceTargetFrameworkProperties" depends on it):
     2>Done building target "_AddOutputPathToGlobalPropertiesToRemove" in project "HRManagementSystem.Domain.csproj".
     2>Target "_GetProjectReferenceTargetFrameworkProperties" in file "/usr/share/dotnet/sdk/9.0.110/Microsoft.Common.CurrentVersion.targets" from project "/home/mostafa/Documents/Projects/hr-management-system/backend/HRManagementSystem/src/Core/HRManagementSystem.Domain/HRManagementSystem.Domain.csproj" (target "PrepareProjectReferences" depends on it):
       Using "MSBuild" task from assembly "Microsoft.Build.Tasks.Core, Version=15.1.0.0, Culture=neutral, PublicKeyToken=b03f5f7f11d50a3a".
       Task "MSBuild"
       Done executing task "MSBuild".
       Task "MSBuild" skipped, due to false condition; ('%(_MSBuildProjectReferenceExistent.SkipGetTargetFrameworkProperties)' != 'true' and '$(EnableDynamicPlatformResolution)' == 'true') was evaluated as ('' != 'true' and '' == 'true').
     0>Property reassignment: $(ProjectAssetsCacheFile)="/home/mostafa/Documents/Projects/hr-management-system/backend/HRManagementSystem/src/Core/HRManagementSystem.Application/obj/Debug/net8.0/HRManagementSystem.Application.assets.cache" (previous value: "obj\Debug/net8.0/HRManagementSystem.Application.assets.cache") at /usr/share/dotnet/sdk/9.0.110/Sdks/Microsoft.NET.Sdk/targets/Microsoft.PackageDependencyResolution.targets (29,5)
       Property reassignment: $(ResolveAssemblyReferencesDependsOn)="
             
             ResolveProjectReferences;
             FindInvalidProjectReferences;
             GetFrameworkPaths;
             GetReferenceAssemblyPaths;
             PrepareForBuild;
             ResolveSDKReferences;
             ExpandSDKReferences;
           ;
             ResolvePackageDependenciesForBuild;
             _HandlePackageFileConflicts;
           " (previous value: "
             ResolveProjectReferences;
             FindInvalidProjectReferences;
             GetFrameworkPaths;
             GetReferenceAssemblyPaths;
             PrepareForBuild;
             ResolveSDKReferences;
             ExpandSDKReferences;
           ") at /usr/share/dotnet/sdk/9.0.110/Sdks/Microsoft.NET.Sdk/targets/Microsoft.PackageDependencyResolution.targets (80,5)
       Assembly loaded during Evaluation: Microsoft.Build.Utilities.Core, Version=15.1.0.0, Culture=neutral, PublicKeyToken=b03f5f7f11d50a3a (location: /usr/share/dotnet/sdk/9.0.110/Microsoft.Build.Utilities.Core.dll, MVID: 5feb56b8-d5f7-4e1c-8f9a-34be24e4b4cc, AssemblyLoadContext: Default)
       Property reassignment: $(PrepareResourcesDependsOn)="
             ResolvePackageDependenciesForBuild;
             _HandlePackageFileConflicts;
             
             ;
             PrepareResourceNames;
             ResGen;
             CompileLicxFiles
           
           " (previous value: "
             ;
             PrepareResourceNames;
             ResGen;
             CompileLicxFiles
           ") at /usr/share/dotnet/sdk/9.0.110/Sdks/Microsoft.NET.Sdk/targets/Microsoft.PackageDependencyResolution.targets (86,5)
       Property reassignment: $(_FrameworkIdentifierForImplicitDefine)="NET" (previous value: "NETCOREAPP") at /usr/share/dotnet/sdk/9.0.110/Sdks/Microsoft.NET.Sdk/targets/Microsoft.NET.Sdk.BeforeCommon.targets (187,5)
       The "Platform" property is a global property, and cannot be modified.
       The "Configuration" property is a global property, and cannot be modified.
       Property reassignment: $(_FrameworkVersionForImplicitDefine)="8_0" (previous value: "8.0") at /usr/share/dotnet/sdk/9.0.110/Sdks/Microsoft.NET.Sdk/targets/Microsoft.NET.Sdk.BeforeCommon.targets (192,5)
       Property reassignment: $(DefaultItemExcludes)=";bin\Debug//**;obj\Debug//**;bin\/**" (previous value: ";bin\Debug//**;obj\Debug//**") at /usr/share/dotnet/sdk/9.0.110/Sdks/Microsoft.NET.Sdk/targets/Microsoft.NET.Sdk.DefaultItems.targets (27,5)
       Property reassignment: $(DefaultItemExcludes)=";bin\Debug//**;obj\Debug//**;bin\/**;obj\/**" (previous value: ";bin\Debug//**;obj\Debug//**;bin\/**") at /usr/share/dotnet/sdk/9.0.110/Sdks/Microsoft.NET.Sdk/targets/Microsoft.NET.Sdk.DefaultItems.targets (29,5)
       Property reassignment: $(DefaultItemExcludes)=";bin\Debug//**;obj\Debug//**;bin\/**;obj\/**;**/*.user" (previous value: ";bin\Debug//**;obj\Debug//**;bin\/**;obj\/**") at /usr/share/dotnet/sdk/9.0.110/Sdks/Microsoft.NET.Sdk/targets/Microsoft.NET.Sdk.DefaultItems.targets (32,5)
       Property reassignment: $(DefaultItemExcludes)=";bin\Debug//**;obj\Debug//**;bin\/**;obj\/**;**/*.user;**/*.*proj" (previous value: ";bin\Debug//**;obj\Debug//**;bin\/**;obj\/**;**/*.user") at /usr/share/dotnet/sdk/9.0.110/Sdks/Microsoft.NET.Sdk/targets/Microsoft.NET.Sdk.DefaultItems.targets (33,5)
       Property reassignment: $(DefaultItemExcludes)=";bin\Debug//**;obj\Debug//**;bin\/**;obj\/**;**/*.user;**/*.*proj;**/*.sln" (previous value: ";bin\Debug//**;obj\Debug//**;bin\/**;obj\/**;**/*.user;**/*.*proj") at /usr/share/dotnet/sdk/9.0.110/Sdks/Microsoft.NET.Sdk/targets/Microsoft.NET.Sdk.DefaultItems.targets (34,5)
       Property reassignment: $(DefaultItemExcludes)=";bin\Debug//**;obj\Debug//**;bin\/**;obj\/**;**/*.user;**/*.*proj;**/*.sln;**/*.vssscc" (previous value: ";bin\Debug//**;obj\Debug//**;bin\/**;obj\/**;**/*.user;**/*.*proj;**/*.sln") at /usr/share/dotnet/sdk/9.0.110/Sdks/Microsoft.NET.Sdk/targets/Microsoft.NET.Sdk.DefaultItems.targets (35,5)
       Property reassignment: $(DefaultItemExcludes)=";bin\Debug//**;obj\Debug//**;bin\/**;obj\/**;**/*.user;**/*.*proj;**/*.sln;**/*.vssscc;**/.DS_Store" (previous value: ";bin\Debug//**;obj\Debug//**;bin\/**;obj\/**;**/*.user;**/*.*proj;**/*.sln;**/*.vssscc") at /usr/share/dotnet/sdk/9.0.110/Sdks/Microsoft.NET.Sdk/targets/Microsoft.NET.Sdk.DefaultItems.targets (36,5)
       Property reassignment: $(_DebugSymbolsProduced)="true" (previous value: "false") at /usr/share/dotnet/sdk/9.0.110/Microsoft.Common.CurrentVersion.targets (175,5)
       Property reassignment: $(_DocumentationFileProduced)="false" (previous value: "true") at /usr/share/dotnet/sdk/9.0.110/Microsoft.Common.CurrentVersion.targets (185,5)
       The "SolutionName" property is a global property, and cannot be modified.
       The "SolutionFileName" property is a global property, and cannot be modified.
       The "SolutionPath" property is a global property, and cannot be modified.
       The "SolutionDir" property is a global property, and cannot be modified.
       The "SolutionExt" property is a global property, and cannot be modified.
       Property reassignment: $(MSBuildCopyMarkerName)="HRManage.3F04E790" (previous value: "HRManagementSystem.Infrastructure.csproj") at /usr/share/dotnet/sdk/9.0.110/Microsoft.Common.CurrentVersion.targets (392,5)
       Property reassignment: $(MSBuildCopyMarkerName)="HRManage.3F04E790.Up2Date" (previous value: "HRManage.3F04E790") at /usr/share/dotnet/sdk/9.0.110/Microsoft.Common.CurrentVersion.targets (393,5)
       Property reassignment: $(ProcessorArchitecture)="amd64" (previous value: "x64") at /usr/share/dotnet/sdk/9.0.110/Microsoft.Common.CurrentVersion.targets (528,5)
       Property reassignment: $(DelaySign)="" (previous value: "false") at /usr/share/dotnet/sdk/9.0.110/Microsoft.Common.CurrentVersion.targets (580,5)
       /usr/share/dotnet/sdk/9.0.110/Microsoft.Common.CurrentVersion.targets(2579,5): message : Property 'LocalAppData' with value '/home/mostafa/.local/share' expanded from the environment.
       Property reassignment: $(_SGenGenerateSerializationAssembliesConfig)="Auto" (previous value: "") at /usr/share/dotnet/sdk/9.0.110/Microsoft.Common.CurrentVersion.targets (3897,5)
       Property reassignment: $(_SGenGenerateSerializationAssembliesConfig)="Off" (previous value: "Auto") at /usr/share/dotnet/sdk/9.0.110/Microsoft.Common.CurrentVersion.targets (3898,5)
       Property reassignment: $(_TargetsThatPrepareProjectReferences)="
             AssignProjectConfiguration;
             _SplitProjectReferencesByFileExistence
           " (previous value: "_SplitProjectReferencesByFileExistence") at /usr/share/dotnet/sdk/9.0.110/Microsoft.Common.CurrentVersion.targets (5100,5)
       /usr/share/dotnet/sdk/9.0.110/Microsoft.Common.CurrentVersion.targets(6846,5): message : Property 'MSBuildExtensionsPath32' with value '/usr/share/dotnet/sdk/9.0.110' expanded from the environment.
       Property reassignment: $(ResolveAssemblyReferencesDependsOn)="
             
             
             ResolveProjectReferences;
             FindInvalidProjectReferences;
             GetFrameworkPaths;
             GetReferenceAssemblyPaths;
             PrepareForBuild;
             ResolveSDKReferences;
             ExpandSDKReferences;
           ;
             ResolvePackageDependenciesForBuild;
             _HandlePackageFileConflicts;
           ;
             ResolveTargetingPackAssets;
           " (previous value: "
             
             ResolveProjectReferences;
             FindInvalidProjectReferences;
             GetFrameworkPaths;
             GetReferenceAssemblyPaths;
             PrepareForBuild;
             ResolveSDKReferences;
             ExpandSDKReferences;
           ;
             ResolvePackageDependenciesForBuild;
             _HandlePackageFileConflicts;
           ") at /usr/share/dotnet/sdk/9.0.110/Sdks/Microsoft.NET.Sdk/targets/Microsoft.NET.Sdk.FrameworkReferenceResolution.targets (14,5)
       Property reassignment: $(_GenerateRuntimeConfigurationPropertyInputsCache)="/home/mostafa/Documents/Projects/hr-management-system/backend/HRManagementSystem/src/Core/HRManagementSystem.Application/obj/Debug/net8.0/HRManagementSystem.Application.genruntimeconfig.cache" (previous value: "obj\Debug/net8.0/HRManagementSystem.Application.genruntimeconfig.cache") at /usr/share/dotnet/sdk/9.0.110/Sdks/Microsoft.NET.Sdk/targets/Microsoft.NET.Sdk.targets (44,5)
       Property reassignment: $(_GeneratePublishDependencyFilePropertyInputsCache)="/home/mostafa/Documents/Projects/hr-management-system/backend/HRManagementSystem/src/Core/HRManagementSystem.Application/obj/Debug/net8.0/HRManagementSystem.Application.genpublishdeps.cache" (previous value: "obj\Debug/net8.0/HRManagementSystem.Application.genpublishdeps.cache") at /usr/share/dotnet/sdk/9.0.110/Sdks/Microsoft.NET.Sdk/targets/Microsoft.NET.Sdk.targets (46,5)
       Property reassignment: $(_GenerateSingleFileBundlePropertyInputsCache)="/home/mostafa/Documents/Projects/hr-management-system/backend/HRManagementSystem/src/Core/HRManagementSystem.Application/obj/Debug/net8.0/HRManagementSystem.Application.genbundle.cache" (previous value: "obj\Debug/net8.0/HRManagementSystem.Application.genbundle.cache") at /usr/share/dotnet/sdk/9.0.110/Sdks/Microsoft.NET.Sdk/targets/Microsoft.NET.Sdk.targets (48,5)
       Property reassignment: $(GenerateRuntimeConfigDevFile)="false" (previous value: "true") at /usr/share/dotnet/sdk/9.0.110/Sdks/Microsoft.NET.Sdk/targets/Microsoft.NET.Sdk.targets (81,5)
       Property reassignment: $(CommandLineArgsForDesignTimeEvaluation)="-langversion:12.0 -define:TRACE" (previous value: "-langversion:12.0") at /usr/share/dotnet/sdk/9.0.110/Roslyn/Microsoft.CSharp.Core.targets (205,5)
       /usr/share/dotnet/sdk/9.0.110/Sdks/Microsoft.NET.Sdk/targets/Microsoft.NET.Sdk.targets(96,5): message : Property 'HOME' with value '/home/mostafa' expanded from the environment.
       Property reassignment: $(_DefaultUserProfileRuntimeStorePath)="/home/mostafa/.dotnet/store" (previous value: "/home/mostafa") at /usr/share/dotnet/sdk/9.0.110/Sdks/Microsoft.NET.Sdk/targets/Microsoft.NET.Sdk.targets (98,5)
       Property reassignment: $(AvailablePlatforms)="Any CPU,x86,x64,ARM32" (previous value: "Any CPU,x86,x64") at /usr/share/dotnet/sdk/9.0.110/Sdks/Microsoft.NET.Sdk/targets/Microsoft.NET.Sdk.targets (140,5)
       Property reassignment: $(AvailablePlatforms)="Any CPU,x86,x64,ARM32,ARM64" (previous value: "Any CPU,x86,x64,ARM32") at /usr/share/dotnet/sdk/9.0.110/Sdks/Microsoft.NET.Sdk/targets/Microsoft.NET.Sdk.targets (144,5)
       Property reassignment: $(CoreBuildDependsOn)="
             _CheckForBuildWithNoBuild;
             
             BuildOnlySettings;
             PrepareForBuild;
             PreBuildEvent;
             ResolveReferences;
             PrepareResources;
             ResolveKeySource;
             Compile;
             ExportWindowsMDFile;
             UnmanagedUnregistration;
             GenerateSerializationAssemblies;
             CreateSatelliteAssemblies;
             GenerateManifests;
             GetTargetPath;
             PrepareForRun;
             UnmanagedRegistration;
             IncrementalClean;
             PostBuildEvent
           ;
             GenerateBuildDependencyFile;
             GenerateBuildRuntimeConfigurationFiles
           " (previous value: "
             BuildOnlySettings;
             PrepareForBuild;
             PreBuildEvent;
             ResolveReferences;
             PrepareResources;
             ResolveKeySource;
             Compile;
             ExportWindowsMDFile;
             UnmanagedUnregistration;
             GenerateSerializationAssemblies;
             CreateSatelliteAssemblies;
             GenerateManifests;
             GetTargetPath;
             PrepareForRun;
             UnmanagedRegistration;
             IncrementalClean;
             PostBuildEvent
           ") at /usr/share/dotnet/sdk/9.0.110/Sdks/Microsoft.NET.Sdk/targets/Microsoft.NET.Sdk.targets (201,5)
       Property reassignment: $(CoreCleanDependsOn)="
             _SdkBeforeClean;
             
           " (previous value: "") at /usr/share/dotnet/sdk/9.0.110/Sdks/Microsoft.NET.Sdk/targets/Microsoft.NET.Sdk.targets (210,5)
       Property reassignment: $(RebuildDependsOn)="
             _SdkBeforeRebuild;
             
             BeforeRebuild;
             Clean;
             Build;
             AfterRebuild;
           
           " (previous value: "
             BeforeRebuild;
             Clean;
             Build;
             AfterRebuild;
           ") at /usr/share/dotnet/sdk/9.0.110/Sdks/Microsoft.NET.Sdk/targets/Microsoft.NET.Sdk.targets (217,5)
       Property reassignment: $(CompileDependsOn)="
             
             ResolveReferences;
             ResolveKeySource;
             SetWin32ManifestProperties;
             _SetPreferNativeArm64Win32ManifestProperties;
             FindReferenceAssembliesForReferences;
             _GenerateCompileInputs;
             BeforeCompile;
             _TimeStampBeforeCompile;
             _GenerateCompileDependencyCache;
             CoreCompile;
             _TimeStampAfterCompile;
             AfterCompile;
           ;
             _CreateAppHost;
             _CreateComHost;
             _GetIjwHostPaths;
           " (previous value: "
             ResolveReferences;
             ResolveKeySource;
             SetWin32ManifestProperties;
             _SetPreferNativeArm64Win32ManifestProperties;
             FindReferenceAssembliesForReferences;
             _GenerateCompileInputs;
             BeforeCompile;
             _TimeStampBeforeCompile;
             _GenerateCompileDependencyCache;
             CoreCompile;
             _TimeStampAfterCompile;
             AfterCompile;
           ") at /usr/share/dotnet/sdk/9.0.110/Sdks/Microsoft.NET.Sdk/targets/Microsoft.NET.Sdk.targets (784,5)
       Property reassignment: $(CreateSatelliteAssembliesDependsOn)="
             
             ;
             _GenerateSatelliteAssemblyInputs;
             ComputeIntermediateSatelliteAssemblies;
             GenerateSatelliteAssemblies
           ;
             CoreGenerateSatelliteAssemblies
           " (previous value: "
             ;
             _GenerateSatelliteAssemblyInputs;
             ComputeIntermediateSatelliteAssemblies;
             GenerateSatelliteAssemblies
           ") at /usr/share/dotnet/sdk/9.0.110/Sdks/Microsoft.NET.Sdk/targets/Microsoft.NET.Sdk.targets (1184,5)
       Property reassignment: $(SourceLinkUrlInitializerTargets)=";_InitializeGitHubSourceLinkUrl;_InitializeGitLabSourceLinkUrl" (previous value: ";_InitializeGitHubSourceLinkUrl") at /usr/share/dotnet/sdk/9.0.110/Sdks/Microsoft.SourceLink.GitLab/build/Microsoft.SourceLink.GitLab.targets (12,5)
       Property reassignment: $(SourceControlManagerUrlTranslationTargets)=";TranslateGitHubUrlsInSourceControlInformation;TranslateGitLabUrlsInSourceControlInformation" (previous value: ";TranslateGitHubUrlsInSourceControlInformation") at /usr/share/dotnet/sdk/9.0.110/Sdks/Microsoft.SourceLink.GitLab/build/Microsoft.SourceLink.GitLab.targets (13,5)
       Property reassignment: $(SourceLinkUrlInitializerTargets)=";_InitializeGitHubSourceLinkUrl;_InitializeGitLabSourceLinkUrl;_InitializeAzureReposGitSourceLinkUrl" (previous value: ";_InitializeGitHubSourceLinkUrl;_InitializeGitLabSourceLinkUrl") at /usr/share/dotnet/sdk/9.0.110/Sdks/Microsoft.SourceLink.AzureRepos.Git/build/Microsoft.SourceLink.AzureRepos.Git.targets (12,5)
       Property reassignment: $(SourceControlManagerUrlTranslationTargets)=";TranslateGitHubUrlsInSourceControlInformation;TranslateGitLabUrlsInSourceControlInformation;TranslateAzureReposGitUrlsInSourceControlInformation" (previous value: ";TranslateGitHubUrlsInSourceControlInformation;TranslateGitLabUrlsInSourceControlInformation") at /usr/share/dotnet/sdk/9.0.110/Sdks/Microsoft.SourceLink.AzureRepos.Git/build/Microsoft.SourceLink.AzureRepos.Git.targets (13,5)
       Property reassignment: $(SourceLinkUrlInitializerTargets)=";_InitializeGitHubSourceLinkUrl;_InitializeGitLabSourceLinkUrl;_InitializeAzureReposGitSourceLinkUrl;_InitializeBitbucketGitSourceLinkUrl" (previous value: ";_InitializeGitHubSourceLinkUrl;_InitializeGitLabSourceLinkUrl;_InitializeAzureReposGitSourceLinkUrl") at /usr/share/dotnet/sdk/9.0.110/Sdks/Microsoft.SourceLink.Bitbucket.Git/build/Microsoft.SourceLink.Bitbucket.Git.targets (12,5)
       Property reassignment: $(SourceControlManagerUrlTranslationTargets)=";TranslateGitHubUrlsInSourceControlInformation;TranslateGitLabUrlsInSourceControlInformation;TranslateAzureReposGitUrlsInSourceControlInformation;TranslateBitbucketGitUrlsInSourceControlInformation" (previous value: ";TranslateGitHubUrlsInSourceControlInformation;TranslateGitLabUrlsInSourceControlInformation;TranslateAzureReposGitUrlsInSourceControlInformation") at /usr/share/dotnet/sdk/9.0.110/Sdks/Microsoft.SourceLink.Bitbucket.Git/build/Microsoft.SourceLink.Bitbucket.Git.targets (13,5)
       Property reassignment: $(DesignerRuntimeImplementationProjectOutputGroupDependsOn)="
             
             ;
             
             ;
             BuildOnlySettings;
             PrepareForBuild;
             AssignTargetPaths;
             ResolveReferences
           
           ;
             _GenerateDesignerDepsFile;
             _GenerateDesignerRuntimeConfigFile;
             GetCopyToOutputDirectoryItems;
             _GatherDesignerShadowCopyFiles;
           " (previous value: "
             ;
             
             ;
             BuildOnlySettings;
             PrepareForBuild;
             AssignTargetPaths;
             ResolveReferences
           
           ") at /usr/share/dotnet/sdk/9.0.110/Sdks/Microsoft.NET.Sdk/targets/Microsoft.NET.DesignerSupport.targets (21,5)
       Property reassignment: $(ProjectAssetsCacheFile)="/home/mostafa/Documents/Projects/hr-management-system/backend/HRManagementSystem/src/Infrastructure/HRManagementSystem.Infrastructure/obj/Debug/net8.0/HRManagementSystem.Infrastructure.assets.cache" (previous value: "obj\Debug/net8.0/HRManagementSystem.Infrastructure.assets.cache") at /usr/share/dotnet/sdk/9.0.110/Sdks/Microsoft.NET.Sdk/targets/Microsoft.PackageDependencyResolution.targets (29,5)
       Property reassignment: $(ResolveAssemblyReferencesDependsOn)="
             
             ResolveProjectReferences;
             FindInvalidProjectReferences;
             GetFrameworkPaths;
             GetReferenceAssemblyPaths;
             PrepareForBuild;
             ResolveSDKReferences;
             ExpandSDKReferences;
           ;
             ResolvePackageDependenciesForBuild;
             _HandlePackageFileConflicts;
           " (previous value: "
             ResolveProjectReferences;
             FindInvalidProjectReferences;
             GetFrameworkPaths;
             GetReferenceAssemblyPaths;
             PrepareForBuild;
             ResolveSDKReferences;
             ExpandSDKReferences;
           ") at /usr/share/dotnet/sdk/9.0.110/Sdks/Microsoft.NET.Sdk/targets/Microsoft.PackageDependencyResolution.targets (80,5)
       Property reassignment: $(PrepareResourcesDependsOn)="
             ResolvePackageDependenciesForBuild;
             _HandlePackageFileConflicts;
             
             ;
             PrepareResourceNames;
             ResGen;
             CompileLicxFiles
           
           " (previous value: "
             ;
             PrepareResourceNames;
             ResGen;
             CompileLicxFiles
           ") at /usr/share/dotnet/sdk/9.0.110/Sdks/Microsoft.NET.Sdk/targets/Microsoft.PackageDependencyResolution.targets (86,5)
       Property reassignment: $(_GenerateToolsSettingsFileCacheFile)="/home/mostafa/Documents/Projects/hr-management-system/backend/HRManagementSystem/src/Core/HRManagementSystem.Application/obj/Debug/net8.0/HRManagementSystem.Application.toolssettingsinput.cache" (previous value: "obj\Debug/net8.0/HRManagementSystem.Application.toolssettingsinput.cache") at /usr/share/dotnet/sdk/9.0.110/Sdks/Microsoft.NET.Sdk/targets/Microsoft.NET.PackTool.targets (68,5)
       Property reassignment: $(_ShimInputCacheFile)="/home/mostafa/Documents/Projects/hr-management-system/backend/HRManagementSystem/src/Core/HRManagementSystem.Application/obj/Debug/net8.0/HRManagementSystem.Application.shiminput.cache" (previous value: "obj\Debug/net8.0/HRManagementSystem.Application.shiminput.cache") at /usr/share/dotnet/sdk/9.0.110/Sdks/Microsoft.NET.Sdk/targets/Microsoft.NET.PackTool.targets (137,5)
       Property reassignment: $(DefaultItemExcludes)=";bin\Debug//**;obj\Debug//**;bin\/**" (previous value: ";bin\Debug//**;obj\Debug//**") at /usr/share/dotnet/sdk/9.0.110/Sdks/Microsoft.NET.Sdk/targets/Microsoft.NET.Sdk.DefaultItems.targets (27,5)
       Property reassignment: $(DefaultItemExcludes)=";bin\Debug//**;obj\Debug//**;bin\/**;obj\/**" (previous value: ";bin\Debug//**;obj\Debug//**;bin\/**") at /usr/share/dotnet/sdk/9.0.110/Sdks/Microsoft.NET.Sdk/targets/Microsoft.NET.Sdk.DefaultItems.targets (29,5)
       Property reassignment: $(DefaultItemExcludes)=";bin\Debug//**;obj\Debug//**;bin\/**;obj\/**;**/*.user" (previous value: ";bin\Debug//**;obj\Debug//**;bin\/**;obj\/**") at /usr/share/dotnet/sdk/9.0.110/Sdks/Microsoft.NET.Sdk/targets/Microsoft.NET.Sdk.DefaultItems.targets (32,5)
       Property reassignment: $(DefaultItemExcludes)=";bin\Debug//**;obj\Debug//**;bin\/**;obj\/**;**/*.user;**/*.*proj" (previous value: ";bin\Debug//**;obj\Debug//**;bin\/**;obj\/**;**/*.user") at /usr/share/dotnet/sdk/9.0.110/Sdks/Microsoft.NET.Sdk/targets/Microsoft.NET.Sdk.DefaultItems.targets (33,5)
       Property reassignment: $(DefaultItemExcludes)=";bin\Debug//**;obj\Debug//**;bin\/**;obj\/**;**/*.user;**/*.*proj;**/*.sln" (previous value: ";bin\Debug//**;obj\Debug//**;bin\/**;obj\/**;**/*.user;**/*.*proj") at /usr/share/dotnet/sdk/9.0.110/Sdks/Microsoft.NET.Sdk/targets/Microsoft.NET.Sdk.DefaultItems.targets (34,5)
       Property reassignment: $(DefaultItemExcludes)=";bin\Debug//**;obj\Debug//**;bin\/**;obj\/**;**/*.user;**/*.*proj;**/*.sln;**/*.vssscc" (previous value: ";bin\Debug//**;obj\Debug//**;bin\/**;obj\/**;**/*.user;**/*.*proj;**/*.sln") at /usr/share/dotnet/sdk/9.0.110/Sdks/Microsoft.NET.Sdk/targets/Microsoft.NET.Sdk.DefaultItems.targets (35,5)
       Property reassignment: $(DefaultItemExcludes)=";bin\Debug//**;obj\Debug//**;bin\/**;obj\/**;**/*.user;**/*.*proj;**/*.sln;**/*.vssscc;**/.DS_Store" (previous value: ";bin\Debug//**;obj\Debug//**;bin\/**;obj\/**;**/*.user;**/*.*proj;**/*.sln;**/*.vssscc") at /usr/share/dotnet/sdk/9.0.110/Sdks/Microsoft.NET.Sdk/targets/Microsoft.NET.Sdk.DefaultItems.targets (36,5)
       Assembly loaded during Evaluation: Microsoft.Build.Utilities.Core, Version=15.1.0.0, Culture=neutral, PublicKeyToken=b03f5f7f11d50a3a (location: /usr/share/dotnet/sdk/9.0.110/Microsoft.Build.Utilities.Core.dll, MVID: 5feb56b8-d5f7-4e1c-8f9a-34be24e4b4cc, AssemblyLoadContext: Default)
       Property reassignment: $(_ShimCreatedSentinelFile)="/home/mostafa/Documents/Projects/hr-management-system/backend/HRManagementSystem/src/Core/HRManagementSystem.Application/obj/Debug/net8.0/HRManagementSystem.Application.shimcreated.sentinel" (previous value: "obj\Debug/net8.0/HRManagementSystem.Application.shimcreated.sentinel") at /usr/share/dotnet/sdk/9.0.110/Sdks/Microsoft.NET.Sdk/targets/Microsoft.NET.PackTool.targets (139,5)
       Property reassignment: $(DefineConstants)="TRACE;DEBUG" (previous value: "TRACE") at /usr/share/dotnet/sdk/9.0.110/Sdks/Microsoft.NET.Sdk/targets/Microsoft.NET.Sdk.CSharp.targets (31,5)
       Property reassignment: $(DefineConstants)="TRACE;DEBUG;NET;NET8_0;NETCOREAPP" (previous value: "TRACE;DEBUG") at /usr/share/dotnet/sdk/9.0.110/Sdks/Microsoft.NET.Sdk/targets/Microsoft.NET.Sdk.CSharp.targets (34,5)
       Property reassignment: $(WarningsAsErrors)=";NU1605;SYSLIB0011" (previous value: ";NU1605") at /usr/share/dotnet/sdk/9.0.110/Sdks/Microsoft.NET.Sdk/targets/Microsoft.NET.Sdk.CSharp.targets (48,5)
       Property reassignment: $(ResolveAssemblyReferencesDependsOn)="
             
             
             ResolveProjectReferences;
             FindInvalidProjectReferences;
             GetFrameworkPaths;
             GetReferenceAssemblyPaths;
             PrepareForBuild;
             ResolveSDKReferences;
             ExpandSDKReferences;
           ;
             ResolvePackageDependenciesForBuild;
             _HandlePackageFileConflicts;
           ;
             ResolveTargetingPackAssets;
           " (previous value: "
             
             ResolveProjectReferences;
             FindInvalidProjectReferences;
             GetFrameworkPaths;
             GetReferenceAssemblyPaths;
             PrepareForBuild;
             ResolveSDKReferences;
             ExpandSDKReferences;
           ;
             ResolvePackageDependenciesForBuild;
             _HandlePackageFileConflicts;
           ") at /usr/share/dotnet/sdk/9.0.110/Sdks/Microsoft.NET.Sdk/targets/Microsoft.NET.Sdk.FrameworkReferenceResolution.targets (14,5)
       Property reassignment: $(_GenerateRuntimeConfigurationPropertyInputsCache)="/home/mostafa/Documents/Projects/hr-management-system/backend/HRManagementSystem/src/Infrastructure/HRManagementSystem.Infrastructure/obj/Debug/net8.0/HRManagementSystem.Infrastructure.genruntimeconfig.cache" (previous value: "obj\Debug/net8.0/HRManagementSystem.Infrastructure.genruntimeconfig.cache") at /usr/share/dotnet/sdk/9.0.110/Sdks/Microsoft.NET.Sdk/targets/Microsoft.NET.Sdk.targets (44,5)
       Property reassignment: $(_GeneratePublishDependencyFilePropertyInputsCache)="/home/mostafa/Documents/Projects/hr-management-system/backend/HRManagementSystem/src/Infrastructure/HRManagementSystem.Infrastructure/obj/Debug/net8.0/HRManagementSystem.Infrastructure.genpublishdeps.cache" (previous value: "obj\Debug/net8.0/HRManagementSystem.Infrastructure.genpublishdeps.cache") at /usr/share/dotnet/sdk/9.0.110/Sdks/Microsoft.NET.Sdk/targets/Microsoft.NET.Sdk.targets (46,5)
       Property reassignment: $(_GenerateSingleFileBundlePropertyInputsCache)="/home/mostafa/Documents/Projects/hr-management-system/backend/HRManagementSystem/src/Infrastructure/HRManagementSystem.Infrastructure/obj/Debug/net8.0/HRManagementSystem.Infrastructure.genbundle.cache" (previous value: "obj\Debug/net8.0/HRManagementSystem.Infrastructure.genbundle.cache") at /usr/share/dotnet/sdk/9.0.110/Sdks/Microsoft.NET.Sdk/targets/Microsoft.NET.Sdk.targets (48,5)
       Property reassignment: $(GenerateRuntimeConfigDevFile)="false" (previous value: "true") at /usr/share/dotnet/sdk/9.0.110/Sdks/Microsoft.NET.Sdk/targets/Microsoft.NET.Sdk.targets (81,5)
       /usr/share/dotnet/sdk/9.0.110/Sdks/Microsoft.NET.Sdk/targets/Microsoft.NET.Sdk.targets(96,5): message : Property 'HOME' with value '/home/mostafa' expanded from the environment.
       Property reassignment: $(_DefaultUserProfileRuntimeStorePath)="/home/mostafa/.dotnet/store" (previous value: "/home/mostafa") at /usr/share/dotnet/sdk/9.0.110/Sdks/Microsoft.NET.Sdk/targets/Microsoft.NET.Sdk.targets (98,5)
       Property reassignment: $(AvailablePlatforms)="Any CPU,x86,x64,ARM32" (previous value: "Any CPU,x86,x64") at /usr/share/dotnet/sdk/9.0.110/Sdks/Microsoft.NET.Sdk/targets/Microsoft.NET.Sdk.targets (140,5)
       Property reassignment: $(AvailablePlatforms)="Any CPU,x86,x64,ARM32,ARM64" (previous value: "Any CPU,x86,x64,ARM32") at /usr/share/dotnet/sdk/9.0.110/Sdks/Microsoft.NET.Sdk/targets/Microsoft.NET.Sdk.targets (144,5)
       Property reassignment: $(CoreBuildDependsOn)="
             _CheckForBuildWithNoBuild;
             
             BuildOnlySettings;
             PrepareForBuild;
             PreBuildEvent;
             ResolveReferences;
             PrepareResources;
             ResolveKeySource;
             Compile;
             ExportWindowsMDFile;
             UnmanagedUnregistration;
             GenerateSerializationAssemblies;
             CreateSatelliteAssemblies;
             GenerateManifests;
             GetTargetPath;
             PrepareForRun;
             UnmanagedRegistration;
             IncrementalClean;
             PostBuildEvent
           ;
             GenerateBuildDependencyFile;
             GenerateBuildRuntimeConfigurationFiles
           " (previous value: "
             BuildOnlySettings;
             PrepareForBuild;
             PreBuildEvent;
             ResolveReferences;
             PrepareResources;
             ResolveKeySource;
             Compile;
             ExportWindowsMDFile;
             UnmanagedUnregistration;
             GenerateSerializationAssemblies;
             CreateSatelliteAssemblies;
             GenerateManifests;
             GetTargetPath;
             PrepareForRun;
             UnmanagedRegistration;
             IncrementalClean;
             PostBuildEvent
           ") at /usr/share/dotnet/sdk/9.0.110/Sdks/Microsoft.NET.Sdk/targets/Microsoft.NET.Sdk.targets (201,5)
       Property reassignment: $(CoreCleanDependsOn)="
             _SdkBeforeClean;
             
           " (previous value: "") at /usr/share/dotnet/sdk/9.0.110/Sdks/Microsoft.NET.Sdk/targets/Microsoft.NET.Sdk.targets (210,5)
       Property reassignment: $(RebuildDependsOn)="
             _SdkBeforeRebuild;
             
             BeforeRebuild;
             Clean;
             Build;
             AfterRebuild;
           
           " (previous value: "
             BeforeRebuild;
             Clean;
             Build;
             AfterRebuild;
           ") at /usr/share/dotnet/sdk/9.0.110/Sdks/Microsoft.NET.Sdk/targets/Microsoft.NET.Sdk.targets (217,5)
       Property reassignment: $(CompileDependsOn)="
             
             ResolveReferences;
             ResolveKeySource;
             SetWin32ManifestProperties;
             _SetPreferNativeArm64Win32ManifestProperties;
             FindReferenceAssembliesForReferences;
             _GenerateCompileInputs;
             BeforeCompile;
             _TimeStampBeforeCompile;
             _GenerateCompileDependencyCache;
             CoreCompile;
             _TimeStampAfterCompile;
             AfterCompile;
           ;
             _CreateAppHost;
             _CreateComHost;
             _GetIjwHostPaths;
           " (previous value: "
             ResolveReferences;
             ResolveKeySource;
             SetWin32ManifestProperties;
             _SetPreferNativeArm64Win32ManifestProperties;
             FindReferenceAssembliesForReferences;
             _GenerateCompileInputs;
             BeforeCompile;
             _TimeStampBeforeCompile;
             _GenerateCompileDependencyCache;
             CoreCompile;
             _TimeStampAfterCompile;
             AfterCompile;
           ") at /usr/share/dotnet/sdk/9.0.110/Sdks/Microsoft.NET.Sdk/targets/Microsoft.NET.Sdk.targets (784,5)
       Property reassignment: $(CreateSatelliteAssembliesDependsOn)="
             
             ;
             _GenerateSatelliteAssemblyInputs;
             ComputeIntermediateSatelliteAssemblies;
             GenerateSatelliteAssemblies
           ;
             CoreGenerateSatelliteAssemblies
           " (previous value: "
             ;
             _GenerateSatelliteAssemblyInputs;
             ComputeIntermediateSatelliteAssemblies;
             GenerateSatelliteAssemblies
           ") at /usr/share/dotnet/sdk/9.0.110/Sdks/Microsoft.NET.Sdk/targets/Microsoft.NET.Sdk.targets (1184,5)
       Property reassignment: $(SourceLinkUrlInitializerTargets)=";_InitializeGitHubSourceLinkUrl;_InitializeGitLabSourceLinkUrl" (previous value: ";_InitializeGitHubSourceLinkUrl") at /usr/share/dotnet/sdk/9.0.110/Sdks/Microsoft.SourceLink.GitLab/build/Microsoft.SourceLink.GitLab.targets (12,5)
       Property reassignment: $(SourceControlManagerUrlTranslationTargets)=";TranslateGitHubUrlsInSourceControlInformation;TranslateGitLabUrlsInSourceControlInformation" (previous value: ";TranslateGitHubUrlsInSourceControlInformation") at /usr/share/dotnet/sdk/9.0.110/Sdks/Microsoft.SourceLink.GitLab/build/Microsoft.SourceLink.GitLab.targets (13,5)
       Property reassignment: $(SourceLinkUrlInitializerTargets)=";_InitializeGitHubSourceLinkUrl;_InitializeGitLabSourceLinkUrl;_InitializeAzureReposGitSourceLinkUrl" (previous value: ";_InitializeGitHubSourceLinkUrl;_InitializeGitLabSourceLinkUrl") at /usr/share/dotnet/sdk/9.0.110/Sdks/Microsoft.SourceLink.AzureRepos.Git/build/Microsoft.SourceLink.AzureRepos.Git.targets (12,5)
       Property reassignment: $(SourceControlManagerUrlTranslationTargets)=";TranslateGitHubUrlsInSourceControlInformation;TranslateGitLabUrlsInSourceControlInformation;TranslateAzureReposGitUrlsInSourceControlInformation" (previous value: ";TranslateGitHubUrlsInSourceControlInformation;TranslateGitLabUrlsInSourceControlInformation") at /usr/share/dotnet/sdk/9.0.110/Sdks/Microsoft.SourceLink.AzureRepos.Git/build/Microsoft.SourceLink.AzureRepos.Git.targets (13,5)
       Property reassignment: $(SourceLinkUrlInitializerTargets)=";_InitializeGitHubSourceLinkUrl;_InitializeGitLabSourceLinkUrl;_InitializeAzureReposGitSourceLinkUrl;_InitializeBitbucketGitSourceLinkUrl" (previous value: ";_InitializeGitHubSourceLinkUrl;_InitializeGitLabSourceLinkUrl;_InitializeAzureReposGitSourceLinkUrl") at /usr/share/dotnet/sdk/9.0.110/Sdks/Microsoft.SourceLink.Bitbucket.Git/build/Microsoft.SourceLink.Bitbucket.Git.targets (12,5)
       Property reassignment: $(SourceControlManagerUrlTranslationTargets)=";TranslateGitHubUrlsInSourceControlInformation;TranslateGitLabUrlsInSourceControlInformation;TranslateAzureReposGitUrlsInSourceControlInformation;TranslateBitbucketGitUrlsInSourceControlInformation" (previous value: ";TranslateGitHubUrlsInSourceControlInformation;TranslateGitLabUrlsInSourceControlInformation;TranslateAzureReposGitUrlsInSourceControlInformation") at /usr/share/dotnet/sdk/9.0.110/Sdks/Microsoft.SourceLink.Bitbucket.Git/build/Microsoft.SourceLink.Bitbucket.Git.targets (13,5)
       Property reassignment: $(DesignerRuntimeImplementationProjectOutputGroupDependsOn)="
             
             ;
             
             ;
             BuildOnlySettings;
             PrepareForBuild;
             AssignTargetPaths;
             ResolveReferences
           
           ;
             _GenerateDesignerDepsFile;
             _GenerateDesignerRuntimeConfigFile;
             GetCopyToOutputDirectoryItems;
             _GatherDesignerShadowCopyFiles;
           " (previous value: "
             ;
             
             ;
             BuildOnlySettings;
             PrepareForBuild;
             AssignTargetPaths;
             ResolveReferences
           
           ") at /usr/share/dotnet/sdk/9.0.110/Sdks/Microsoft.NET.Sdk/targets/Microsoft.NET.DesignerSupport.targets (21,5)
       Property reassignment: $(PackageDescription)="Package Description" (previous value: "") at /usr/share/dotnet/sdk/9.0.110/Sdks/NuGet.Build.Tasks.Pack/build/NuGet.Build.Tasks.Pack.targets (34,5)
       Property reassignment: $(GenerateNuspecDependsOn)="Build;_LoadPackInputItems; _GetTargetFrameworksOutput; _WalkEachTargetPerFramework; _GetPackageFiles; " (previous value: "_LoadPackInputItems; _GetTargetFrameworksOutput; _WalkEachTargetPerFramework; _GetPackageFiles; ") at /usr/share/dotnet/sdk/9.0.110/Sdks/NuGet.Build.Tasks.Pack/build/NuGet.Build.Tasks.Pack.targets (59,5)
       The "Platform" property is a global property, and cannot be modified.
       Property reassignment: $(_IsNotSetContainersTargetsDir)="true" (previous value: "false") at /usr/share/dotnet/sdk/9.0.110/Sdks/Microsoft.NET.Sdk/Sdk/Sdk.targets (60,5)
       The "Configuration" property is a global property, and cannot be modified.
       Property reassignment: $(_IsSDKContainerAllowedVersion)="true" (previous value: "false") at /usr/share/dotnet/sdk/9.0.110/Containers/build/Microsoft.NET.Build.Containers.targets (5,5)
       Property reassignment: $(_DebugSymbolsProduced)="true" (previous value: "false") at /usr/share/dotnet/sdk/9.0.110/Microsoft.Common.CurrentVersion.targets (175,5)
       Property reassignment: $(_ContainerIsTargetingNet8TFM)="true" (previous value: "false") at /usr/share/dotnet/sdk/9.0.110/Containers/build/Microsoft.NET.Build.Containers.targets (15,5)
       Property reassignment: $(_DocumentationFileProduced)="false" (previous value: "true") at /usr/share/dotnet/sdk/9.0.110/Microsoft.Common.CurrentVersion.targets (185,5)
       The "SolutionName" property is a global property, and cannot be modified.
       The "SolutionFileName" property is a global property, and cannot be modified.
       The "SolutionPath" property is a global property, and cannot be modified.
       The "SolutionDir" property is a global property, and cannot be modified.
       The "SolutionExt" property is a global property, and cannot be modified.
       Property reassignment: $(MSBuildCopyMarkerName)="HRManage.6376EAEC" (previous value: "HRManagementSystem.WebApi.csproj") at /usr/share/dotnet/sdk/9.0.110/Microsoft.Common.CurrentVersion.targets (392,5)
       Property reassignment: $(MSBuildCopyMarkerName)="HRManage.6376EAEC.Up2Date" (previous value: "HRManage.6376EAEC") at /usr/share/dotnet/sdk/9.0.110/Microsoft.Common.CurrentVersion.targets (393,5)
       Property reassignment: $(ProcessorArchitecture)="msil" (previous value: "") at /usr/share/dotnet/sdk/9.0.110/Microsoft.Common.CurrentVersion.targets (541,5)
       Property reassignment: $(DelaySign)="" (previous value: "false") at /usr/share/dotnet/sdk/9.0.110/Microsoft.Common.CurrentVersion.targets (580,5)
       /usr/share/dotnet/sdk/9.0.110/Microsoft.Common.CurrentVersion.targets(2579,5): message : Property 'LocalAppData' with value '/home/mostafa/.local/share' expanded from the environment.
       Property reassignment: $(_SGenGenerateSerializationAssembliesConfig)="Auto" (previous value: "") at /usr/share/dotnet/sdk/9.0.110/Microsoft.Common.CurrentVersion.targets (3897,5)
       Property reassignment: $(_SGenGenerateSerializationAssembliesConfig)="Off" (previous value: "Auto") at /usr/share/dotnet/sdk/9.0.110/Microsoft.Common.CurrentVersion.targets (3898,5)
       Property reassignment: $(_TargetsThatPrepareProjectReferences)="
             AssignProjectConfiguration;
             _SplitProjectReferencesByFileExistence
           " (previous value: "_SplitProjectReferencesByFileExistence") at /usr/share/dotnet/sdk/9.0.110/Microsoft.Common.CurrentVersion.targets (5100,5)
       /usr/share/dotnet/sdk/9.0.110/Microsoft.Common.CurrentVersion.targets(6846,5): message : Property 'MSBuildExtensionsPath32' with value '/usr/share/dotnet/sdk/9.0.110' expanded from the environment.
       Property reassignment: $(_GenerateToolsSettingsFileCacheFile)="/home/mostafa/Documents/Projects/hr-management-system/backend/HRManagementSystem/src/Infrastructure/HRManagementSystem.Infrastructure/obj/Debug/net8.0/HRManagementSystem.Infrastructure.toolssettingsinput.cache" (previous value: "obj\Debug/net8.0/HRManagementSystem.Infrastructure.toolssettingsinput.cache") at /usr/share/dotnet/sdk/9.0.110/Sdks/Microsoft.NET.Sdk/targets/Microsoft.NET.PackTool.targets (68,5)
       Property reassignment: $(_ShimInputCacheFile)="/home/mostafa/Documents/Projects/hr-management-system/backend/HRManagementSystem/src/Infrastructure/HRManagementSystem.Infrastructure/obj/Debug/net8.0/HRManagementSystem.Infrastructure.shiminput.cache" (previous value: "obj\Debug/net8.0/HRManagementSystem.Infrastructure.shiminput.cache") at /usr/share/dotnet/sdk/9.0.110/Sdks/Microsoft.NET.Sdk/targets/Microsoft.NET.PackTool.targets (137,5)
       Property reassignment: $(_ShimCreatedSentinelFile)="/home/mostafa/Documents/Projects/hr-management-system/backend/HRManagementSystem/src/Infrastructure/HRManagementSystem.Infrastructure/obj/Debug/net8.0/HRManagementSystem.Infrastructure.shimcreated.sentinel" (previous value: "obj\Debug/net8.0/HRManagementSystem.Infrastructure.shimcreated.sentinel") at /usr/share/dotnet/sdk/9.0.110/Sdks/Microsoft.NET.Sdk/targets/Microsoft.NET.PackTool.targets (139,5)
       Property reassignment: $(DefineConstants)="TRACE;DEBUG" (previous value: "TRACE") at /usr/share/dotnet/sdk/9.0.110/Sdks/Microsoft.NET.Sdk/targets/Microsoft.NET.Sdk.CSharp.targets (31,5)
       Property reassignment: $(DefineConstants)="TRACE;DEBUG;NET;NET8_0;NETCOREAPP" (previous value: "TRACE;DEBUG") at /usr/share/dotnet/sdk/9.0.110/Sdks/Microsoft.NET.Sdk/targets/Microsoft.NET.Sdk.CSharp.targets (34,5)
       Property reassignment: $(WarningsAsErrors)=";NU1605;SYSLIB0011" (previous value: ";NU1605") at /usr/share/dotnet/sdk/9.0.110/Sdks/Microsoft.NET.Sdk/targets/Microsoft.NET.Sdk.CSharp.targets (48,5)
     2>_GetProjectReferenceTargetFrameworkProperties:
       Task "GetReferenceNearestTargetFrameworkTask" skipped, due to false condition; ('@(_ProjectReferenceTargetFrameworkPossibilities)' != '' and '$(ReferringTargetFrameworkForProjectReferences)' != ''
                                                               And '$(GetReferenceNearestTargetFrameworkTaskSupportsTargetPlatformParameter)' == 'true' and '%(_ProjectReferenceTargetFrameworkPossibilities.IsVcxOrNativeProj)' != 'true') was evaluated as ('' != '' and '.NETCoreApp,Version=v8.0' != ''
                                                               And 'true' == 'true' and '' != 'true').
       Task "GetReferenceNearestTargetFrameworkTask" skipped, due to false condition; ('@(_ProjectReferenceTargetFrameworkPossibilities)' != '' and '$(ReferringTargetFrameworkForProjectReferences)' != ''
                                                               And '$(GetReferenceNearestTargetFrameworkTaskSupportsTargetPlatformParameter)' != 'true' and '%(_ProjectReferenceTargetFrameworkPossibilities.IsVcxOrNativeProj)' != 'true') was evaluated as ('' != '' and '.NETCoreApp,Version=v8.0' != ''
                                                               And 'true' != 'true' and '' != 'true').
     0>Property reassignment: $(OpenApiGenerateDocuments)="true" (previous value: "") at /home/mostafa/.nuget/packages/microsoft.extensions.apidescription.server/6.0.5/build/Microsoft.Extensions.ApiDescription.Server.targets (9,5)
     2>_GetProjectReferenceTargetFrameworkProperties:
       Using "SetRidAgnosticValueForProjects" task from assembly "Microsoft.Build.Tasks.Core, Version=15.1.0.0, Culture=neutral, PublicKeyToken=b03f5f7f11d50a3a".
       Task "SetRidAgnosticValueForProjects"
       Done executing task "SetRidAgnosticValueForProjects".
     2>Done building target "_GetProjectReferenceTargetFrameworkProperties" in project "HRManagementSystem.Domain.csproj".
     2>Target "ValidateExecutableReferences" in file "/usr/share/dotnet/sdk/9.0.110/Sdks/Microsoft.NET.Sdk/targets/Microsoft.NET.Sdk.targets" from project "/home/mostafa/Documents/Projects/hr-management-system/backend/HRManagementSystem/src/Core/HRManagementSystem.Domain/HRManagementSystem.Domain.csproj" (target "PrepareProjectReferences" depends on it):
       Using "ValidateExecutableReferences" task from assembly "/usr/share/dotnet/sdk/9.0.110/Sdks/Microsoft.NET.Sdk/targets/../tools/net9.0/Microsoft.NET.Build.Tasks.dll".
       Task "ValidateExecutableReferences"
       Done executing task "ValidateExecutableReferences".
     2>Done building target "ValidateExecutableReferences" in project "HRManagementSystem.Domain.csproj".
       Target "_GetProjectReferencePlatformProperties" skipped, due to false condition; ('$(EnableDynamicPlatformResolution)' == 'true'
                            and '@(_MSBuildProjectReferenceExistent)' != '') was evaluated as ('' == 'true'
                            and '' != '').
     2>Target "PrepareProjectReferences" in file "/usr/share/dotnet/sdk/9.0.110/Microsoft.Common.CurrentVersion.targets" from project "/home/mostafa/Documents/Projects/hr-management-system/backend/HRManagementSystem/src/Core/HRManagementSystem.Domain/HRManagementSystem.Domain.csproj" (target "ResolveProjectReferences" depends on it):
     2>Done building target "PrepareProjectReferences" in project "HRManagementSystem.Domain.csproj".
     2>Target "ResolveProjectReferences" in file "/usr/share/dotnet/sdk/9.0.110/Microsoft.Common.CurrentVersion.targets" from project "/home/mostafa/Documents/Projects/hr-management-system/backend/HRManagementSystem/src/Core/HRManagementSystem.Domain/HRManagementSystem.Domain.csproj" (target "ResolveReferences" depends on it):
       Task "MSBuild" skipped, due to false condition; ('%(_MSBuildProjectReferenceExistent.BuildReference)' == 'true' and '@(ProjectReferenceWithConfiguration)' != '' and ('$(BuildingInsideVisualStudio)' == 'true' or '$(BuildProjectReferences)' != 'true') and '$(VisualStudioVersion)' != '10.0' and '@(_MSBuildProjectReferenceExistent)' != '') was evaluated as ('' == 'true' and '' != '' and ('' == 'true' or 'true' != 'true') and '17.0' != '10.0' and '' != '').
       Task "MSBuild" skipped, due to false condition; ('%(_MSBuildProjectReferenceExistent.BuildReference)' == 'true' and '@(ProjectReferenceWithConfiguration)' != '' and '$(BuildingInsideVisualStudio)' != 'true' and '$(BuildProjectReferences)' == 'true' and '@(_MSBuildProjectReferenceExistent)' != '') was evaluated as ('' == 'true' and '' != '' and '' != 'true' and 'true' == 'true' and '' != '').
       Task "MSBuild" skipped, due to false condition; ('%(_MSBuildProjectReferenceExistent.BuildReference)' == 'true' and '@(ProjectReferenceWithConfiguration)' != '' and '$(BuildingProject)' == 'true' and '@(_MSBuildProjectReferenceExistent)' != '') was evaluated as ('' == 'true' and '' != '' and 'true' == 'true' and '' != '').
       Task "Warning" skipped, due to false condition; ('@(ProjectReferenceWithConfiguration)' != '' and '@(_MSBuildProjectReferenceNonexistent)' != '' and '$(ErrorOnMissingProjectReference)' != 'True') was evaluated as ('' != '' and '' != '' and '' != 'True').
       Task "Error" skipped, due to false condition; ('@(ProjectReferenceWithConfiguration)' != '' and '@(_MSBuildProjectReferenceNonexistent)' != '' and '$(ErrorOnMissingProjectReference)' == 'True') was evaluated as ('' != '' and '' != '' and '' == 'True').
     2>Done building target "ResolveProjectReferences" in project "HRManagementSystem.Domain.csproj".
       Target "FindInvalidProjectReferences" skipped, due to false condition; ('$(FindInvalidProjectReferences)' == 'true') was evaluated as ('' == 'true').
       Target "ResolveNativeReferences" skipped, due to false condition; ('@(NativeReference)'!='') was evaluated as (''!='').
       Target "ResolveProjectReferences" skipped. Previously built successfully.
       Target "FindInvalidProjectReferences" skipped, due to false condition; ('$(FindInvalidProjectReferences)' == 'true') was evaluated as ('' == 'true').
       Target "GetFrameworkPaths" skipped. Previously built successfully.
       Target "GetReferenceAssemblyPaths" skipped. Previously built successfully.
       Target "PrepareForBuild" skipped. Previously built successfully.
       Target "GetInstalledSDKLocations" skipped, due to false condition; ('@(SDKReference)' != '') was evaluated as ('' != '').
     2>Target "ResolveSDKReferences" in file "/usr/share/dotnet/sdk/9.0.110/Microsoft.Common.CurrentVersion.targets" from project "/home/mostafa/Documents/Projects/hr-management-system/backend/HRManagementSystem/src/Core/HRManagementSystem.Domain/HRManagementSystem.Domain.csproj" (target "ResolveAssemblyReferences" depends on it):
       Task "ResolveSDKReference" skipped, due to false condition; ('@(SDKReference)'!='') was evaluated as (''!='').
     2>Done building target "ResolveSDKReferences" in project "HRManagementSystem.Domain.csproj".
       Target "ResolveSDKReferences" skipped. Previously built successfully.
     2>Target "ExpandSDKReferences" in file "/usr/share/dotnet/sdk/9.0.110/Microsoft.Common.CurrentVersion.targets" from project "/home/mostafa/Documents/Projects/hr-management-system/backend/HRManagementSystem/src/Core/HRManagementSystem.Domain/HRManagementSystem.Domain.csproj" (target "ResolveAssemblyReferences" depends on it):
       Task "GetSDKReferenceFiles" skipped, due to false condition; ('@(ResolvedSDKReference)'!='') was evaluated as (''!='').
     2>Done building target "ExpandSDKReferences" in project "HRManagementSystem.Domain.csproj".
       Target "ResolvePackageDependenciesForBuild" skipped. Previously built successfully.
       Target "GetFrameworkPaths" skipped. Previously built successfully.
       Target "GetReferenceAssemblyPaths" skipped. Previously built successfully.
       Target "ProcessFrameworkReferences" skipped. Previously built successfully.
       Target "ResolvePackageAssets" skipped. Previously built successfully.
     2>Target "ResolveFrameworkReferences" in file "/usr/share/dotnet/sdk/9.0.110/Sdks/Microsoft.NET.Sdk/targets/Microsoft.NET.Sdk.FrameworkReferenceResolution.targets" from project "/home/mostafa/Documents/Projects/hr-management-system/backend/HRManagementSystem/src/Core/HRManagementSystem.Domain/HRManagementSystem.Domain.csproj" (target "ResolveTargetingPackAssets" depends on it):
       Using "GetPackageDirectory" task from assembly "/usr/share/dotnet/sdk/9.0.110/Sdks/Microsoft.NET.Sdk/targets/../tools/net9.0/Microsoft.NET.Build.Tasks.dll".
       Task "GetPackageDirectory"
     0>Property reassignment: $(PackageDescription)="Package Description" (previous value: "") at /usr/share/dotnet/sdk/9.0.110/Sdks/NuGet.Build.Tasks.Pack/build/NuGet.Build.Tasks.Pack.targets (34,5)
       Property reassignment: $(GenerateNuspecDependsOn)="Build;_LoadPackInputItems; _GetTargetFrameworksOutput; _WalkEachTargetPerFramework; _GetPackageFiles; " (previous value: "_LoadPackInputItems; _GetTargetFrameworksOutput; _WalkEachTargetPerFramework; _GetPackageFiles; ") at /usr/share/dotnet/sdk/9.0.110/Sdks/NuGet.Build.Tasks.Pack/build/NuGet.Build.Tasks.Pack.targets (59,5)
       Property reassignment: $(_IsNotSetContainersTargetsDir)="true" (previous value: "false") at /usr/share/dotnet/sdk/9.0.110/Sdks/Microsoft.NET.Sdk/Sdk/Sdk.targets (60,5)
       Property reassignment: $(ProjectAssetsCacheFile)="/home/mostafa/Documents/Projects/hr-management-system/backend/HRManagementSystem/src/Presentation/HRManagementSystem.WebApi/obj/Debug/net8.0/HRManagementSystem.WebApi.assets.cache" (previous value: "obj\Debug/net8.0/HRManagementSystem.WebApi.assets.cache") at /usr/share/dotnet/sdk/9.0.110/Sdks/Microsoft.NET.Sdk/targets/Microsoft.PackageDependencyResolution.targets (29,5)
       Property reassignment: $(ResolveAssemblyReferencesDependsOn)="
             
             ResolveProjectReferences;
             FindInvalidProjectReferences;
             GetFrameworkPaths;
             GetReferenceAssemblyPaths;
             PrepareForBuild;
             ResolveSDKReferences;
             ExpandSDKReferences;
           ;
             ResolvePackageDependenciesForBuild;
             _HandlePackageFileConflicts;
           " (previous value: "
             ResolveProjectReferences;
             FindInvalidProjectReferences;
             GetFrameworkPaths;
             GetReferenceAssemblyPaths;
             PrepareForBuild;
             ResolveSDKReferences;
             ExpandSDKReferences;
           ") at /usr/share/dotnet/sdk/9.0.110/Sdks/Microsoft.NET.Sdk/targets/Microsoft.PackageDependencyResolution.targets (80,5)
       Property reassignment: $(PrepareResourcesDependsOn)="
             ResolvePackageDependenciesForBuild;
             _HandlePackageFileConflicts;
             
             ;
             PrepareResourceNames;
             ResGen;
             CompileLicxFiles
           
           " (previous value: "
             ;
             PrepareResourceNames;
             ResGen;
             CompileLicxFiles
           ") at /usr/share/dotnet/sdk/9.0.110/Sdks/Microsoft.NET.Sdk/targets/Microsoft.PackageDependencyResolution.targets (86,5)
       Property reassignment: $(DefaultItemExcludes)=";**\node_modules\**;node_modules\**;**\jspm_packages\**;jspm_packages\**;**\bower_components\**;bower_components\**;**\packages.lock.json;bin\Debug//**;obj\Debug//**;bin\/**" (previous value: ";**\node_modules\**;node_modules\**;**\jspm_packages\**;jspm_packages\**;**\bower_components\**;bower_components\**;**\packages.lock.json;bin\Debug//**;obj\Debug//**") at /usr/share/dotnet/sdk/9.0.110/Sdks/Microsoft.NET.Sdk/targets/Microsoft.NET.Sdk.DefaultItems.targets (27,5)
       Property reassignment: $(DefaultItemExcludes)=";**\node_modules\**;node_modules\**;**\jspm_packages\**;jspm_packages\**;**\bower_components\**;bower_components\**;**\packages.lock.json;bin\Debug//**;obj\Debug//**;bin\/**;obj\/**" (previous value: ";**\node_modules\**;node_modules\**;**\jspm_packages\**;jspm_packages\**;**\bower_components\**;bower_components\**;**\packages.lock.json;bin\Debug//**;obj\Debug//**;bin\/**") at /usr/share/dotnet/sdk/9.0.110/Sdks/Microsoft.NET.Sdk/targets/Microsoft.NET.Sdk.DefaultItems.targets (29,5)
       Property reassignment: $(DefaultItemExcludes)=";**\node_modules\**;node_modules\**;**\jspm_packages\**;jspm_packages\**;**\bower_components\**;bower_components\**;**\packages.lock.json;bin\Debug//**;obj\Debug//**;bin\/**;obj\/**;**/*.user" (previous value: ";**\node_modules\**;node_modules\**;**\jspm_packages\**;jspm_packages\**;**\bower_components\**;bower_components\**;**\packages.lock.json;bin\Debug//**;obj\Debug//**;bin\/**;obj\/**") at /usr/share/dotnet/sdk/9.0.110/Sdks/Microsoft.NET.Sdk/targets/Microsoft.NET.Sdk.DefaultItems.targets (32,5)
       Property reassignment: $(_IsSDKContainerAllowedVersion)="true" (previous value: "false") at /usr/share/dotnet/sdk/9.0.110/Containers/build/Microsoft.NET.Build.Containers.targets (5,5)
       Property reassignment: $(_ContainerIsTargetingNet8TFM)="true" (previous value: "false") at /usr/share/dotnet/sdk/9.0.110/Containers/build/Microsoft.NET.Build.Containers.targets (15,5)
       Property reassignment: $(DefaultItemExcludes)=";**\node_modules\**;node_modules\**;**\jspm_packages\**;jspm_packages\**;**\bower_components\**;bower_components\**;**\packages.lock.json;bin\Debug//**;obj\Debug//**;bin\/**;obj\/**;**/*.user;**/*.*proj" (previous value: ";**\node_modules\**;node_modules\**;**\jspm_packages\**;jspm_packages\**;**\bower_components\**;bower_components\**;**\packages.lock.json;bin\Debug//**;obj\Debug//**;bin\/**;obj\/**;**/*.user") at /usr/share/dotnet/sdk/9.0.110/Sdks/Microsoft.NET.Sdk/targets/Microsoft.NET.Sdk.DefaultItems.targets (33,5)
       Property reassignment: $(DefaultItemExcludes)=";**\node_modules\**;node_modules\**;**\jspm_packages\**;jspm_packages\**;**\bower_components\**;bower_components\**;**\packages.lock.json;bin\Debug//**;obj\Debug//**;bin\/**;obj\/**;**/*.user;**/*.*proj;**/*.sln" (previous value: ";**\node_modules\**;node_modules\**;**\jspm_packages\**;jspm_packages\**;**\bower_components\**;bower_components\**;**\packages.lock.json;bin\Debug//**;obj\Debug//**;bin\/**;obj\/**;**/*.user;**/*.*proj") at /usr/share/dotnet/sdk/9.0.110/Sdks/Microsoft.NET.Sdk/targets/Microsoft.NET.Sdk.DefaultItems.targets (34,5)
       Property reassignment: $(DefaultItemExcludes)=";**\node_modules\**;node_modules\**;**\jspm_packages\**;jspm_packages\**;**\bower_components\**;bower_components\**;**\packages.lock.json;bin\Debug//**;obj\Debug//**;bin\/**;obj\/**;**/*.user;**/*.*proj;**/*.sln;**/*.vssscc" (previous value: ";**\node_modules\**;node_modules\**;**\jspm_packages\**;jspm_packages\**;**\bower_components\**;bower_components\**;**\packages.lock.json;bin\Debug//**;obj\Debug//**;bin\/**;obj\/**;**/*.user;**/*.*proj;**/*.sln") at /usr/share/dotnet/sdk/9.0.110/Sdks/Microsoft.NET.Sdk/targets/Microsoft.NET.Sdk.DefaultItems.targets (35,5)
       Assembly loaded during Evaluation: System.Reflection.Emit.Lightweight, Version=9.0.0.0, Culture=neutral, PublicKeyToken=b03f5f7f11d50a3a (location: /usr/share/dotnet/shared/Microsoft.NETCore.App/9.0.9/System.Reflection.Emit.Lightweight.dll, MVID: 1d49af16-ff85-47b2-a79c-e43787b62fe8, AssemblyLoadContext: Default)
       Property reassignment: $(DefaultItemExcludes)=";**\node_modules\**;node_modules\**;**\jspm_packages\**;jspm_packages\**;**\bower_components\**;bower_components\**;**\packages.lock.json;bin\Debug//**;obj\Debug//**;bin\/**;obj\/**;**/*.user;**/*.*proj;**/*.sln;**/*.vssscc;**/.DS_Store" (previous value: ";**\node_modules\**;node_modules\**;**\jspm_packages\**;jspm_packages\**;**\bower_components\**;bower_components\**;**\packages.lock.json;bin\Debug//**;obj\Debug//**;bin\/**;obj\/**;**/*.user;**/*.*proj;**/*.sln;**/*.vssscc") at /usr/share/dotnet/sdk/9.0.110/Sdks/Microsoft.NET.Sdk/targets/Microsoft.NET.Sdk.DefaultItems.targets (36,5)
       Assembly loaded during Evaluation: System.Reflection.Emit.ILGeneration, Version=9.0.0.0, Culture=neutral, PublicKeyToken=b03f5f7f11d50a3a (location: /usr/share/dotnet/shared/Microsoft.NETCore.App/9.0.9/System.Reflection.Emit.ILGeneration.dll, MVID: ea00f72b-a99b-4c64-ba9b-5ce440b22a16, AssemblyLoadContext: Default)
       Property reassignment: $(ResolveAssemblyReferencesDependsOn)="
             
             
             ResolveProjectReferences;
             FindInvalidProjectReferences;
             GetFrameworkPaths;
             GetReferenceAssemblyPaths;
             PrepareForBuild;
             ResolveSDKReferences;
             ExpandSDKReferences;
           ;
             ResolvePackageDependenciesForBuild;
             _HandlePackageFileConflicts;
           ;
             ResolveTargetingPackAssets;
           " (previous value: "
             
             ResolveProjectReferences;
             FindInvalidProjectReferences;
             GetFrameworkPaths;
             GetReferenceAssemblyPaths;
             PrepareForBuild;
             ResolveSDKReferences;
             ExpandSDKReferences;
           ;
             ResolvePackageDependenciesForBuild;
             _HandlePackageFileConflicts;
           ") at /usr/share/dotnet/sdk/9.0.110/Sdks/Microsoft.NET.Sdk/targets/Microsoft.NET.Sdk.FrameworkReferenceResolution.targets (14,5)
       Property reassignment: $(_GenerateRuntimeConfigurationPropertyInputsCache)="/home/mostafa/Documents/Projects/hr-management-system/backend/HRManagementSystem/src/Presentation/HRManagementSystem.WebApi/obj/Debug/net8.0/HRManagementSystem.WebApi.genruntimeconfig.cache" (previous value: "obj\Debug/net8.0/HRManagementSystem.WebApi.genruntimeconfig.cache") at /usr/share/dotnet/sdk/9.0.110/Sdks/Microsoft.NET.Sdk/targets/Microsoft.NET.Sdk.targets (44,5)
       Property reassignment: $(_GeneratePublishDependencyFilePropertyInputsCache)="/home/mostafa/Documents/Projects/hr-management-system/backend/HRManagementSystem/src/Presentation/HRManagementSystem.WebApi/obj/Debug/net8.0/HRManagementSystem.WebApi.genpublishdeps.cache" (previous value: "obj\Debug/net8.0/HRManagementSystem.WebApi.genpublishdeps.cache") at /usr/share/dotnet/sdk/9.0.110/Sdks/Microsoft.NET.Sdk/targets/Microsoft.NET.Sdk.targets (46,5)
       Property reassignment: $(_GenerateSingleFileBundlePropertyInputsCache)="/home/mostafa/Documents/Projects/hr-management-system/backend/HRManagementSystem/src/Presentation/HRManagementSystem.WebApi/obj/Debug/net8.0/HRManagementSystem.WebApi.genbundle.cache" (previous value: "obj\Debug/net8.0/HRManagementSystem.WebApi.genbundle.cache") at /usr/share/dotnet/sdk/9.0.110/Sdks/Microsoft.NET.Sdk/targets/Microsoft.NET.Sdk.targets (48,5)
     2>Done executing task "GetPackageDirectory".
       Task "GetPackageDirectory"
     0>Property reassignment: $(GenerateRuntimeConfigDevFile)="false" (previous value: "true") at /usr/share/dotnet/sdk/9.0.110/Sdks/Microsoft.NET.Sdk/targets/Microsoft.NET.Sdk.targets (81,5)
     2>Done executing task "GetPackageDirectory".
       Task "GetPackageDirectory"
     0>/usr/share/dotnet/sdk/9.0.110/Sdks/Microsoft.NET.Sdk/targets/Microsoft.NET.Sdk.targets(96,5): message : Property 'HOME' with value '/home/mostafa' expanded from the environment.
       Property reassignment: $(_DefaultUserProfileRuntimeStorePath)="/home/mostafa/.dotnet/store" (previous value: "/home/mostafa") at /usr/share/dotnet/sdk/9.0.110/Sdks/Microsoft.NET.Sdk/targets/Microsoft.NET.Sdk.targets (98,5)
       Property reassignment: $(AvailablePlatforms)="Any CPU,x86,x64,ARM32" (previous value: "Any CPU,x86,x64") at /usr/share/dotnet/sdk/9.0.110/Sdks/Microsoft.NET.Sdk/targets/Microsoft.NET.Sdk.targets (140,5)
       Property reassignment: $(AvailablePlatforms)="Any CPU,x86,x64,ARM32,ARM64" (previous value: "Any CPU,x86,x64,ARM32") at /usr/share/dotnet/sdk/9.0.110/Sdks/Microsoft.NET.Sdk/targets/Microsoft.NET.Sdk.targets (144,5)
       Property reassignment: $(CoreBuildDependsOn)="
             _CheckForBuildWithNoBuild;
             
             BuildOnlySettings;
             PrepareForBuild;
             PreBuildEvent;
             ResolveReferences;
             PrepareResources;
             ResolveKeySource;
             Compile;
             ExportWindowsMDFile;
             UnmanagedUnregistration;
             GenerateSerializationAssemblies;
             CreateSatelliteAssemblies;
             GenerateManifests;
             GetTargetPath;
             PrepareForRun;
             UnmanagedRegistration;
             IncrementalClean;
             PostBuildEvent
           ;
             GenerateBuildDependencyFile;
             GenerateBuildRuntimeConfigurationFiles
           " (previous value: "
             BuildOnlySettings;
             PrepareForBuild;
             PreBuildEvent;
             ResolveReferences;
             PrepareResources;
             ResolveKeySource;
             Compile;
             ExportWindowsMDFile;
             UnmanagedUnregistration;
             GenerateSerializationAssemblies;
             CreateSatelliteAssemblies;
             GenerateManifests;
             GetTargetPath;
             PrepareForRun;
             UnmanagedRegistration;
             IncrementalClean;
             PostBuildEvent
           ") at /usr/share/dotnet/sdk/9.0.110/Sdks/Microsoft.NET.Sdk/targets/Microsoft.NET.Sdk.targets (201,5)
       Property reassignment: $(CoreCleanDependsOn)="
             _SdkBeforeClean;
             
           " (previous value: "") at /usr/share/dotnet/sdk/9.0.110/Sdks/Microsoft.NET.Sdk/targets/Microsoft.NET.Sdk.targets (210,5)
       Property reassignment: $(RebuildDependsOn)="
             _SdkBeforeRebuild;
             
             BeforeRebuild;
             Clean;
             Build;
             AfterRebuild;
           
           " (previous value: "
             BeforeRebuild;
             Clean;
             Build;
             AfterRebuild;
           ") at /usr/share/dotnet/sdk/9.0.110/Sdks/Microsoft.NET.Sdk/targets/Microsoft.NET.Sdk.targets (217,5)
       Property reassignment: $(CompileDependsOn)="
             
             ResolveReferences;
             ResolveKeySource;
             SetWin32ManifestProperties;
             _SetPreferNativeArm64Win32ManifestProperties;
             FindReferenceAssembliesForReferences;
             _GenerateCompileInputs;
             BeforeCompile;
             _TimeStampBeforeCompile;
             _GenerateCompileDependencyCache;
             CoreCompile;
             _TimeStampAfterCompile;
             AfterCompile;
           ;
             _CreateAppHost;
             _CreateComHost;
             _GetIjwHostPaths;
           " (previous value: "
             ResolveReferences;
             ResolveKeySource;
             SetWin32ManifestProperties;
             _SetPreferNativeArm64Win32ManifestProperties;
             FindReferenceAssembliesForReferences;
             _GenerateCompileInputs;
             BeforeCompile;
             _TimeStampBeforeCompile;
             _GenerateCompileDependencyCache;
             CoreCompile;
             _TimeStampAfterCompile;
             AfterCompile;
           ") at /usr/share/dotnet/sdk/9.0.110/Sdks/Microsoft.NET.Sdk/targets/Microsoft.NET.Sdk.targets (784,5)
       Property reassignment: $(CreateSatelliteAssembliesDependsOn)="
             
             ;
             _GenerateSatelliteAssemblyInputs;
             ComputeIntermediateSatelliteAssemblies;
             GenerateSatelliteAssemblies
           ;
             CoreGenerateSatelliteAssemblies
           " (previous value: "
             ;
             _GenerateSatelliteAssemblyInputs;
             ComputeIntermediateSatelliteAssemblies;
             GenerateSatelliteAssemblies
           ") at /usr/share/dotnet/sdk/9.0.110/Sdks/Microsoft.NET.Sdk/targets/Microsoft.NET.Sdk.targets (1184,5)
     2>Done executing task "GetPackageDirectory".
       Task "GetPackageDirectory"
       Done executing task "GetPackageDirectory".
       Task "GetPackageDirectory"
       Done executing task "GetPackageDirectory".
       Task "GetPackageDirectory"
       Done executing task "GetPackageDirectory".
       Task "GetPackageDirectory"
       Done executing task "GetPackageDirectory".
       Task "GetPackageDirectory"
       Done executing task "GetPackageDirectory".
       Task "GetPackageDirectory"
       Done executing task "GetPackageDirectory".
     0>Assembly loaded during Evaluation: System.Reflection.Primitives, Version=9.0.0.0, Culture=neutral, PublicKeyToken=b03f5f7f11d50a3a (location: /usr/share/dotnet/shared/Microsoft.NETCore.App/9.0.9/System.Reflection.Primitives.dll, MVID: f3b19573-c984-4daa-83cc-b9b23e6fb262, AssemblyLoadContext: Default)
       Property reassignment: $(SourceLinkUrlInitializerTargets)=";_InitializeGitHubSourceLinkUrl;_InitializeGitLabSourceLinkUrl" (previous value: ";_InitializeGitHubSourceLinkUrl") at /usr/share/dotnet/sdk/9.0.110/Sdks/Microsoft.SourceLink.GitLab/build/Microsoft.SourceLink.GitLab.targets (12,5)
       Property reassignment: $(SourceControlManagerUrlTranslationTargets)=";TranslateGitHubUrlsInSourceControlInformation;TranslateGitLabUrlsInSourceControlInformation" (previous value: ";TranslateGitHubUrlsInSourceControlInformation") at /usr/share/dotnet/sdk/9.0.110/Sdks/Microsoft.SourceLink.GitLab/build/Microsoft.SourceLink.GitLab.targets (13,5)
       Property reassignment: $(SourceLinkUrlInitializerTargets)=";_InitializeGitHubSourceLinkUrl;_InitializeGitLabSourceLinkUrl;_InitializeAzureReposGitSourceLinkUrl" (previous value: ";_InitializeGitHubSourceLinkUrl;_InitializeGitLabSourceLinkUrl") at /usr/share/dotnet/sdk/9.0.110/Sdks/Microsoft.SourceLink.AzureRepos.Git/build/Microsoft.SourceLink.AzureRepos.Git.targets (12,5)
       Property reassignment: $(SourceControlManagerUrlTranslationTargets)=";TranslateGitHubUrlsInSourceControlInformation;TranslateGitLabUrlsInSourceControlInformation;TranslateAzureReposGitUrlsInSourceControlInformation" (previous value: ";TranslateGitHubUrlsInSourceControlInformation;TranslateGitLabUrlsInSourceControlInformation") at /usr/share/dotnet/sdk/9.0.110/Sdks/Microsoft.SourceLink.AzureRepos.Git/build/Microsoft.SourceLink.AzureRepos.Git.targets (13,5)
     2>Task "GetPackageDirectory"
       Done executing task "GetPackageDirectory".
     0>Property reassignment: $(SourceLinkUrlInitializerTargets)=";_InitializeGitHubSourceLinkUrl;_InitializeGitLabSourceLinkUrl;_InitializeAzureReposGitSourceLinkUrl;_InitializeBitbucketGitSourceLinkUrl" (previous value: ";_InitializeGitHubSourceLinkUrl;_InitializeGitLabSourceLinkUrl;_InitializeAzureReposGitSourceLinkUrl") at /usr/share/dotnet/sdk/9.0.110/Sdks/Microsoft.SourceLink.Bitbucket.Git/build/Microsoft.SourceLink.Bitbucket.Git.targets (12,5)
       Property reassignment: $(SourceControlManagerUrlTranslationTargets)=";TranslateGitHubUrlsInSourceControlInformation;TranslateGitLabUrlsInSourceControlInformation;TranslateAzureReposGitUrlsInSourceControlInformation;TranslateBitbucketGitUrlsInSourceControlInformation" (previous value: ";TranslateGitHubUrlsInSourceControlInformation;TranslateGitLabUrlsInSourceControlInformation;TranslateAzureReposGitUrlsInSourceControlInformation") at /usr/share/dotnet/sdk/9.0.110/Sdks/Microsoft.SourceLink.Bitbucket.Git/build/Microsoft.SourceLink.Bitbucket.Git.targets (13,5)
     2>ResolveFrameworkReferences:
       Using "ResolveFrameworkReferences" task from assembly "/usr/share/dotnet/sdk/9.0.110/Sdks/Microsoft.NET.Sdk/targets/../tools/net9.0/Microsoft.NET.Build.Tasks.dll".
       Task "ResolveFrameworkReferences"
       Done executing task "ResolveFrameworkReferences".
     2>Done building target "ResolveFrameworkReferences" in project "HRManagementSystem.Domain.csproj".
     0>Property reassignment: $(DesignerRuntimeImplementationProjectOutputGroupDependsOn)="
      
      ;
      
      ;
      BuildOnlySettings;
      PrepareForBuild;
      AssignTargetPaths;
      ResolveReferences
    
    ;
      _GenerateDesignerDepsFile;
      _GenerateDesignerRuntimeConfigFile;
      GetCopyToOutputDirectoryItems;
      _GatherDesignerShadowCopyFiles;
    " (previous value: "
      ;
      
      ;
      BuildOnlySettings;
      PrepareForBuild;
      AssignTargetPaths;
      ResolveReferences
    
    ") at /usr/share/dotnet/sdk/9.0.110/Sdks/Microsoft.NET.Sdk/targets/Microsoft.NET.DesignerSupport.targets (21,5)
     2>Target "ResolveTargetingPackAssets" in file "/usr/share/dotnet/sdk/9.0.110/Sdks/Microsoft.NET.Sdk/targets/Microsoft.NET.Sdk.FrameworkReferenceResolution.targets" from project "/home/mostafa/Documents/Projects/hr-management-system/backend/HRManagementSystem/src/Core/HRManagementSystem.Domain/HRManagementSystem.Domain.csproj" (target "_HandlePackageFileConflicts" depends on it):
     2>Using "ResolveTargetingPackAssets" task from assembly "/usr/share/dotnet/sdk/9.0.110/Sdks/Microsoft.NET.Sdk/targets/../tools/net9.0/Microsoft.NET.Build.Tasks.dll".
       Task "ResolveTargetingPackAssets"
     0>Property reassignment: $(_GenerateToolsSettingsFileCacheFile)="/home/mostafa/Documents/Projects/hr-management-system/backend/HRManagementSystem/src/Presentation/HRManagementSystem.WebApi/obj/Debug/net8.0/HRManagementSystem.WebApi.toolssettingsinput.cache" (previous value: "obj\Debug/net8.0/HRManagementSystem.WebApi.toolssettingsinput.cache") at /usr/share/dotnet/sdk/9.0.110/Sdks/Microsoft.NET.Sdk/targets/Microsoft.NET.PackTool.targets (68,5)
       Property reassignment: $(_ShimInputCacheFile)="/home/mostafa/Documents/Projects/hr-management-system/backend/HRManagementSystem/src/Presentation/HRManagementSystem.WebApi/obj/Debug/net8.0/HRManagementSystem.WebApi.shiminput.cache" (previous value: "obj\Debug/net8.0/HRManagementSystem.WebApi.shiminput.cache") at /usr/share/dotnet/sdk/9.0.110/Sdks/Microsoft.NET.Sdk/targets/Microsoft.NET.PackTool.targets (137,5)
       Property reassignment: $(_ShimCreatedSentinelFile)="/home/mostafa/Documents/Projects/hr-management-system/backend/HRManagementSystem/src/Presentation/HRManagementSystem.WebApi/obj/Debug/net8.0/HRManagementSystem.WebApi.shimcreated.sentinel" (previous value: "obj\Debug/net8.0/HRManagementSystem.WebApi.shimcreated.sentinel") at /usr/share/dotnet/sdk/9.0.110/Sdks/Microsoft.NET.Sdk/targets/Microsoft.NET.PackTool.targets (139,5)
       Property reassignment: $(DefineConstants)="TRACE;DEBUG" (previous value: "TRACE") at /usr/share/dotnet/sdk/9.0.110/Sdks/Microsoft.NET.Sdk/targets/Microsoft.NET.Sdk.CSharp.targets (31,5)
       Property reassignment: $(DefineConstants)="TRACE;DEBUG;NET;NET8_0;NETCOREAPP" (previous value: "TRACE;DEBUG") at /usr/share/dotnet/sdk/9.0.110/Sdks/Microsoft.NET.Sdk/targets/Microsoft.NET.Sdk.CSharp.targets (34,5)
       Property reassignment: $(WarningsAsErrors)=";NU1605;SYSLIB0011" (previous value: ";NU1605") at /usr/share/dotnet/sdk/9.0.110/Sdks/Microsoft.NET.Sdk/targets/Microsoft.NET.Sdk.CSharp.targets (48,5)
     2>Done executing task "ResolveTargetingPackAssets".
     2>Done building target "ResolveTargetingPackAssets" in project "HRManagementSystem.Domain.csproj".
     0>Property reassignment: $(PackageDescription)="Package Description" (previous value: "") at /usr/share/dotnet/sdk/9.0.110/Sdks/NuGet.Build.Tasks.Pack/build/NuGet.Build.Tasks.Pack.targets (34,5)
       Property reassignment: $(GenerateNuspecDependsOn)="Build;_LoadPackInputItems; _GetTargetFrameworksOutput; _WalkEachTargetPerFramework; _GetPackageFiles; " (previous value: "_LoadPackInputItems; _GetTargetFrameworksOutput; _WalkEachTargetPerFramework; _GetPackageFiles; ") at /usr/share/dotnet/sdk/9.0.110/Sdks/NuGet.Build.Tasks.Pack/build/NuGet.Build.Tasks.Pack.targets (59,5)
       Property reassignment: $(_IsNotSetContainersTargetsDir)="true" (previous value: "false") at /usr/share/dotnet/sdk/9.0.110/Sdks/Microsoft.NET.Sdk/Sdk/Sdk.targets (60,5)
     2>Target "ResolveOffByDefaultAnalyzers" in file "/usr/share/dotnet/sdk/9.0.110/Sdks/Microsoft.NET.Sdk/targets/Microsoft.NET.Sdk.FrameworkReferenceResolution.targets" from project "/home/mostafa/Documents/Projects/hr-management-system/backend/HRManagementSystem/src/Core/HRManagementSystem.Domain/HRManagementSystem.Domain.csproj" (target "_HandlePackageFileConflicts" depends on it):
     2>Done building target "ResolveOffByDefaultAnalyzers" in project "HRManagementSystem.Domain.csproj".
     2>Target "_HandlePackageFileConflicts" in file "/usr/share/dotnet/sdk/9.0.110/Sdks/Microsoft.NET.Sdk/targets/Microsoft.NET.ConflictResolution.targets" from project "/home/mostafa/Documents/Projects/hr-management-system/backend/HRManagementSystem/src/Core/HRManagementSystem.Domain/HRManagementSystem.Domain.csproj" (target "ResolveAssemblyReferences" depends on it):
       Using "ResolvePackageFileConflicts" task from assembly "/usr/share/dotnet/sdk/9.0.110/Sdks/Microsoft.NET.Sdk/targets/../tools/net9.0/Microsoft.NET.Build.Tasks.dll".
       Task "ResolvePackageFileConflicts"
     0>Property reassignment: $(_IsSDKContainerAllowedVersion)="true" (previous value: "false") at /usr/share/dotnet/sdk/9.0.110/Containers/build/Microsoft.NET.Build.Containers.targets (5,5)
       Property reassignment: $(_ContainerIsTargetingNet8TFM)="true" (previous value: "false") at /usr/share/dotnet/sdk/9.0.110/Containers/build/Microsoft.NET.Build.Containers.targets (15,5)
       /usr/share/dotnet/sdk/9.0.110/Sdks/Microsoft.NET.Sdk.StaticWebAssets/targets/Sdk.StaticWebAssets.CurrentVersion.targets(37,18): message : Property 'DOTNET_HOST_PATH' with value '/usr/share/dotnet/dotnet' expanded from the environment.
     2>_HandlePackageFileConflicts:
         Encountered conflict between 'Reference:/home/mostafa/.nuget/packages/microsoft.extensions.dependencyinjection.abstractions/8.0.2/lib/net8.0/Microsoft.Extensions.DependencyInjection.Abstractions.dll' and 'Reference:/home/mostafa/.nuget/packages/microsoft.aspnetcore.app.ref/8.0.20/ref/net8.0/Microsoft.Extensions.DependencyInjection.Abstractions.dll'. Choosing 'Reference:/home/mostafa/.nuget/packages/microsoft.aspnetcore.app.ref/8.0.20/ref/net8.0/Microsoft.Extensions.DependencyInjection.Abstractions.dll' because file version '8.0.2025.41914' is greater than '8.0.1024.46610'.
         Encountered conflict between 'Reference:/home/mostafa/.nuget/packages/microsoft.extensions.logging.abstractions/8.0.2/lib/net8.0/Microsoft.Extensions.Logging.Abstractions.dll' and 'Reference:/home/mostafa/.nuget/packages/microsoft.aspnetcore.app.ref/8.0.20/ref/net8.0/Microsoft.Extensions.Logging.Abstractions.dll'. Choosing 'Reference:/home/mostafa/.nuget/packages/microsoft.aspnetcore.app.ref/8.0.20/ref/net8.0/Microsoft.Extensions.Logging.Abstractions.dll' because file version '8.0.2025.41914' is greater than '8.0.1024.46610'.
         Encountered conflict between 'Analyzer:/home/mostafa/.nuget/packages/microsoft.extensions.logging.abstractions/8.0.2/analyzers/dotnet/roslyn4.4/cs/Microsoft.Extensions.Logging.Generators.dll' and 'Analyzer:/home/mostafa/.nuget/packages/microsoft.aspnetcore.app.ref/8.0.20/analyzers/dotnet/roslyn4.4/cs/Microsoft.Extensions.Logging.Generators.dll'. Choosing 'Analyzer:/home/mostafa/.nuget/packages/microsoft.aspnetcore.app.ref/8.0.20/analyzers/dotnet/roslyn4.4/cs/Microsoft.Extensions.Logging.Generators.dll' because AssemblyVersion '8.0.12.41914' is greater than '8.0.10.46610'.
         Encountered conflict between 'Analyzer:/home/mostafa/.nuget/packages/microsoft.extensions.options/8.0.2/analyzers/dotnet/roslyn4.4/cs/Microsoft.Extensions.Options.SourceGeneration.dll' and 'Analyzer:/home/mostafa/.nuget/packages/microsoft.aspnetcore.app.ref/8.0.20/analyzers/dotnet/roslyn4.4/cs/Microsoft.Extensions.Options.SourceGeneration.dll'. Choosing 'Analyzer:/home/mostafa/.nuget/packages/microsoft.aspnetcore.app.ref/8.0.20/analyzers/dotnet/roslyn4.4/cs/Microsoft.Extensions.Options.SourceGeneration.dll' because AssemblyVersion '8.0.12.41914' is greater than '8.0.10.6711'.
     0>Property reassignment: $(PrepareForRunDependsOn)="StaticWebAssetsPrepareForRun;
      CopyFilesToOutputDirectory
    " (previous value: "
      CopyFilesToOutputDirectory
    ") at /usr/share/dotnet/sdk/9.0.110/Sdks/Microsoft.NET.Sdk.StaticWebAssets/targets/Microsoft.NET.Sdk.StaticWebAssets.targets (286,5)
       Property reassignment: $(GetCopyToOutputDirectoryItemsDependsOn)="
             AssignTargetPaths;
             
             AssignProjectConfiguration;
             _SplitProjectReferencesByFileExistence
           ;
             _GetProjectReferenceTargetFrameworkProperties;
             _PopulateCommonStateForGetCopyToOutputDirectoryItems
           ;AddStaticWebAssetsManifest;AddStaticWebAssetEndpointsBuildManifest" (previous value: "
             AssignTargetPaths;
             
             AssignProjectConfiguration;
             _SplitProjectReferencesByFileExistence
           ;
             _GetProjectReferenceTargetFrameworkProperties;
             _PopulateCommonStateForGetCopyToOutputDirectoryItems
           ") at /usr/share/dotnet/sdk/9.0.110/Sdks/Microsoft.NET.Sdk.StaticWebAssets/targets/Microsoft.NET.Sdk.StaticWebAssets.targets (323,5)
       Property reassignment: $(GenerateNuspecDependsOn)="
             IncludeStaticWebAssetsPackItems;
             Build;_LoadPackInputItems; _GetTargetFrameworksOutput; _WalkEachTargetPerFramework; _GetPackageFiles; ;
           " (previous value: "Build;_LoadPackInputItems; _GetTargetFrameworksOutput; _WalkEachTargetPerFramework; _GetPackageFiles; ") at /usr/share/dotnet/sdk/9.0.110/Sdks/Microsoft.NET.Sdk.StaticWebAssets/targets/Microsoft.NET.Sdk.StaticWebAssets.Pack.targets (46,5)
     2>_HandlePackageFileConflicts:
         Encountered conflict between 'Platform:Microsoft.Extensions.Caching.Memory.dll' and 'Runtime:/home/mostafa/.nuget/packages/microsoft.extensions.caching.memory/8.0.1/lib/net8.0/Microsoft.Extensions.Caching.Memory.dll'. Choosing 'Runtime:/home/mostafa/.nuget/packages/microsoft.extensions.caching.memory/8.0.1/lib/net8.0/Microsoft.Extensions.Caching.Memory.dll' because file version '8.0.1024.46610' is greater than '8.0.23.53103'.
     0>Property reassignment: $(IncludeStaticWebAssetsPackItemsDependsOn)="
      Build;
      ResolveStaticWebAssetsConfiguration;LoadStaticWebAssetsBuildManifest
    ;
    " (previous value: "
      ResolveStaticWebAssetsConfiguration;LoadStaticWebAssetsBuildManifest
    ") at /usr/share/dotnet/sdk/9.0.110/Sdks/Microsoft.NET.Sdk.StaticWebAssets/targets/Microsoft.NET.Sdk.StaticWebAssets.Pack.targets (55,5)
       Property reassignment: $(ResolveStaticWebAssetsInputsDependsOn)="
           
             ResolveCoreStaticWebAssets;
             GenerateComputedBuildStaticWebAssets;
             
           ;
           ResolveScopedCssAssets;
         " (previous value: "
             ResolveCoreStaticWebAssets;
             GenerateComputedBuildStaticWebAssets;
             
           ") at /usr/share/dotnet/sdk/9.0.110/Sdks/Microsoft.NET.Sdk.StaticWebAssets/targets/Microsoft.NET.Sdk.StaticWebAssets.ScopedCss.targets (55,3)
       Property reassignment: $(GenerateComputedBuildStaticWebAssetsDependsOn)="
           ResolveCoreStaticWebAssets;;
           BundleScopedCssFiles;
         " (previous value: "ResolveCoreStaticWebAssets;") at /usr/share/dotnet/sdk/9.0.110/Sdks/Microsoft.NET.Sdk.StaticWebAssets/targets/Microsoft.NET.Sdk.StaticWebAssets.ScopedCss.targets (88,3)
       Property reassignment: $(ResolveCoreStaticWebAssetsDependsOn)="
             
             UpdateExistingPackageStaticWebAssets;
             ResolveProjectStaticWebAssets;
             ResolveEmbeddedProjectsStaticWebAssets;
             ResolveReferencedProjectsStaticWebAssets;
             ;
           ;
             ResolveJsInitializerModuleStaticWebAssets;
           " (previous value: "
             UpdateExistingPackageStaticWebAssets;
             ResolveProjectStaticWebAssets;
             ResolveEmbeddedProjectsStaticWebAssets;
             ResolveReferencedProjectsStaticWebAssets;
             ;
           ") at /usr/share/dotnet/sdk/9.0.110/Sdks/Microsoft.NET.Sdk.StaticWebAssets/targets/Microsoft.NET.Sdk.StaticWebAssets.JSModules.targets (37,5)
       Property reassignment: $(ResolveCoreStaticWebAssetsDependsOn)="
             
             
             UpdateExistingPackageStaticWebAssets;
             ResolveProjectStaticWebAssets;
             ResolveEmbeddedProjectsStaticWebAssets;
             ResolveReferencedProjectsStaticWebAssets;
             ;
           ;
             ResolveJsInitializerModuleStaticWebAssets;
           ;
             ResolveJSModuleStaticWebAssets;
           " (previous value: "
             
             UpdateExistingPackageStaticWebAssets;
             ResolveProjectStaticWebAssets;
             ResolveEmbeddedProjectsStaticWebAssets;
             ResolveReferencedProjectsStaticWebAssets;
             ;
           ;
             ResolveJsInitializerModuleStaticWebAssets;
           ") at /usr/share/dotnet/sdk/9.0.110/Sdks/Microsoft.NET.Sdk.StaticWebAssets/targets/Microsoft.NET.Sdk.StaticWebAssets.JSModules.targets (42,5)
       Property reassignment: $(ResolveStaticWebAssetsInputsDependsOn)="
             ResolveJSModuleManifestBuildStaticWebAssets;
             
           
             ResolveCoreStaticWebAssets;
             GenerateComputedBuildStaticWebAssets;
             
           ;
           ResolveScopedCssAssets;
         
           " (previous value: "
           
             ResolveCoreStaticWebAssets;
             GenerateComputedBuildStaticWebAssets;
             
           ;
           ResolveScopedCssAssets;
         ") at /usr/share/dotnet/sdk/9.0.110/Sdks/Microsoft.NET.Sdk.StaticWebAssets/targets/Microsoft.NET.Sdk.StaticWebAssets.JSModules.targets (57,5)
       Property reassignment: $(ResolvePublishStaticWebAssetsDependsOn)="
             ResolveJSModuleManifestPublishStaticWebAssets;
             
             ResolveCorePublishStaticWebAssets;
             GenerateComputedPublishStaticWebAssets;
             ;
           
           " (previous value: "
             ResolveCorePublishStaticWebAssets;
             GenerateComputedPublishStaticWebAssets;
             ;
           ") at /usr/share/dotnet/sdk/9.0.110/Sdks/Microsoft.NET.Sdk.StaticWebAssets/targets/Microsoft.NET.Sdk.StaticWebAssets.JSModules.targets (76,5)
       Property reassignment: $(ResolveBuildRelatedStaticWebAssetsDependsOn)="
             ResolveBuildCompressedStaticWebAssets;
             
             ResolveStaticWebAssetsInputs;
             
           
           " (previous value: "
             ResolveStaticWebAssetsInputs;
             
           ") at /usr/share/dotnet/sdk/9.0.110/Sdks/Microsoft.NET.Sdk.StaticWebAssets/targets/Microsoft.NET.Sdk.StaticWebAssets.Compression.targets (179,5)
       Property reassignment: $(ResolvePublishRelatedStaticWebAssetsDependsOn)="
             ResolvePublishCompressedStaticWebAssets;
             
           " (previous value: "") at /usr/share/dotnet/sdk/9.0.110/Sdks/Microsoft.NET.Sdk.StaticWebAssets/targets/Microsoft.NET.Sdk.StaticWebAssets.Compression.targets (198,5)
     2>_HandlePackageFileConflicts:
         Encountered conflict between 'Platform:Microsoft.Extensions.DependencyInjection.dll' and 'Runtime:/home/mostafa/.nuget/packages/microsoft.extensions.dependencyinjection/8.0.1/lib/net8.0/Microsoft.Extensions.DependencyInjection.dll'. Choosing 'Runtime:/home/mostafa/.nuget/packages/microsoft.extensions.dependencyinjection/8.0.1/lib/net8.0/Microsoft.Extensions.DependencyInjection.dll' because file version '8.0.1024.46610' is greater than '8.0.23.53103'.
         Encountered conflict between 'Platform:Microsoft.Extensions.DependencyInjection.Abstractions.dll' and 'Runtime:/home/mostafa/.nuget/packages/microsoft.extensions.dependencyinjection.abstractions/8.0.2/lib/net8.0/Microsoft.Extensions.DependencyInjection.Abstractions.dll'. Choosing 'Runtime:/home/mostafa/.nuget/packages/microsoft.extensions.dependencyinjection.abstractions/8.0.2/lib/net8.0/Microsoft.Extensions.DependencyInjection.Abstractions.dll' because file version '8.0.1024.46610' is greater than '8.0.23.53103'.
         Encountered conflict between 'Platform:Microsoft.Extensions.Logging.dll' and 'Runtime:/home/mostafa/.nuget/packages/microsoft.extensions.logging/8.0.1/lib/net8.0/Microsoft.Extensions.Logging.dll'. Choosing 'Runtime:/home/mostafa/.nuget/packages/microsoft.extensions.logging/8.0.1/lib/net8.0/Microsoft.Extensions.Logging.dll' because file version '8.0.1024.46610' is greater than '8.0.23.53103'.
         Encountered conflict between 'Platform:Microsoft.Extensions.Logging.Abstractions.dll' and 'Runtime:/home/mostafa/.nuget/packages/microsoft.extensions.logging.abstractions/8.0.2/lib/net8.0/Microsoft.Extensions.Logging.Abstractions.dll'. Choosing 'Runtime:/home/mostafa/.nuget/packages/microsoft.extensions.logging.abstractions/8.0.2/lib/net8.0/Microsoft.Extensions.Logging.Abstractions.dll' because file version '8.0.1024.46610' is greater than '8.0.23.53103'.
         Encountered conflict between 'Platform:Microsoft.Extensions.Options.dll' and 'Runtime:/home/mostafa/.nuget/packages/microsoft.extensions.options/8.0.2/lib/net8.0/Microsoft.Extensions.Options.dll'. Choosing 'Runtime:/home/mostafa/.nuget/packages/microsoft.extensions.options/8.0.2/lib/net8.0/Microsoft.Extensions.Options.dll' because file version '8.0.224.6711' is greater than '8.0.23.53103'.
     0>Property reassignment: $(DebugSymbolsProjectOutputGroupDependsOn)="
      ;
      _RazorAddDebugSymbolsProjectOutputGroupOutput
    " (previous value: "") at /usr/share/dotnet/sdk/9.0.110/Sdks/Microsoft.NET.Sdk.Razor/targets/Sdk.Razor.CurrentVersion.targets (205,5)
     2>_HandlePackageFileConflicts:
         Encountered conflict between 'Platform:System.Collections.Immutable.dll' and 'Runtime:/home/mostafa/.nuget/packages/system.collections.immutable/6.0.0/lib/net6.0/System.Collections.Immutable.dll'. Choosing 'Platform:System.Collections.Immutable.dll' because AssemblyVersion '8.0.0.0' is greater than '6.0.0.0'.
         Encountered conflict between 'Platform:System.Reflection.Metadata.dll' and 'Runtime:/home/mostafa/.nuget/packages/system.reflection.metadata/6.0.1/lib/net6.0/System.Reflection.Metadata.dll'. Choosing 'Platform:System.Reflection.Metadata.dll' because AssemblyVersion '8.0.0.0' is greater than '6.0.0.0'.
     0>Property reassignment: $(PrepareForBuildDependsOn)="
      ;GetFrameworkPaths;GetReferenceAssemblyPaths;AssignLinkMetadata;
      ResolveRazorGenerateInputs
    " (previous value: ";GetFrameworkPaths;GetReferenceAssemblyPaths;AssignLinkMetadata") at /usr/share/dotnet/sdk/9.0.110/Sdks/Microsoft.NET.Sdk.Razor/targets/Sdk.Razor.CurrentVersion.targets (210,5)
     2>_HandlePackageFileConflicts:
         Encountered conflict between 'Platform:System.Runtime.CompilerServices.Unsafe.dll' and 'Runtime:/home/mostafa/.nuget/packages/system.runtime.compilerservices.unsafe/6.0.0/lib/net6.0/System.Runtime.CompilerServices.Unsafe.dll'. Choosing 'Platform:System.Runtime.CompilerServices.Unsafe.dll' because AssemblyVersion '8.0.0.0' is greater than '6.0.0.0'.
         Encountered conflict between 'Platform:System.Text.Encoding.CodePages.dll' and 'Runtime:/home/mostafa/.nuget/packages/system.text.encoding.codepages/6.0.0/lib/net6.0/System.Text.Encoding.CodePages.dll'. Choosing 'Platform:System.Text.Encoding.CodePages.dll' because AssemblyVersion '8.0.0.0' is greater than '6.0.0.0'.
         Encountered conflict between 'Platform:System.Threading.Channels.dll' and 'Runtime:/home/mostafa/.nuget/packages/system.threading.channels/6.0.0/lib/net6.0/System.Threading.Channels.dll'. Choosing 'Platform:System.Threading.Channels.dll' because AssemblyVersion '8.0.0.0' is greater than '6.0.0.0'.
         Encountered conflict between 'Platform:System.Text.Encoding.CodePages.dll' and 'Runtime:/home/mostafa/.nuget/packages/system.text.encoding.codepages/6.0.0/runtimes/win/lib/net6.0/System.Text.Encoding.CodePages.dll'. Choosing 'Platform:System.Text.Encoding.CodePages.dll' because AssemblyVersion '8.0.0.0' is greater than '6.0.0.0'.
     0>Property reassignment: $(GenerateNuspecDependsOn)="
      ResolveRazorGenerateInputs;
      
      IncludeStaticWebAssetsPackItems;
      Build;_LoadPackInputItems; _GetTargetFrameworksOutput; _WalkEachTargetPerFramework; _GetPackageFiles; ;
    
    " (previous value: "
      IncludeStaticWebAssetsPackItems;
      Build;_LoadPackInputItems; _GetTargetFrameworksOutput; _WalkEachTargetPerFramework; _GetPackageFiles; ;
    ") at /usr/share/dotnet/sdk/9.0.110/Sdks/Microsoft.NET.Sdk.Razor/targets/Sdk.Razor.CurrentVersion.targets (215,5)
     2>_HandlePackageFileConflicts:
         Encountered conflict between 'Platform:mscorlib.dll' and 'Platform:mscorlib.dll'. Could not determine winner due to equal file and assembly versions.
         Encountered conflict between 'Platform:Microsoft.VisualBasic.dll' and 'Platform:Microsoft.VisualBasic.dll'. Could not determine winner due to equal file and assembly versions.
         Encountered conflict between 'Platform:System.dll' and 'Platform:System.dll'. Could not determine winner due to equal file and assembly versions.
         Encountered conflict between 'Platform:System.ComponentModel.DataAnnotations.dll' and 'Platform:System.ComponentModel.DataAnnotations.dll'. Could not determine winner due to equal file and assembly versions.
         Encountered conflict between 'Platform:System.Configuration.dll' and 'Platform:System.Configuration.dll'. Could not determine winner due to equal file and assembly versions.
         Encountered conflict between 'Platform:System.Core.dll' and 'Platform:System.Core.dll'. Could not determine winner due to equal file and assembly versions.
         Encountered conflict between 'Platform:System.Data.dll' and 'Platform:System.Data.dll'. Could not determine winner due to equal file and assembly versions.
         Encountered conflict between 'Platform:System.Drawing.dll' and 'Platform:System.Drawing.dll'. Could not determine winner due to equal file and assembly versions.
         Encountered conflict between 'Platform:System.IO.Compression.FileSystem.dll' and 'Platform:System.IO.Compression.FileSystem.dll'. Could not determine winner due to equal file and assembly versions.
         Encountered conflict between 'Platform:System.Net.dll' and 'Platform:System.Net.dll'. Could not determine winner due to equal file and assembly versions.
         Encountered conflict between 'Platform:System.Numerics.dll' and 'Platform:System.Numerics.dll'. Could not determine winner due to equal file and assembly versions.
         Encountered conflict between 'Platform:System.Runtime.Serialization.dll' and 'Platform:System.Runtime.Serialization.dll'. Could not determine winner due to equal file and assembly versions.
         Encountered conflict between 'Platform:System.Security.dll' and 'Platform:System.Security.dll'. Could not determine winner due to equal file and assembly versions.
         Encountered conflict between 'Platform:System.ServiceProcess.dll' and 'Platform:System.ServiceProcess.dll'. Could not determine winner due to equal file and assembly versions.
         Encountered conflict between 'Platform:System.ServiceModel.Web.dll' and 'Platform:System.ServiceModel.Web.dll'. Could not determine winner due to equal file and assembly versions.
         Encountered conflict between 'Platform:System.Transactions.dll' and 'Platform:System.Transactions.dll'. Could not determine winner due to equal file and assembly versions.
         Encountered conflict between 'Platform:System.Web.dll' and 'Platform:System.Web.dll'. Could not determine winner due to equal file and assembly versions.
         Encountered conflict between 'Platform:System.Windows.dll' and 'Platform:System.Windows.dll'. Could not determine winner due to equal file and assembly versions.
         Encountered conflict between 'Platform:System.Xml.dll' and 'Platform:System.Xml.dll'. Could not determine winner due to equal file and assembly versions.
         Encountered conflict between 'Platform:System.Xml.Serialization.dll' and 'Platform:System.Xml.Serialization.dll'. Could not determine winner due to equal file and assembly versions.
         Encountered conflict between 'Platform:System.Xml.Linq.dll' and 'Platform:System.Xml.Linq.dll'. Could not determine winner due to equal file and assembly versions.
         Encountered conflict between 'Platform:WindowsBase.dll' and 'Platform:WindowsBase.dll'. Could not determine winner due to equal file and assembly versions.
         Encountered conflict between 'Platform:netstandard.dll' and 'Platform:netstandard.dll'. Could not determine winner due to equal file and assembly versions.
         Encountered conflict between 'Platform:System.Private.CoreLib.dll' and 'Platform:System.Private.CoreLib.dll'. Could not determine winner due to equal file and assembly versions.
         Encountered conflict between 'Platform:System.Private.DataContractSerialization.dll' and 'Platform:System.Private.DataContractSerialization.dll'. Could not determine winner due to equal file and assembly versions.
         Encountered conflict between 'Platform:System.Private.Uri.dll' and 'Platform:System.Private.Uri.dll'. Could not determine winner due to equal file and assembly versions.
         Encountered conflict between 'Platform:System.Private.Xml.dll' and 'Platform:System.Private.Xml.dll'. Could not determine winner due to equal file and assembly versions.
         Encountered conflict between 'Platform:System.Private.Xml.Linq.dll' and 'Platform:System.Private.Xml.Linq.dll'. Could not determine winner due to equal file and assembly versions.
         Encountered conflict between 'Platform:mscordaccore_amd64_amd64_8.0.2025.41914.dll' and 'Platform:mscordaccore_amd64_amd64_8.0.2025.41914.dll'. Could not determine winner due to equal file and assembly versions.
     0>Property reassignment: $(PrepareForRunDependsOn)="
      _RazorPrepareForRun;
      StaticWebAssetsPrepareForRun;
      CopyFilesToOutputDirectory
    
    " (previous value: "StaticWebAssetsPrepareForRun;
      CopyFilesToOutputDirectory
    ") at /usr/share/dotnet/sdk/9.0.110/Sdks/Microsoft.NET.Sdk.Razor/targets/Sdk.Razor.CurrentVersion.targets (220,5)
       Property reassignment: $(UseRazorBuildServer)="true" (previous value: "") at /usr/share/dotnet/sdk/9.0.110/Sdks/Microsoft.NET.Sdk.Razor/targets/Sdk.Razor.CurrentVersion.targets (311,5)
     2>Done executing task "ResolvePackageFileConflicts".
     0>Property reassignment: $(_RazorDebugSymbolsProduced)="true" (previous value: "false") at /usr/share/dotnet/sdk/9.0.110/Sdks/Microsoft.NET.Sdk.Razor/targets/Sdk.Razor.CurrentVersion.targets (317,5)
       Property reassignment: $(GenerateRazorTargetAssemblyInfoDependsOn)="
             _ResolveMvcAssemblyAttributes;
             
             GetRazorTargetAssemblyAttributes;
             _CreateRazorTargetAssemblyInfoInputsCacheFile;
             CoreGenerateRazorTargetAssemblyInfo
           
           " (previous value: "
             GetRazorTargetAssemblyAttributes;
             _CreateRazorTargetAssemblyInfoInputsCacheFile;
             CoreGenerateRazorTargetAssemblyInfo
           ") at /usr/share/dotnet/sdk/9.0.110/Sdks/Microsoft.NET.Sdk.Razor/targets/Microsoft.NET.Sdk.Razor.GenerateAssemblyInfo.targets (36,5)
       Property reassignment: $(CoreCompileDependsOn)="
             ;_ComputeNonExistentFileProperty;ResolveCodeAnalysisRuleSet;
             _GenerateRazorAssemblyInfo
           " (previous value: ";_ComputeNonExistentFileProperty;ResolveCodeAnalysisRuleSet") at /usr/share/dotnet/sdk/9.0.110/Sdks/Microsoft.NET.Sdk.Razor/targets/Microsoft.NET.Sdk.Razor.GenerateAssemblyInfo.targets (181,5)
       Property reassignment: $(_GenerateRazorAssemblyInfoDependsOn)="
             _ResolveMvcAssemblyAttributes;
             RazorGetAssemblyAttributes;PrepareForBuild;_CoreGenerateRazorAssemblyInfo;
           " (previous value: "RazorGetAssemblyAttributes;PrepareForBuild;_CoreGenerateRazorAssemblyInfo") at /usr/share/dotnet/sdk/9.0.110/Sdks/Microsoft.NET.Sdk.Razor/targets/Microsoft.NET.Sdk.Razor.GenerateAssemblyInfo.targets (189,5)
       Property reassignment: $(CoreCompileDependsOn)="
             _DiscoverMvcApplicationParts;
             
             ;_ComputeNonExistentFileProperty;ResolveCodeAnalysisRuleSet;
             _GenerateRazorAssemblyInfo
           ;
           " (previous value: "
             ;_ComputeNonExistentFileProperty;ResolveCodeAnalysisRuleSet;
             _GenerateRazorAssemblyInfo
           ") at /usr/share/dotnet/sdk/9.0.110/Sdks/Microsoft.NET.Sdk.Razor/targets/Microsoft.NET.Sdk.Razor.MvcApplicationPartsDiscovery.targets (22,5)
       Property reassignment: $(RazorDesignTimeTargets)="/usr/share/dotnet/sdk/9.0.110/Sdks/Microsoft.NET.Sdk.Razor/targets/Microsoft.NET.Sdk.Razor.DesignTime.targets" (previous value: "/usr/share/dotnet/sdk/9.0.110/Microsoft/VisualStudio/Razor/Microsoft.NET.Sdk.Razor.DesignTime.targets") at /usr/share/dotnet/sdk/9.0.110/Sdks/Microsoft.NET.Sdk.Razor/targets/Sdk.Razor.CurrentVersion.targets (791,5)
       Property reassignment: $(RunWorkingDirectory)="/home/mostafa/Documents/Projects/hr-management-system/backend/HRManagementSystem/src/Presentation/HRManagementSystem.WebApi" (previous value: "") at /usr/share/dotnet/sdk/9.0.110/Sdks/Microsoft.NET.Sdk.Web.ProjectSystem/targets/Microsoft.NET.Sdk.Web.ProjectSystem.targets (21,5)
     2>Done building target "_HandlePackageFileConflicts" in project "HRManagementSystem.Domain.csproj".
       Target "ResolveTargetingPackAssets" skipped. Previously built successfully.
     0>Property reassignment: $(PublishProfileImported)="true" (previous value: "false") at /usr/share/dotnet/sdk/9.0.110/Sdks/Microsoft.NET.Sdk.Publish/targets/Microsoft.NET.Sdk.Publish.targets (60,5)
       Property reassignment: $(PublishConfiguration)="Debug" (previous value: "") at /usr/share/dotnet/sdk/9.0.110/Sdks/Microsoft.NET.Sdk.Publish/targets/Microsoft.NET.Sdk.Publish.targets (81,5)
       Property reassignment: $(BaseIntermediateOutputPath)="/home/mostafa/Documents/Projects/hr-management-system/backend/HRManagementSystem/src/Presentation/HRManagementSystem.WebApi/obj/" (previous value: "obj\") at /usr/share/dotnet/sdk/9.0.110/Sdks/Microsoft.NET.Sdk.Publish/targets/Microsoft.NET.Sdk.Publish.targets (87,5)
     2>Target "ResolveAssemblyReferences" in file "/usr/share/dotnet/sdk/9.0.110/Microsoft.Common.CurrentVersion.targets" from project "/home/mostafa/Documents/Projects/hr-management-system/backend/HRManagementSystem/src/Core/HRManagementSystem.Domain/HRManagementSystem.Domain.csproj" (target "ResolveReferences" depends on it):
     2>Using "ResolveAssemblyReference" task from assembly "Microsoft.Build.Tasks.Core, Version=15.1.0.0, Culture=neutral, PublicKeyToken=b03f5f7f11d50a3a".
       Task "ResolveAssemblyReference"
         TargetFrameworkMoniker:
             .NETCoreApp,Version=v8.0
         TargetFrameworkMonikerDisplayName:
             .NET 8.0
         TargetedRuntimeVersion:
             
         Assemblies:
             /home/mostafa/.nuget/packages/hangfire.aspnetcore/1.8.22/lib/netcoreapp3.0/Hangfire.AspNetCore.dll
                 Private = 'false'
                 HintPath = '/home/mostafa/.nuget/packages/hangfire.aspnetcore/1.8.22/lib/netcoreapp3.0/Hangfire.AspNetCore.dll'
             /home/mostafa/.nuget/packages/hangfire.core/1.8.22/lib/netstandard2.0/Hangfire.Core.dll
                 Private = 'false'
                 HintPath = '/home/mostafa/.nuget/packages/hangfire.core/1.8.22/lib/netstandard2.0/Hangfire.Core.dll'
             /home/mostafa/.nuget/packages/hangfire.netcore/1.8.22/lib/netstandard2.1/Hangfire.NetCore.dll
                 Private = 'false'
                 HintPath = '/home/mostafa/.nuget/packages/hangfire.netcore/1.8.22/lib/netstandard2.1/Hangfire.NetCore.dll'
             /home/mostafa/.nuget/packages/hangfire.sqlserver/1.8.22/lib/netstandard2.0/Hangfire.SqlServer.dll
                 Private = 'false'
                 HintPath = '/home/mostafa/.nuget/packages/hangfire.sqlserver/1.8.22/lib/netstandard2.0/Hangfire.SqlServer.dll'
             /home/mostafa/.nuget/packages/newtonsoft.json/11.0.1/lib/netstandard2.0/Newtonsoft.Json.dll
                 Private = 'false'
                 HintPath = '/home/mostafa/.nuget/packages/newtonsoft.json/11.0.1/lib/netstandard2.0/Newtonsoft.Json.dll'
             /usr/share/dotnet/packs/Microsoft.NETCore.App.Ref/8.0.20/ref/net8.0/Microsoft.CSharp.dll
                 Private = 'false'
             /usr/share/dotnet/packs/Microsoft.NETCore.App.Ref/8.0.20/ref/net8.0/Microsoft.VisualBasic.Core.dll
                 Private = 'false'
             /usr/share/dotnet/packs/Microsoft.NETCore.App.Ref/8.0.20/ref/net8.0/Microsoft.VisualBasic.dll
                 Private = 'false'
             /usr/share/dotnet/packs/Microsoft.NETCore.App.Ref/8.0.20/ref/net8.0/Microsoft.Win32.Primitives.dll
                 Private = 'false'
             /usr/share/dotnet/packs/Microsoft.NETCore.App.Ref/8.0.20/ref/net8.0/Microsoft.Win32.Registry.dll
                 Private = 'false'
             /usr/share/dotnet/packs/Microsoft.NETCore.App.Ref/8.0.20/ref/net8.0/System.AppContext.dll
                 Private = 'false'
             /usr/share/dotnet/packs/Microsoft.NETCore.App.Ref/8.0.20/ref/net8.0/System.Buffers.dll
                 Private = 'false'
             /usr/share/dotnet/packs/Microsoft.NETCore.App.Ref/8.0.20/ref/net8.0/System.Collections.Concurrent.dll
                 Private = 'false'
             /usr/share/dotnet/packs/Microsoft.NETCore.App.Ref/8.0.20/ref/net8.0/System.Collections.Immutable.dll
                 Private = 'false'
             /usr/share/dotnet/packs/Microsoft.NETCore.App.Ref/8.0.20/ref/net8.0/System.Collections.NonGeneric.dll
                 Private = 'false'
             /usr/share/dotnet/packs/Microsoft.NETCore.App.Ref/8.0.20/ref/net8.0/System.Collections.Specialized.dll
                 Private = 'false'
             /usr/share/dotnet/packs/Microsoft.NETCore.App.Ref/8.0.20/ref/net8.0/System.Collections.dll
                 Private = 'false'
             /usr/share/dotnet/packs/Microsoft.NETCore.App.Ref/8.0.20/ref/net8.0/System.ComponentModel.Annotations.dll
                 Private = 'false'
             /usr/share/dotnet/packs/Microsoft.NETCore.App.Ref/8.0.20/ref/net8.0/System.ComponentModel.DataAnnotations.dll
                 Private = 'false'
             /usr/share/dotnet/packs/Microsoft.NETCore.App.Ref/8.0.20/ref/net8.0/System.ComponentModel.EventBasedAsync.dll
                 Private = 'false'
             /usr/share/dotnet/packs/Microsoft.NETCore.App.Ref/8.0.20/ref/net8.0/System.ComponentModel.Primitives.dll
                 Private = 'false'
             /usr/share/dotnet/packs/Microsoft.NETCore.App.Ref/8.0.20/ref/net8.0/System.ComponentModel.TypeConverter.dll
                 Private = 'false'
             /usr/share/dotnet/packs/Microsoft.NETCore.App.Ref/8.0.20/ref/net8.0/System.ComponentModel.dll
                 Private = 'false'
             /usr/share/dotnet/packs/Microsoft.NETCore.App.Ref/8.0.20/ref/net8.0/System.Configuration.dll
                 Private = 'false'
             /usr/share/dotnet/packs/Microsoft.NETCore.App.Ref/8.0.20/ref/net8.0/System.Console.dll
                 Private = 'false'
             /usr/share/dotnet/packs/Microsoft.NETCore.App.Ref/8.0.20/ref/net8.0/System.Core.dll
                 Private = 'false'
             /usr/share/dotnet/packs/Microsoft.NETCore.App.Ref/8.0.20/ref/net8.0/System.Data.Common.dll
                 Private = 'false'
             /usr/share/dotnet/packs/Microsoft.NETCore.App.Ref/8.0.20/ref/net8.0/System.Data.DataSetExtensions.dll
                 Private = 'false'
             /usr/share/dotnet/packs/Microsoft.NETCore.App.Ref/8.0.20/ref/net8.0/System.Data.dll
                 Private = 'false'
             /usr/share/dotnet/packs/Microsoft.NETCore.App.Ref/8.0.20/ref/net8.0/System.Diagnostics.Contracts.dll
                 Private = 'false'
             /usr/share/dotnet/packs/Microsoft.NETCore.App.Ref/8.0.20/ref/net8.0/System.Diagnostics.Debug.dll
                 Private = 'false'
             /usr/share/dotnet/packs/Microsoft.NETCore.App.Ref/8.0.20/ref/net8.0/System.Diagnostics.DiagnosticSource.dll
                 Private = 'false'
             /usr/share/dotnet/packs/Microsoft.NETCore.App.Ref/8.0.20/ref/net8.0/System.Diagnostics.FileVersionInfo.dll
                 Private = 'false'
             /usr/share/dotnet/packs/Microsoft.NETCore.App.Ref/8.0.20/ref/net8.0/System.Diagnostics.Process.dll
                 Private = 'false'
             /usr/share/dotnet/packs/Microsoft.NETCore.App.Ref/8.0.20/ref/net8.0/System.Diagnostics.StackTrace.dll
                 Private = 'false'
             /usr/share/dotnet/packs/Microsoft.NETCore.App.Ref/8.0.20/ref/net8.0/System.Diagnostics.TextWriterTraceListener.dll
                 Private = 'false'
             /usr/share/dotnet/packs/Microsoft.NETCore.App.Ref/8.0.20/ref/net8.0/System.Diagnostics.Tools.dll
                 Private = 'false'
             /usr/share/dotnet/packs/Microsoft.NETCore.App.Ref/8.0.20/ref/net8.0/System.Diagnostics.TraceSource.dll
                 Private = 'false'
             /usr/share/dotnet/packs/Microsoft.NETCore.App.Ref/8.0.20/ref/net8.0/System.Diagnostics.Tracing.dll
                 Private = 'false'
             /usr/share/dotnet/packs/Microsoft.NETCore.App.Ref/8.0.20/ref/net8.0/System.Drawing.Primitives.dll
                 Private = 'false'
             /usr/share/dotnet/packs/Microsoft.NETCore.App.Ref/8.0.20/ref/net8.0/System.Drawing.dll
                 Private = 'false'
             /usr/share/dotnet/packs/Microsoft.NETCore.App.Ref/8.0.20/ref/net8.0/System.Dynamic.Runtime.dll
                 Private = 'false'
             /usr/share/dotnet/packs/Microsoft.NETCore.App.Ref/8.0.20/ref/net8.0/System.Formats.Asn1.dll
                 Private = 'false'
             /usr/share/dotnet/packs/Microsoft.NETCore.App.Ref/8.0.20/ref/net8.0/System.Formats.Tar.dll
                 Private = 'false'
             /usr/share/dotnet/packs/Microsoft.NETCore.App.Ref/8.0.20/ref/net8.0/System.Globalization.Calendars.dll
                 Private = 'false'
             /usr/share/dotnet/packs/Microsoft.NETCore.App.Ref/8.0.20/ref/net8.0/System.Globalization.Extensions.dll
                 Private = 'false'
             /usr/share/dotnet/packs/Microsoft.NETCore.App.Ref/8.0.20/ref/net8.0/System.Globalization.dll
                 Private = 'false'
             /usr/share/dotnet/packs/Microsoft.NETCore.App.Ref/8.0.20/ref/net8.0/System.IO.Compression.Brotli.dll
                 Private = 'false'
             /usr/share/dotnet/packs/Microsoft.NETCore.App.Ref/8.0.20/ref/net8.0/System.IO.Compression.FileSystem.dll
                 Private = 'false'
             /usr/share/dotnet/packs/Microsoft.NETCore.App.Ref/8.0.20/ref/net8.0/System.IO.Compression.ZipFile.dll
                 Private = 'false'
             /usr/share/dotnet/packs/Microsoft.NETCore.App.Ref/8.0.20/ref/net8.0/System.IO.Compression.dll
                 Private = 'false'
             /usr/share/dotnet/packs/Microsoft.NETCore.App.Ref/8.0.20/ref/net8.0/System.IO.FileSystem.AccessControl.dll
                 Private = 'false'
             /usr/share/dotnet/packs/Microsoft.NETCore.App.Ref/8.0.20/ref/net8.0/System.IO.FileSystem.DriveInfo.dll
                 Private = 'false'
             /usr/share/dotnet/packs/Microsoft.NETCore.App.Ref/8.0.20/ref/net8.0/System.IO.FileSystem.Primitives.dll
                 Private = 'false'
             /usr/share/dotnet/packs/Microsoft.NETCore.App.Ref/8.0.20/ref/net8.0/System.IO.FileSystem.Watcher.dll
                 Private = 'false'
             /usr/share/dotnet/packs/Microsoft.NETCore.App.Ref/8.0.20/ref/net8.0/System.IO.FileSystem.dll
                 Private = 'false'
             /usr/share/dotnet/packs/Microsoft.NETCore.App.Ref/8.0.20/ref/net8.0/System.IO.IsolatedStorage.dll
                 Private = 'false'
             /usr/share/dotnet/packs/Microsoft.NETCore.App.Ref/8.0.20/ref/net8.0/System.IO.MemoryMappedFiles.dll
                 Private = 'false'
             /usr/share/dotnet/packs/Microsoft.NETCore.App.Ref/8.0.20/ref/net8.0/System.IO.Pipes.AccessControl.dll
                 Private = 'false'
             /usr/share/dotnet/packs/Microsoft.NETCore.App.Ref/8.0.20/ref/net8.0/System.IO.Pipes.dll
                 Private = 'false'
             /usr/share/dotnet/packs/Microsoft.NETCore.App.Ref/8.0.20/ref/net8.0/System.IO.UnmanagedMemoryStream.dll
                 Private = 'false'
             /usr/share/dotnet/packs/Microsoft.NETCore.App.Ref/8.0.20/ref/net8.0/System.IO.dll
                 Private = 'false'
             /usr/share/dotnet/packs/Microsoft.NETCore.App.Ref/8.0.20/ref/net8.0/System.Linq.Expressions.dll
                 Private = 'false'
             /usr/share/dotnet/packs/Microsoft.NETCore.App.Ref/8.0.20/ref/net8.0/System.Linq.Parallel.dll
                 Private = 'false'
             /usr/share/dotnet/packs/Microsoft.NETCore.App.Ref/8.0.20/ref/net8.0/System.Linq.Queryable.dll
                 Private = 'false'
             /usr/share/dotnet/packs/Microsoft.NETCore.App.Ref/8.0.20/ref/net8.0/System.Linq.dll
                 Private = 'false'
             /usr/share/dotnet/packs/Microsoft.NETCore.App.Ref/8.0.20/ref/net8.0/System.Memory.dll
                 Private = 'false'
             /usr/share/dotnet/packs/Microsoft.NETCore.App.Ref/8.0.20/ref/net8.0/System.Net.Http.Json.dll
                 Private = 'false'
             /usr/share/dotnet/packs/Microsoft.NETCore.App.Ref/8.0.20/ref/net8.0/System.Net.Http.dll
                 Private = 'false'
             /usr/share/dotnet/packs/Microsoft.NETCore.App.Ref/8.0.20/ref/net8.0/System.Net.HttpListener.dll
                 Private = 'false'
             /usr/share/dotnet/packs/Microsoft.NETCore.App.Ref/8.0.20/ref/net8.0/System.Net.Mail.dll
                 Private = 'false'
             /usr/share/dotnet/packs/Microsoft.NETCore.App.Ref/8.0.20/ref/net8.0/System.Net.NameResolution.dll
                 Private = 'false'
             /usr/share/dotnet/packs/Microsoft.NETCore.App.Ref/8.0.20/ref/net8.0/System.Net.NetworkInformation.dll
                 Private = 'false'
             /usr/share/dotnet/packs/Microsoft.NETCore.App.Ref/8.0.20/ref/net8.0/System.Net.Ping.dll
                 Private = 'false'
             /usr/share/dotnet/packs/Microsoft.NETCore.App.Ref/8.0.20/ref/net8.0/System.Net.Primitives.dll
                 Private = 'false'
             /usr/share/dotnet/packs/Microsoft.NETCore.App.Ref/8.0.20/ref/net8.0/System.Net.Quic.dll
                 Private = 'false'
             /usr/share/dotnet/packs/Microsoft.NETCore.App.Ref/8.0.20/ref/net8.0/System.Net.Requests.dll
                 Private = 'false'
             /usr/share/dotnet/packs/Microsoft.NETCore.App.Ref/8.0.20/ref/net8.0/System.Net.Security.dll
                 Private = 'false'
             /usr/share/dotnet/packs/Microsoft.NETCore.App.Ref/8.0.20/ref/net8.0/System.Net.ServicePoint.dll
                 Private = 'false'
             /usr/share/dotnet/packs/Microsoft.NETCore.App.Ref/8.0.20/ref/net8.0/System.Net.Sockets.dll
                 Private = 'false'
             /usr/share/dotnet/packs/Microsoft.NETCore.App.Ref/8.0.20/ref/net8.0/System.Net.WebClient.dll
                 Private = 'false'
             /usr/share/dotnet/packs/Microsoft.NETCore.App.Ref/8.0.20/ref/net8.0/System.Net.WebHeaderCollection.dll
                 Private = 'false'
             /usr/share/dotnet/packs/Microsoft.NETCore.App.Ref/8.0.20/ref/net8.0/System.Net.WebProxy.dll
                 Private = 'false'
             /usr/share/dotnet/packs/Microsoft.NETCore.App.Ref/8.0.20/ref/net8.0/System.Net.WebSockets.Client.dll
                 Private = 'false'
             /usr/share/dotnet/packs/Microsoft.NETCore.App.Ref/8.0.20/ref/net8.0/System.Net.WebSockets.dll
                 Private = 'false'
             /usr/share/dotnet/packs/Microsoft.NETCore.App.Ref/8.0.20/ref/net8.0/System.Net.dll
                 Private = 'false'
             /usr/share/dotnet/packs/Microsoft.NETCore.App.Ref/8.0.20/ref/net8.0/System.Numerics.Vectors.dll
                 Private = 'false'
             /usr/share/dotnet/packs/Microsoft.NETCore.App.Ref/8.0.20/ref/net8.0/System.Numerics.dll
                 Private = 'false'
             /usr/share/dotnet/packs/Microsoft.NETCore.App.Ref/8.0.20/ref/net8.0/System.ObjectModel.dll
                 Private = 'false'
             /usr/share/dotnet/packs/Microsoft.NETCore.App.Ref/8.0.20/ref/net8.0/System.Reflection.DispatchProxy.dll
                 Private = 'false'
             /usr/share/dotnet/packs/Microsoft.NETCore.App.Ref/8.0.20/ref/net8.0/System.Reflection.Emit.ILGeneration.dll
                 Private = 'false'
             /usr/share/dotnet/packs/Microsoft.NETCore.App.Ref/8.0.20/ref/net8.0/System.Reflection.Emit.Lightweight.dll
                 Private = 'false'
             /usr/share/dotnet/packs/Microsoft.NETCore.App.Ref/8.0.20/ref/net8.0/System.Reflection.Emit.dll
                 Private = 'false'
             /usr/share/dotnet/packs/Microsoft.NETCore.App.Ref/8.0.20/ref/net8.0/System.Reflection.Extensions.dll
                 Private = 'false'
             /usr/share/dotnet/packs/Microsoft.NETCore.App.Ref/8.0.20/ref/net8.0/System.Reflection.Metadata.dll
                 Private = 'false'
             /usr/share/dotnet/packs/Microsoft.NETCore.App.Ref/8.0.20/ref/net8.0/System.Reflection.Primitives.dll
                 Private = 'false'
             /usr/share/dotnet/packs/Microsoft.NETCore.App.Ref/8.0.20/ref/net8.0/System.Reflection.TypeExtensions.dll
                 Private = 'false'
             /usr/share/dotnet/packs/Microsoft.NETCore.App.Ref/8.0.20/ref/net8.0/System.Reflection.dll
                 Private = 'false'
             /usr/share/dotnet/packs/Microsoft.NETCore.App.Ref/8.0.20/ref/net8.0/System.Resources.Reader.dll
                 Private = 'false'
             /usr/share/dotnet/packs/Microsoft.NETCore.App.Ref/8.0.20/ref/net8.0/System.Resources.ResourceManager.dll
                 Private = 'false'
             /usr/share/dotnet/packs/Microsoft.NETCore.App.Ref/8.0.20/ref/net8.0/System.Resources.Writer.dll
                 Private = 'false'
             /usr/share/dotnet/packs/Microsoft.NETCore.App.Ref/8.0.20/ref/net8.0/System.Runtime.CompilerServices.Unsafe.dll
                 Private = 'false'
             /usr/share/dotnet/packs/Microsoft.NETCore.App.Ref/8.0.20/ref/net8.0/System.Runtime.CompilerServices.VisualC.dll
                 Private = 'false'
             /usr/share/dotnet/packs/Microsoft.NETCore.App.Ref/8.0.20/ref/net8.0/System.Runtime.Extensions.dll
                 Private = 'false'
             /usr/share/dotnet/packs/Microsoft.NETCore.App.Ref/8.0.20/ref/net8.0/System.Runtime.Handles.dll
                 Private = 'false'
             /usr/share/dotnet/packs/Microsoft.NETCore.App.Ref/8.0.20/ref/net8.0/System.Runtime.InteropServices.JavaScript.dll
                 Private = 'false'
             /usr/share/dotnet/packs/Microsoft.NETCore.App.Ref/8.0.20/ref/net8.0/System.Runtime.InteropServices.RuntimeInformation.dll
                 Private = 'false'
             /usr/share/dotnet/packs/Microsoft.NETCore.App.Ref/8.0.20/ref/net8.0/System.Runtime.InteropServices.dll
                 Private = 'false'
             /usr/share/dotnet/packs/Microsoft.NETCore.App.Ref/8.0.20/ref/net8.0/System.Runtime.Intrinsics.dll
                 Private = 'false'
             /usr/share/dotnet/packs/Microsoft.NETCore.App.Ref/8.0.20/ref/net8.0/System.Runtime.Loader.dll
                 Private = 'false'
             /usr/share/dotnet/packs/Microsoft.NETCore.App.Ref/8.0.20/ref/net8.0/System.Runtime.Numerics.dll
                 Private = 'false'
             /usr/share/dotnet/packs/Microsoft.NETCore.App.Ref/8.0.20/ref/net8.0/System.Runtime.Serialization.Formatters.dll
                 Private = 'false'
             /usr/share/dotnet/packs/Microsoft.NETCore.App.Ref/8.0.20/ref/net8.0/System.Runtime.Serialization.Json.dll
                 Private = 'false'
             /usr/share/dotnet/packs/Microsoft.NETCore.App.Ref/8.0.20/ref/net8.0/System.Runtime.Serialization.Primitives.dll
                 Private = 'false'
             /usr/share/dotnet/packs/Microsoft.NETCore.App.Ref/8.0.20/ref/net8.0/System.Runtime.Serialization.Xml.dll
                 Private = 'false'
             /usr/share/dotnet/packs/Microsoft.NETCore.App.Ref/8.0.20/ref/net8.0/System.Runtime.Serialization.dll
                 Private = 'false'
             /usr/share/dotnet/packs/Microsoft.NETCore.App.Ref/8.0.20/ref/net8.0/System.Runtime.dll
                 Private = 'false'
             /usr/share/dotnet/packs/Microsoft.NETCore.App.Ref/8.0.20/ref/net8.0/System.Security.AccessControl.dll
                 Private = 'false'
             /usr/share/dotnet/packs/Microsoft.NETCore.App.Ref/8.0.20/ref/net8.0/System.Security.Claims.dll
                 Private = 'false'
             /usr/share/dotnet/packs/Microsoft.NETCore.App.Ref/8.0.20/ref/net8.0/System.Security.Cryptography.Algorithms.dll
                 Private = 'false'
             /usr/share/dotnet/packs/Microsoft.NETCore.App.Ref/8.0.20/ref/net8.0/System.Security.Cryptography.Cng.dll
                 Private = 'false'
             /usr/share/dotnet/packs/Microsoft.NETCore.App.Ref/8.0.20/ref/net8.0/System.Security.Cryptography.Csp.dll
                 Private = 'false'
             /usr/share/dotnet/packs/Microsoft.NETCore.App.Ref/8.0.20/ref/net8.0/System.Security.Cryptography.Encoding.dll
                 Private = 'false'
             /usr/share/dotnet/packs/Microsoft.NETCore.App.Ref/8.0.20/ref/net8.0/System.Security.Cryptography.OpenSsl.dll
                 Private = 'false'
             /usr/share/dotnet/packs/Microsoft.NETCore.App.Ref/8.0.20/ref/net8.0/System.Security.Cryptography.Primitives.dll
                 Private = 'false'
             /usr/share/dotnet/packs/Microsoft.NETCore.App.Ref/8.0.20/ref/net8.0/System.Security.Cryptography.X509Certificates.dll
                 Private = 'false'
             /usr/share/dotnet/packs/Microsoft.NETCore.App.Ref/8.0.20/ref/net8.0/System.Security.Cryptography.dll
                 Private = 'false'
             /usr/share/dotnet/packs/Microsoft.NETCore.App.Ref/8.0.20/ref/net8.0/System.Security.Principal.Windows.dll
                 Private = 'false'
             /usr/share/dotnet/packs/Microsoft.NETCore.App.Ref/8.0.20/ref/net8.0/System.Security.Principal.dll
                 Private = 'false'
             /usr/share/dotnet/packs/Microsoft.NETCore.App.Ref/8.0.20/ref/net8.0/System.Security.SecureString.dll
                 Private = 'false'
             /usr/share/dotnet/packs/Microsoft.NETCore.App.Ref/8.0.20/ref/net8.0/System.Security.dll
                 Private = 'false'
             /usr/share/dotnet/packs/Microsoft.NETCore.App.Ref/8.0.20/ref/net8.0/System.ServiceModel.Web.dll
                 Private = 'false'
             /usr/share/dotnet/packs/Microsoft.NETCore.App.Ref/8.0.20/ref/net8.0/System.ServiceProcess.dll
                 Private = 'false'
             /usr/share/dotnet/packs/Microsoft.NETCore.App.Ref/8.0.20/ref/net8.0/System.Text.Encoding.CodePages.dll
                 Private = 'false'
             /usr/share/dotnet/packs/Microsoft.NETCore.App.Ref/8.0.20/ref/net8.0/System.Text.Encoding.Extensions.dll
                 Private = 'false'
             /usr/share/dotnet/packs/Microsoft.NETCore.App.Ref/8.0.20/ref/net8.0/System.Text.Encoding.dll
                 Private = 'false'
             /usr/share/dotnet/packs/Microsoft.NETCore.App.Ref/8.0.20/ref/net8.0/System.Text.Encodings.Web.dll
                 Private = 'false'
             /usr/share/dotnet/packs/Microsoft.NETCore.App.Ref/8.0.20/ref/net8.0/System.Text.Json.dll
                 Private = 'false'
             /usr/share/dotnet/packs/Microsoft.NETCore.App.Ref/8.0.20/ref/net8.0/System.Text.RegularExpressions.dll
                 Private = 'false'
             /usr/share/dotnet/packs/Microsoft.NETCore.App.Ref/8.0.20/ref/net8.0/System.Threading.Channels.dll
                 Private = 'false'
             /usr/share/dotnet/packs/Microsoft.NETCore.App.Ref/8.0.20/ref/net8.0/System.Threading.Overlapped.dll
                 Private = 'false'
             /usr/share/dotnet/packs/Microsoft.NETCore.App.Ref/8.0.20/ref/net8.0/System.Threading.Tasks.Dataflow.dll
                 Private = 'false'
             /usr/share/dotnet/packs/Microsoft.NETCore.App.Ref/8.0.20/ref/net8.0/System.Threading.Tasks.Extensions.dll
                 Private = 'false'
             /usr/share/dotnet/packs/Microsoft.NETCore.App.Ref/8.0.20/ref/net8.0/System.Threading.Tasks.Parallel.dll
                 Private = 'false'
             /usr/share/dotnet/packs/Microsoft.NETCore.App.Ref/8.0.20/ref/net8.0/System.Threading.Tasks.dll
                 Private = 'false'
             /usr/share/dotnet/packs/Microsoft.NETCore.App.Ref/8.0.20/ref/net8.0/System.Threading.Thread.dll
                 Private = 'false'
             /usr/share/dotnet/packs/Microsoft.NETCore.App.Ref/8.0.20/ref/net8.0/System.Threading.ThreadPool.dll
                 Private = 'false'
             /usr/share/dotnet/packs/Microsoft.NETCore.App.Ref/8.0.20/ref/net8.0/System.Threading.Timer.dll
                 Private = 'false'
             /usr/share/dotnet/packs/Microsoft.NETCore.App.Ref/8.0.20/ref/net8.0/System.Threading.dll
                 Private = 'false'
             /usr/share/dotnet/packs/Microsoft.NETCore.App.Ref/8.0.20/ref/net8.0/System.Transactions.Local.dll
                 Private = 'false'
             /usr/share/dotnet/packs/Microsoft.NETCore.App.Ref/8.0.20/ref/net8.0/System.Transactions.dll
                 Private = 'false'
             /usr/share/dotnet/packs/Microsoft.NETCore.App.Ref/8.0.20/ref/net8.0/System.ValueTuple.dll
                 Private = 'false'
             /usr/share/dotnet/packs/Microsoft.NETCore.App.Ref/8.0.20/ref/net8.0/System.Web.HttpUtility.dll
                 Private = 'false'
             /usr/share/dotnet/packs/Microsoft.NETCore.App.Ref/8.0.20/ref/net8.0/System.Web.dll
                 Private = 'false'
             /usr/share/dotnet/packs/Microsoft.NETCore.App.Ref/8.0.20/ref/net8.0/System.Windows.dll
                 Private = 'false'
             /usr/share/dotnet/packs/Microsoft.NETCore.App.Ref/8.0.20/ref/net8.0/System.Xml.Linq.dll
                 Private = 'false'
             /usr/share/dotnet/packs/Microsoft.NETCore.App.Ref/8.0.20/ref/net8.0/System.Xml.ReaderWriter.dll
                 Private = 'false'
             /usr/share/dotnet/packs/Microsoft.NETCore.App.Ref/8.0.20/ref/net8.0/System.Xml.Serialization.dll
                 Private = 'false'
             /usr/share/dotnet/packs/Microsoft.NETCore.App.Ref/8.0.20/ref/net8.0/System.Xml.XDocument.dll
                 Private = 'false'
             /usr/share/dotnet/packs/Microsoft.NETCore.App.Ref/8.0.20/ref/net8.0/System.Xml.XPath.XDocument.dll
                 Private = 'false'
             /usr/share/dotnet/packs/Microsoft.NETCore.App.Ref/8.0.20/ref/net8.0/System.Xml.XPath.dll
                 Private = 'false'
             /usr/share/dotnet/packs/Microsoft.NETCore.App.Ref/8.0.20/ref/net8.0/System.Xml.XmlDocument.dll
                 Private = 'false'
             /usr/share/dotnet/packs/Microsoft.NETCore.App.Ref/8.0.20/ref/net8.0/System.Xml.XmlSerializer.dll
                 Private = 'false'
             /usr/share/dotnet/packs/Microsoft.NETCore.App.Ref/8.0.20/ref/net8.0/System.Xml.dll
                 Private = 'false'
             /usr/share/dotnet/packs/Microsoft.NETCore.App.Ref/8.0.20/ref/net8.0/System.dll
                 Private = 'false'
             /usr/share/dotnet/packs/Microsoft.NETCore.App.Ref/8.0.20/ref/net8.0/WindowsBase.dll
                 Private = 'false'
             /usr/share/dotnet/packs/Microsoft.NETCore.App.Ref/8.0.20/ref/net8.0/mscorlib.dll
                 Private = 'false'
             /usr/share/dotnet/packs/Microsoft.NETCore.App.Ref/8.0.20/ref/net8.0/netstandard.dll
                 Private = 'false'
             /home/mostafa/.nuget/packages/microsoft.aspnetcore.app.ref/8.0.20/ref/net8.0/Microsoft.AspNetCore.Antiforgery.dll
                 Private = 'false'
             /home/mostafa/.nuget/packages/microsoft.aspnetcore.app.ref/8.0.20/ref/net8.0/Microsoft.AspNetCore.Authentication.Abstractions.dll
                 Private = 'false'
             /home/mostafa/.nuget/packages/microsoft.aspnetcore.app.ref/8.0.20/ref/net8.0/Microsoft.AspNetCore.Authentication.BearerToken.dll
                 Private = 'false'
             /home/mostafa/.nuget/packages/microsoft.aspnetcore.app.ref/8.0.20/ref/net8.0/Microsoft.AspNetCore.Authentication.Cookies.dll
                 Private = 'false'
             /home/mostafa/.nuget/packages/microsoft.aspnetcore.app.ref/8.0.20/ref/net8.0/Microsoft.AspNetCore.Authentication.Core.dll
                 Private = 'false'
             /home/mostafa/.nuget/packages/microsoft.aspnetcore.app.ref/8.0.20/ref/net8.0/Microsoft.AspNetCore.Authentication.OAuth.dll
                 Private = 'false'
             /home/mostafa/.nuget/packages/microsoft.aspnetcore.app.ref/8.0.20/ref/net8.0/Microsoft.AspNetCore.Authentication.dll
                 Private = 'false'
             /home/mostafa/.nuget/packages/microsoft.aspnetcore.app.ref/8.0.20/ref/net8.0/Microsoft.AspNetCore.Authorization.Policy.dll
                 Private = 'false'
             /home/mostafa/.nuget/packages/microsoft.aspnetcore.app.ref/8.0.20/ref/net8.0/Microsoft.AspNetCore.Authorization.dll
                 Private = 'false'
             /home/mostafa/.nuget/packages/microsoft.aspnetcore.app.ref/8.0.20/ref/net8.0/Microsoft.AspNetCore.Components.Authorization.dll
                 Private = 'false'
             /home/mostafa/.nuget/packages/microsoft.aspnetcore.app.ref/8.0.20/ref/net8.0/Microsoft.AspNetCore.Components.Endpoints.dll
                 Private = 'false'
             /home/mostafa/.nuget/packages/microsoft.aspnetcore.app.ref/8.0.20/ref/net8.0/Microsoft.AspNetCore.Components.Forms.dll
                 Private = 'false'
             /home/mostafa/.nuget/packages/microsoft.aspnetcore.app.ref/8.0.20/ref/net8.0/Microsoft.AspNetCore.Components.Server.dll
                 Private = 'false'
             /home/mostafa/.nuget/packages/microsoft.aspnetcore.app.ref/8.0.20/ref/net8.0/Microsoft.AspNetCore.Components.Web.dll
                 Private = 'false'
             /home/mostafa/.nuget/packages/microsoft.aspnetcore.app.ref/8.0.20/ref/net8.0/Microsoft.AspNetCore.Components.dll
                 Private = 'false'
             /home/mostafa/.nuget/packages/microsoft.aspnetcore.app.ref/8.0.20/ref/net8.0/Microsoft.AspNetCore.Connections.Abstractions.dll
                 Private = 'false'
             /home/mostafa/.nuget/packages/microsoft.aspnetcore.app.ref/8.0.20/ref/net8.0/Microsoft.AspNetCore.CookiePolicy.dll
                 Private = 'false'
             /home/mostafa/.nuget/packages/microsoft.aspnetcore.app.ref/8.0.20/ref/net8.0/Microsoft.AspNetCore.Cors.dll
                 Private = 'false'
             /home/mostafa/.nuget/packages/microsoft.aspnetcore.app.ref/8.0.20/ref/net8.0/Microsoft.AspNetCore.Cryptography.Internal.dll
                 Private = 'false'
             /home/mostafa/.nuget/packages/microsoft.aspnetcore.app.ref/8.0.20/ref/net8.0/Microsoft.AspNetCore.Cryptography.KeyDerivation.dll
                 Private = 'false'
             /home/mostafa/.nuget/packages/microsoft.aspnetcore.app.ref/8.0.20/ref/net8.0/Microsoft.AspNetCore.DataProtection.Abstractions.dll
                 Private = 'false'
             /home/mostafa/.nuget/packages/microsoft.aspnetcore.app.ref/8.0.20/ref/net8.0/Microsoft.AspNetCore.DataProtection.Extensions.dll
                 Private = 'false'
             /home/mostafa/.nuget/packages/microsoft.aspnetcore.app.ref/8.0.20/ref/net8.0/Microsoft.AspNetCore.DataProtection.dll
                 Private = 'false'
             /home/mostafa/.nuget/packages/microsoft.aspnetcore.app.ref/8.0.20/ref/net8.0/Microsoft.AspNetCore.Diagnostics.Abstractions.dll
                 Private = 'false'
             /home/mostafa/.nuget/packages/microsoft.aspnetcore.app.ref/8.0.20/ref/net8.0/Microsoft.AspNetCore.Diagnostics.HealthChecks.dll
                 Private = 'false'
             /home/mostafa/.nuget/packages/microsoft.aspnetcore.app.ref/8.0.20/ref/net8.0/Microsoft.AspNetCore.Diagnostics.dll
                 Private = 'false'
             /home/mostafa/.nuget/packages/microsoft.aspnetcore.app.ref/8.0.20/ref/net8.0/Microsoft.AspNetCore.HostFiltering.dll
                 Private = 'false'
             /home/mostafa/.nuget/packages/microsoft.aspnetcore.app.ref/8.0.20/ref/net8.0/Microsoft.AspNetCore.Hosting.Abstractions.dll
                 Private = 'false'
             /home/mostafa/.nuget/packages/microsoft.aspnetcore.app.ref/8.0.20/ref/net8.0/Microsoft.AspNetCore.Hosting.Server.Abstractions.dll
                 Private = 'false'
             /home/mostafa/.nuget/packages/microsoft.aspnetcore.app.ref/8.0.20/ref/net8.0/Microsoft.AspNetCore.Hosting.dll
                 Private = 'false'
             /home/mostafa/.nuget/packages/microsoft.aspnetcore.app.ref/8.0.20/ref/net8.0/Microsoft.AspNetCore.Html.Abstractions.dll
                 Private = 'false'
             /home/mostafa/.nuget/packages/microsoft.aspnetcore.app.ref/8.0.20/ref/net8.0/Microsoft.AspNetCore.Http.Abstractions.dll
                 Private = 'false'
             /home/mostafa/.nuget/packages/microsoft.aspnetcore.app.ref/8.0.20/ref/net8.0/Microsoft.AspNetCore.Http.Connections.Common.dll
                 Private = 'false'
             /home/mostafa/.nuget/packages/microsoft.aspnetcore.app.ref/8.0.20/ref/net8.0/Microsoft.AspNetCore.Http.Connections.dll
                 Private = 'false'
             /home/mostafa/.nuget/packages/microsoft.aspnetcore.app.ref/8.0.20/ref/net8.0/Microsoft.AspNetCore.Http.Extensions.dll
                 Private = 'false'
             /home/mostafa/.nuget/packages/microsoft.aspnetcore.app.ref/8.0.20/ref/net8.0/Microsoft.AspNetCore.Http.Features.dll
                 Private = 'false'
             /home/mostafa/.nuget/packages/microsoft.aspnetcore.app.ref/8.0.20/ref/net8.0/Microsoft.AspNetCore.Http.Results.dll
                 Private = 'false'
             /home/mostafa/.nuget/packages/microsoft.aspnetcore.app.ref/8.0.20/ref/net8.0/Microsoft.AspNetCore.Http.dll
                 Private = 'false'
             /home/mostafa/.nuget/packages/microsoft.aspnetcore.app.ref/8.0.20/ref/net8.0/Microsoft.AspNetCore.HttpLogging.dll
                 Private = 'false'
             /home/mostafa/.nuget/packages/microsoft.aspnetcore.app.ref/8.0.20/ref/net8.0/Microsoft.AspNetCore.HttpOverrides.dll
                 Private = 'false'
             /home/mostafa/.nuget/packages/microsoft.aspnetcore.app.ref/8.0.20/ref/net8.0/Microsoft.AspNetCore.HttpsPolicy.dll
                 Private = 'false'
             /home/mostafa/.nuget/packages/microsoft.aspnetcore.app.ref/8.0.20/ref/net8.0/Microsoft.AspNetCore.Identity.dll
                 Private = 'false'
             /home/mostafa/.nuget/packages/microsoft.aspnetcore.app.ref/8.0.20/ref/net8.0/Microsoft.AspNetCore.Localization.Routing.dll
                 Private = 'false'
             /home/mostafa/.nuget/packages/microsoft.aspnetcore.app.ref/8.0.20/ref/net8.0/Microsoft.AspNetCore.Localization.dll
                 Private = 'false'
             /home/mostafa/.nuget/packages/microsoft.aspnetcore.app.ref/8.0.20/ref/net8.0/Microsoft.AspNetCore.Metadata.dll
                 Private = 'false'
             /home/mostafa/.nuget/packages/microsoft.aspnetcore.app.ref/8.0.20/ref/net8.0/Microsoft.AspNetCore.Mvc.Abstractions.dll
                 Private = 'false'
             /home/mostafa/.nuget/packages/microsoft.aspnetcore.app.ref/8.0.20/ref/net8.0/Microsoft.AspNetCore.Mvc.ApiExplorer.dll
                 Private = 'false'
             /home/mostafa/.nuget/packages/microsoft.aspnetcore.app.ref/8.0.20/ref/net8.0/Microsoft.AspNetCore.Mvc.Core.dll
                 Private = 'false'
             /home/mostafa/.nuget/packages/microsoft.aspnetcore.app.ref/8.0.20/ref/net8.0/Microsoft.AspNetCore.Mvc.Cors.dll
                 Private = 'false'
             /home/mostafa/.nuget/packages/microsoft.aspnetcore.app.ref/8.0.20/ref/net8.0/Microsoft.AspNetCore.Mvc.DataAnnotations.dll
                 Private = 'false'
             /home/mostafa/.nuget/packages/microsoft.aspnetcore.app.ref/8.0.20/ref/net8.0/Microsoft.AspNetCore.Mvc.Formatters.Json.dll
                 Private = 'false'
             /home/mostafa/.nuget/packages/microsoft.aspnetcore.app.ref/8.0.20/ref/net8.0/Microsoft.AspNetCore.Mvc.Formatters.Xml.dll
                 Private = 'false'
             /home/mostafa/.nuget/packages/microsoft.aspnetcore.app.ref/8.0.20/ref/net8.0/Microsoft.AspNetCore.Mvc.Localization.dll
                 Private = 'false'
             /home/mostafa/.nuget/packages/microsoft.aspnetcore.app.ref/8.0.20/ref/net8.0/Microsoft.AspNetCore.Mvc.Razor.dll
                 Private = 'false'
             /home/mostafa/.nuget/packages/microsoft.aspnetcore.app.ref/8.0.20/ref/net8.0/Microsoft.AspNetCore.Mvc.RazorPages.dll
                 Private = 'false'
             /home/mostafa/.nuget/packages/microsoft.aspnetcore.app.ref/8.0.20/ref/net8.0/Microsoft.AspNetCore.Mvc.TagHelpers.dll
                 Private = 'false'
             /home/mostafa/.nuget/packages/microsoft.aspnetcore.app.ref/8.0.20/ref/net8.0/Microsoft.AspNetCore.Mvc.ViewFeatures.dll
                 Private = 'false'
             /home/mostafa/.nuget/packages/microsoft.aspnetcore.app.ref/8.0.20/ref/net8.0/Microsoft.AspNetCore.Mvc.dll
                 Private = 'false'
             /home/mostafa/.nuget/packages/microsoft.aspnetcore.app.ref/8.0.20/ref/net8.0/Microsoft.AspNetCore.OutputCaching.dll
                 Private = 'false'
             /home/mostafa/.nuget/packages/microsoft.aspnetcore.app.ref/8.0.20/ref/net8.0/Microsoft.AspNetCore.RateLimiting.dll
                 Private = 'false'
             /home/mostafa/.nuget/packages/microsoft.aspnetcore.app.ref/8.0.20/ref/net8.0/Microsoft.AspNetCore.Razor.Runtime.dll
                 Private = 'false'
             /home/mostafa/.nuget/packages/microsoft.aspnetcore.app.ref/8.0.20/ref/net8.0/Microsoft.AspNetCore.Razor.dll
                 Private = 'false'
             /home/mostafa/.nuget/packages/microsoft.aspnetcore.app.ref/8.0.20/ref/net8.0/Microsoft.AspNetCore.RequestDecompression.dll
                 Private = 'false'
             /home/mostafa/.nuget/packages/microsoft.aspnetcore.app.ref/8.0.20/ref/net8.0/Microsoft.AspNetCore.ResponseCaching.Abstractions.dll
                 Private = 'false'
             /home/mostafa/.nuget/packages/microsoft.aspnetcore.app.ref/8.0.20/ref/net8.0/Microsoft.AspNetCore.ResponseCaching.dll
                 Private = 'false'
             /home/mostafa/.nuget/packages/microsoft.aspnetcore.app.ref/8.0.20/ref/net8.0/Microsoft.AspNetCore.ResponseCompression.dll
                 Private = 'false'
             /home/mostafa/.nuget/packages/microsoft.aspnetcore.app.ref/8.0.20/ref/net8.0/Microsoft.AspNetCore.Rewrite.dll
                 Private = 'false'
             /home/mostafa/.nuget/packages/microsoft.aspnetcore.app.ref/8.0.20/ref/net8.0/Microsoft.AspNetCore.Routing.Abstractions.dll
                 Private = 'false'
             /home/mostafa/.nuget/packages/microsoft.aspnetcore.app.ref/8.0.20/ref/net8.0/Microsoft.AspNetCore.Routing.dll
                 Private = 'false'
             /home/mostafa/.nuget/packages/microsoft.aspnetcore.app.ref/8.0.20/ref/net8.0/Microsoft.AspNetCore.Server.HttpSys.dll
                 Private = 'false'
             /home/mostafa/.nuget/packages/microsoft.aspnetcore.app.ref/8.0.20/ref/net8.0/Microsoft.AspNetCore.Server.IIS.dll
                 Private = 'false'
             /home/mostafa/.nuget/packages/microsoft.aspnetcore.app.ref/8.0.20/ref/net8.0/Microsoft.AspNetCore.Server.IISIntegration.dll
                 Private = 'false'
             /home/mostafa/.nuget/packages/microsoft.aspnetcore.app.ref/8.0.20/ref/net8.0/Microsoft.AspNetCore.Server.Kestrel.Core.dll
                 Private = 'false'
             /home/mostafa/.nuget/packages/microsoft.aspnetcore.app.ref/8.0.20/ref/net8.0/Microsoft.AspNetCore.Server.Kestrel.Transport.NamedPipes.dll
                 Private = 'false'
             /home/mostafa/.nuget/packages/microsoft.aspnetcore.app.ref/8.0.20/ref/net8.0/Microsoft.AspNetCore.Server.Kestrel.Transport.Quic.dll
                 Private = 'false'
             /home/mostafa/.nuget/packages/microsoft.aspnetcore.app.ref/8.0.20/ref/net8.0/Microsoft.AspNetCore.Server.Kestrel.Transport.Sockets.dll
                 Private = 'false'
             /home/mostafa/.nuget/packages/microsoft.aspnetcore.app.ref/8.0.20/ref/net8.0/Microsoft.AspNetCore.Server.Kestrel.dll
                 Private = 'false'
             /home/mostafa/.nuget/packages/microsoft.aspnetcore.app.ref/8.0.20/ref/net8.0/Microsoft.AspNetCore.Session.dll
                 Private = 'false'
             /home/mostafa/.nuget/packages/microsoft.aspnetcore.app.ref/8.0.20/ref/net8.0/Microsoft.AspNetCore.SignalR.Common.dll
                 Private = 'false'
             /home/mostafa/.nuget/packages/microsoft.aspnetcore.app.ref/8.0.20/ref/net8.0/Microsoft.AspNetCore.SignalR.Core.dll
                 Private = 'false'
             /home/mostafa/.nuget/packages/microsoft.aspnetcore.app.ref/8.0.20/ref/net8.0/Microsoft.AspNetCore.SignalR.Protocols.Json.dll
                 Private = 'false'
             /home/mostafa/.nuget/packages/microsoft.aspnetcore.app.ref/8.0.20/ref/net8.0/Microsoft.AspNetCore.SignalR.dll
                 Private = 'false'
             /home/mostafa/.nuget/packages/microsoft.aspnetcore.app.ref/8.0.20/ref/net8.0/Microsoft.AspNetCore.StaticFiles.dll
                 Private = 'false'
             /home/mostafa/.nuget/packages/microsoft.aspnetcore.app.ref/8.0.20/ref/net8.0/Microsoft.AspNetCore.WebSockets.dll
                 Private = 'false'
             /home/mostafa/.nuget/packages/microsoft.aspnetcore.app.ref/8.0.20/ref/net8.0/Microsoft.AspNetCore.WebUtilities.dll
                 Private = 'false'
             /home/mostafa/.nuget/packages/microsoft.aspnetcore.app.ref/8.0.20/ref/net8.0/Microsoft.AspNetCore.dll
                 Private = 'false'
             /home/mostafa/.nuget/packages/microsoft.aspnetcore.app.ref/8.0.20/ref/net8.0/Microsoft.Extensions.Caching.Abstractions.dll
                 Private = 'false'
             /home/mostafa/.nuget/packages/microsoft.aspnetcore.app.ref/8.0.20/ref/net8.0/Microsoft.Extensions.Caching.Memory.dll
                 Private = 'false'
             /home/mostafa/.nuget/packages/microsoft.aspnetcore.app.ref/8.0.20/ref/net8.0/Microsoft.Extensions.Configuration.Abstractions.dll
                 Private = 'false'
             /home/mostafa/.nuget/packages/microsoft.aspnetcore.app.ref/8.0.20/ref/net8.0/Microsoft.Extensions.Configuration.Binder.dll
                 Private = 'false'
             /home/mostafa/.nuget/packages/microsoft.aspnetcore.app.ref/8.0.20/ref/net8.0/Microsoft.Extensions.Configuration.CommandLine.dll
                 Private = 'false'
             /home/mostafa/.nuget/packages/microsoft.aspnetcore.app.ref/8.0.20/ref/net8.0/Microsoft.Extensions.Configuration.EnvironmentVariables.dll
                 Private = 'false'
             /home/mostafa/.nuget/packages/microsoft.aspnetcore.app.ref/8.0.20/ref/net8.0/Microsoft.Extensions.Configuration.FileExtensions.dll
                 Private = 'false'
             /home/mostafa/.nuget/packages/microsoft.aspnetcore.app.ref/8.0.20/ref/net8.0/Microsoft.Extensions.Configuration.Ini.dll
                 Private = 'false'
             /home/mostafa/.nuget/packages/microsoft.aspnetcore.app.ref/8.0.20/ref/net8.0/Microsoft.Extensions.Configuration.Json.dll
                 Private = 'false'
             /home/mostafa/.nuget/packages/microsoft.aspnetcore.app.ref/8.0.20/ref/net8.0/Microsoft.Extensions.Configuration.KeyPerFile.dll
                 Private = 'false'
             /home/mostafa/.nuget/packages/microsoft.aspnetcore.app.ref/8.0.20/ref/net8.0/Microsoft.Extensions.Configuration.UserSecrets.dll
                 Private = 'false'
             /home/mostafa/.nuget/packages/microsoft.aspnetcore.app.ref/8.0.20/ref/net8.0/Microsoft.Extensions.Configuration.Xml.dll
                 Private = 'false'
             /home/mostafa/.nuget/packages/microsoft.aspnetcore.app.ref/8.0.20/ref/net8.0/Microsoft.Extensions.Configuration.dll
                 Private = 'false'
             /home/mostafa/.nuget/packages/microsoft.aspnetcore.app.ref/8.0.20/ref/net8.0/Microsoft.Extensions.DependencyInjection.Abstractions.dll
                 Private = 'false'
             /home/mostafa/.nuget/packages/microsoft.aspnetcore.app.ref/8.0.20/ref/net8.0/Microsoft.Extensions.DependencyInjection.dll
                 Private = 'false'
             /home/mostafa/.nuget/packages/microsoft.aspnetcore.app.ref/8.0.20/ref/net8.0/Microsoft.Extensions.Diagnostics.Abstractions.dll
                 Private = 'false'
             /home/mostafa/.nuget/packages/microsoft.aspnetcore.app.ref/8.0.20/ref/net8.0/Microsoft.Extensions.Diagnostics.HealthChecks.Abstractions.dll
                 Private = 'false'
             /home/mostafa/.nuget/packages/microsoft.aspnetcore.app.ref/8.0.20/ref/net8.0/Microsoft.Extensions.Diagnostics.HealthChecks.dll
                 Private = 'false'
             /home/mostafa/.nuget/packages/microsoft.aspnetcore.app.ref/8.0.20/ref/net8.0/Microsoft.Extensions.Diagnostics.dll
                 Private = 'false'
             /home/mostafa/.nuget/packages/microsoft.aspnetcore.app.ref/8.0.20/ref/net8.0/Microsoft.Extensions.Features.dll
                 Private = 'false'
             /home/mostafa/.nuget/packages/microsoft.aspnetcore.app.ref/8.0.20/ref/net8.0/Microsoft.Extensions.FileProviders.Abstractions.dll
                 Private = 'false'
             /home/mostafa/.nuget/packages/microsoft.aspnetcore.app.ref/8.0.20/ref/net8.0/Microsoft.Extensions.FileProviders.Composite.dll
                 Private = 'false'
             /home/mostafa/.nuget/packages/microsoft.aspnetcore.app.ref/8.0.20/ref/net8.0/Microsoft.Extensions.FileProviders.Embedded.dll
                 Private = 'false'
             /home/mostafa/.nuget/packages/microsoft.aspnetcore.app.ref/8.0.20/ref/net8.0/Microsoft.Extensions.FileProviders.Physical.dll
                 Private = 'false'
             /home/mostafa/.nuget/packages/microsoft.aspnetcore.app.ref/8.0.20/ref/net8.0/Microsoft.Extensions.FileSystemGlobbing.dll
                 Private = 'false'
             /home/mostafa/.nuget/packages/microsoft.aspnetcore.app.ref/8.0.20/ref/net8.0/Microsoft.Extensions.Hosting.Abstractions.dll
                 Private = 'false'
             /home/mostafa/.nuget/packages/microsoft.aspnetcore.app.ref/8.0.20/ref/net8.0/Microsoft.Extensions.Hosting.dll
                 Private = 'false'
             /home/mostafa/.nuget/packages/microsoft.aspnetcore.app.ref/8.0.20/ref/net8.0/Microsoft.Extensions.Http.dll
                 Private = 'false'
             /home/mostafa/.nuget/packages/microsoft.aspnetcore.app.ref/8.0.20/ref/net8.0/Microsoft.Extensions.Identity.Core.dll
                 Private = 'false'
             /home/mostafa/.nuget/packages/microsoft.aspnetcore.app.ref/8.0.20/ref/net8.0/Microsoft.Extensions.Identity.Stores.dll
                 Private = 'false'
             /home/mostafa/.nuget/packages/microsoft.aspnetcore.app.ref/8.0.20/ref/net8.0/Microsoft.Extensions.Localization.Abstractions.dll
                 Private = 'false'
             /home/mostafa/.nuget/packages/microsoft.aspnetcore.app.ref/8.0.20/ref/net8.0/Microsoft.Extensions.Localization.dll
                 Private = 'false'
             /home/mostafa/.nuget/packages/microsoft.aspnetcore.app.ref/8.0.20/ref/net8.0/Microsoft.Extensions.Logging.Abstractions.dll
                 Private = 'false'
             /home/mostafa/.nuget/packages/microsoft.aspnetcore.app.ref/8.0.20/ref/net8.0/Microsoft.Extensions.Logging.Configuration.dll
                 Private = 'false'
             /home/mostafa/.nuget/packages/microsoft.aspnetcore.app.ref/8.0.20/ref/net8.0/Microsoft.Extensions.Logging.Console.dll
                 Private = 'false'
             /home/mostafa/.nuget/packages/microsoft.aspnetcore.app.ref/8.0.20/ref/net8.0/Microsoft.Extensions.Logging.Debug.dll
                 Private = 'false'
             /home/mostafa/.nuget/packages/microsoft.aspnetcore.app.ref/8.0.20/ref/net8.0/Microsoft.Extensions.Logging.EventLog.dll
                 Private = 'false'
             /home/mostafa/.nuget/packages/microsoft.aspnetcore.app.ref/8.0.20/ref/net8.0/Microsoft.Extensions.Logging.EventSource.dll
                 Private = 'false'
             /home/mostafa/.nuget/packages/microsoft.aspnetcore.app.ref/8.0.20/ref/net8.0/Microsoft.Extensions.Logging.TraceSource.dll
                 Private = 'false'
             /home/mostafa/.nuget/packages/microsoft.aspnetcore.app.ref/8.0.20/ref/net8.0/Microsoft.Extensions.Logging.dll
                 Private = 'false'
             /home/mostafa/.nuget/packages/microsoft.aspnetcore.app.ref/8.0.20/ref/net8.0/Microsoft.Extensions.ObjectPool.dll
                 Private = 'false'
             /home/mostafa/.nuget/packages/microsoft.aspnetcore.app.ref/8.0.20/ref/net8.0/Microsoft.Extensions.Options.ConfigurationExtensions.dll
                 Private = 'false'
             /home/mostafa/.nuget/packages/microsoft.aspnetcore.app.ref/8.0.20/ref/net8.0/Microsoft.Extensions.Options.DataAnnotations.dll
                 Private = 'false'
             /home/mostafa/.nuget/packages/microsoft.aspnetcore.app.ref/8.0.20/ref/net8.0/Microsoft.Extensions.Options.dll
                 Private = 'false'
             /home/mostafa/.nuget/packages/microsoft.aspnetcore.app.ref/8.0.20/ref/net8.0/Microsoft.Extensions.Primitives.dll
                 Private = 'false'
             /home/mostafa/.nuget/packages/microsoft.aspnetcore.app.ref/8.0.20/ref/net8.0/Microsoft.Extensions.WebEncoders.dll
                 Private = 'false'
             /home/mostafa/.nuget/packages/microsoft.aspnetcore.app.ref/8.0.20/ref/net8.0/Microsoft.JSInterop.dll
                 Private = 'false'
             /home/mostafa/.nuget/packages/microsoft.aspnetcore.app.ref/8.0.20/ref/net8.0/Microsoft.Net.Http.Headers.dll
                 Private = 'false'
             /home/mostafa/.nuget/packages/microsoft.aspnetcore.app.ref/8.0.20/ref/net8.0/System.Diagnostics.EventLog.dll
                 Private = 'false'
             /home/mostafa/.nuget/packages/microsoft.aspnetcore.app.ref/8.0.20/ref/net8.0/System.IO.Pipelines.dll
                 Private = 'false'
             /home/mostafa/.nuget/packages/microsoft.aspnetcore.app.ref/8.0.20/ref/net8.0/System.Security.Cryptography.Xml.dll
                 Private = 'false'
             /home/mostafa/.nuget/packages/microsoft.aspnetcore.app.ref/8.0.20/ref/net8.0/System.Threading.RateLimiting.dll
                 Private = 'false'
         AssemblyFiles:
         CandidateAssemblyFiles:
         TargetFrameworkDirectories:
             
         InstalledAssemblyTables:
         IgnoreInstalledAssemblyTable:
             False
         SearchPaths:
             {CandidateAssemblyFiles}
             {HintPathFromItem}
             {TargetFrameworkDirectory}
             {RawFileName}
         AllowedAssemblyExtensions:
             .winmd
             .dll
             .exe
         AllowedRelatedFileExtensions:
             .pdb
             .xml
             .pri
             .dll.config
             .exe.config
         AppConfigFile:
             
         AutoUnify:
             True
         CopyLocalDependenciesWhenParentReferenceInGac:
             True
         FindDependencies:
             True
         TargetProcessorArchitecture:
             msil
         StateFile:
             obj/Debug/net8.0/HRManagementSystem.Domain.csproj.AssemblyReference.cache
         InstalledAssemblySubsetTables:
         IgnoreInstalledAssemblySubsetTable:
             False
         TargetFrameworkSubsets:
         FullTargetFrameworkSubsetNames:
             Full
         ProfileName:
             
         FullFrameworkFolders:
         LatestTargetFrameworkDirectories:
         ProfileTablesLocation:
     0>Assembly loaded during Evaluation: System.Reflection.Emit.Lightweight, Version=9.0.0.0, Culture=neutral, PublicKeyToken=b03f5f7f11d50a3a (location: /usr/share/dotnet/shared/Microsoft.NETCore.App/9.0.9/System.Reflection.Emit.Lightweight.dll, MVID: 1d49af16-ff85-47b2-a79c-e43787b62fe8, AssemblyLoadContext: Default)
       Assembly loaded during Evaluation: System.Reflection.Emit.ILGeneration, Version=9.0.0.0, Culture=neutral, PublicKeyToken=b03f5f7f11d50a3a (location: /usr/share/dotnet/shared/Microsoft.NETCore.App/9.0.9/System.Reflection.Emit.ILGeneration.dll, MVID: ea00f72b-a99b-4c64-ba9b-5ce440b22a16, AssemblyLoadContext: Default)
       Assembly loaded during Evaluation: System.Reflection.Emit.Lightweight, Version=9.0.0.0, Culture=neutral, PublicKeyToken=b03f5f7f11d50a3a (location: /usr/share/dotnet/shared/Microsoft.NETCore.App/9.0.9/System.Reflection.Emit.Lightweight.dll, MVID: 1d49af16-ff85-47b2-a79c-e43787b62fe8, AssemblyLoadContext: Default)
       Assembly loaded during Evaluation: System.Reflection.Emit.ILGeneration, Version=9.0.0.0, Culture=neutral, PublicKeyToken=b03f5f7f11d50a3a (location: /usr/share/dotnet/shared/Microsoft.NETCore.App/9.0.9/System.Reflection.Emit.ILGeneration.dll, MVID: ea00f72b-a99b-4c64-ba9b-5ce440b22a16, AssemblyLoadContext: Default)
       Assembly loaded during Evaluation: System.Reflection.Primitives, Version=9.0.0.0, Culture=neutral, PublicKeyToken=b03f5f7f11d50a3a (location: /usr/share/dotnet/shared/Microsoft.NETCore.App/9.0.9/System.Reflection.Primitives.dll, MVID: f3b19573-c984-4daa-83cc-b9b23e6fb262, AssemblyLoadContext: Default)
       Assembly loaded during Evaluation: System.Reflection.Primitives, Version=9.0.0.0, Culture=neutral, PublicKeyToken=b03f5f7f11d50a3a (location: /usr/share/dotnet/shared/Microsoft.NETCore.App/9.0.9/System.Reflection.Primitives.dll, MVID: f3b19573-c984-4daa-83cc-b9b23e6fb262, AssemblyLoadContext: Default)
     2>ResolveAssemblyReferences:
         Primary reference "Hangfire.AspNetCore, Version=1.8.22.0, Culture=neutral, PublicKeyToken=null".
             Resolved file path is "/home/mostafa/.nuget/packages/hangfire.aspnetcore/1.8.22/lib/netcoreapp3.0/Hangfire.AspNetCore.dll".
             Reference found at search path location "{HintPathFromItem}".
             This reference is not "CopyLocal" because at least one source item had "Private" set to "false" and no source items had "Private" set to "true".
             The ImageRuntimeVersion for this reference is "".
         Primary reference "Hangfire.Core, Version=1.8.22.0, Culture=neutral, PublicKeyToken=null".
             Resolved file path is "/home/mostafa/.nuget/packages/hangfire.core/1.8.22/lib/netstandard2.0/Hangfire.Core.dll".
             Reference found at search path location "{HintPathFromItem}".
             This reference is not "CopyLocal" because at least one source item had "Private" set to "false" and no source items had "Private" set to "true".
             The ImageRuntimeVersion for this reference is "".
         Primary reference "Hangfire.NetCore, Version=1.8.22.0, Culture=neutral, PublicKeyToken=null".
             Resolved file path is "/home/mostafa/.nuget/packages/hangfire.netcore/1.8.22/lib/netstandard2.1/Hangfire.NetCore.dll".
             Reference found at search path location "{HintPathFromItem}".
             This reference is not "CopyLocal" because at least one source item had "Private" set to "false" and no source items had "Private" set to "true".
             The ImageRuntimeVersion for this reference is "".
         Primary reference "Hangfire.SqlServer, Version=1.8.22.0, Culture=neutral, PublicKeyToken=null".
             Resolved file path is "/home/mostafa/.nuget/packages/hangfire.sqlserver/1.8.22/lib/netstandard2.0/Hangfire.SqlServer.dll".
             Reference found at search path location "{HintPathFromItem}".
             This reference is not "CopyLocal" because at least one source item had "Private" set to "false" and no source items had "Private" set to "true".
             The ImageRuntimeVersion for this reference is "".
         Primary reference "Newtonsoft.Json, Version=11.0.0.0, Culture=neutral, PublicKeyToken=30ad4fe6b2a6aeed".
             Resolved file path is "/home/mostafa/.nuget/packages/newtonsoft.json/11.0.1/lib/netstandard2.0/Newtonsoft.Json.dll".
             Reference found at search path location "{HintPathFromItem}".
             This reference is not "CopyLocal" because at least one source item had "Private" set to "false" and no source items had "Private" set to "true".
             The ImageRuntimeVersion for this reference is "".
         Primary reference "Microsoft.CSharp, Version=8.0.0.0, Culture=neutral, PublicKeyToken=b03f5f7f11d50a3a".
             Resolved file path is "/usr/share/dotnet/packs/Microsoft.NETCore.App.Ref/8.0.20/ref/net8.0/Microsoft.CSharp.dll".
             Reference found at search path location "{RawFileName}".
             This reference is not "CopyLocal" because at least one source item had "Private" set to "false" and no source items had "Private" set to "true".
             The ImageRuntimeVersion for this reference is "".
         Primary reference "Microsoft.VisualBasic.Core, Version=13.0.0.0, Culture=neutral, PublicKeyToken=b03f5f7f11d50a3a".
             Resolved file path is "/usr/share/dotnet/packs/Microsoft.NETCore.App.Ref/8.0.20/ref/net8.0/Microsoft.VisualBasic.Core.dll".
             Reference found at search path location "{RawFileName}".
             This reference is not "CopyLocal" because at least one source item had "Private" set to "false" and no source items had "Private" set to "true".
             The ImageRuntimeVersion for this reference is "".
         Primary reference "Microsoft.VisualBasic, Version=10.0.0.0, Culture=neutral, PublicKeyToken=b03f5f7f11d50a3a".
             Resolved file path is "/usr/share/dotnet/packs/Microsoft.NETCore.App.Ref/8.0.20/ref/net8.0/Microsoft.VisualBasic.dll".
             Reference found at search path location "{RawFileName}".
             This reference is not "CopyLocal" because at least one source item had "Private" set to "false" and no source items had "Private" set to "true".
             The ImageRuntimeVersion for this reference is "".
         Primary reference "Microsoft.Win32.Primitives, Version=8.0.0.0, Culture=neutral, PublicKeyToken=b03f5f7f11d50a3a".
             Resolved file path is "/usr/share/dotnet/packs/Microsoft.NETCore.App.Ref/8.0.20/ref/net8.0/Microsoft.Win32.Primitives.dll".
             Reference found at search path location "{RawFileName}".
             This reference is not "CopyLocal" because at least one source item had "Private" set to "false" and no source items had "Private" set to "true".
             The ImageRuntimeVersion for this reference is "".
         Primary reference "Microsoft.Win32.Registry, Version=8.0.0.0, Culture=neutral, PublicKeyToken=b03f5f7f11d50a3a".
             Resolved file path is "/usr/share/dotnet/packs/Microsoft.NETCore.App.Ref/8.0.20/ref/net8.0/Microsoft.Win32.Registry.dll".
             Reference found at search path location "{RawFileName}".
             This reference is not "CopyLocal" because at least one source item had "Private" set to "false" and no source items had "Private" set to "true".
             The ImageRuntimeVersion for this reference is "".
         Primary reference "System.AppContext, Version=8.0.0.0, Culture=neutral, PublicKeyToken=b03f5f7f11d50a3a".
             Resolved file path is "/usr/share/dotnet/packs/Microsoft.NETCore.App.Ref/8.0.20/ref/net8.0/System.AppContext.dll".
             Reference found at search path location "{RawFileName}".
             This reference is not "CopyLocal" because at least one source item had "Private" set to "false" and no source items had "Private" set to "true".
             The ImageRuntimeVersion for this reference is "".
         Primary reference "System.Buffers, Version=8.0.0.0, Culture=neutral, PublicKeyToken=cc7b13ffcd2ddd51".
             Resolved file path is "/usr/share/dotnet/packs/Microsoft.NETCore.App.Ref/8.0.20/ref/net8.0/System.Buffers.dll".
             Reference found at search path location "{RawFileName}".
             This reference is not "CopyLocal" because at least one source item had "Private" set to "false" and no source items had "Private" set to "true".
             The ImageRuntimeVersion for this reference is "".
         Primary reference "System.Collections.Concurrent, Version=8.0.0.0, Culture=neutral, PublicKeyToken=b03f5f7f11d50a3a".
             Resolved file path is "/usr/share/dotnet/packs/Microsoft.NETCore.App.Ref/8.0.20/ref/net8.0/System.Collections.Concurrent.dll".
             Reference found at search path location "{RawFileName}".
             This reference is not "CopyLocal" because at least one source item had "Private" set to "false" and no source items had "Private" set to "true".
             The ImageRuntimeVersion for this reference is "".
         Primary reference "System.Collections.Immutable, Version=8.0.0.0, Culture=neutral, PublicKeyToken=b03f5f7f11d50a3a".
             Resolved file path is "/usr/share/dotnet/packs/Microsoft.NETCore.App.Ref/8.0.20/ref/net8.0/System.Collections.Immutable.dll".
             Reference found at search path location "{RawFileName}".
             This reference is not "CopyLocal" because at least one source item had "Private" set to "false" and no source items had "Private" set to "true".
             The ImageRuntimeVersion for this reference is "".
         Primary reference "System.Collections.NonGeneric, Version=8.0.0.0, Culture=neutral, PublicKeyToken=b03f5f7f11d50a3a".
             Resolved file path is "/usr/share/dotnet/packs/Microsoft.NETCore.App.Ref/8.0.20/ref/net8.0/System.Collections.NonGeneric.dll".
             Reference found at search path location "{RawFileName}".
             This reference is not "CopyLocal" because at least one source item had "Private" set to "false" and no source items had "Private" set to "true".
             The ImageRuntimeVersion for this reference is "".
         Primary reference "System.Collections.Specialized, Version=8.0.0.0, Culture=neutral, PublicKeyToken=b03f5f7f11d50a3a".
             Resolved file path is "/usr/share/dotnet/packs/Microsoft.NETCore.App.Ref/8.0.20/ref/net8.0/System.Collections.Specialized.dll".
             Reference found at search path location "{RawFileName}".
             This reference is not "CopyLocal" because at least one source item had "Private" set to "false" and no source items had "Private" set to "true".
             The ImageRuntimeVersion for this reference is "".
         Primary reference "System.Collections, Version=8.0.0.0, Culture=neutral, PublicKeyToken=b03f5f7f11d50a3a".
             Resolved file path is "/usr/share/dotnet/packs/Microsoft.NETCore.App.Ref/8.0.20/ref/net8.0/System.Collections.dll".
             Reference found at search path location "{RawFileName}".
             This reference is not "CopyLocal" because at least one source item had "Private" set to "false" and no source items had "Private" set to "true".
             The ImageRuntimeVersion for this reference is "".
         Primary reference "System.ComponentModel.Annotations, Version=8.0.0.0, Culture=neutral, PublicKeyToken=b03f5f7f11d50a3a".
             Resolved file path is "/usr/share/dotnet/packs/Microsoft.NETCore.App.Ref/8.0.20/ref/net8.0/System.ComponentModel.Annotations.dll".
             Reference found at search path location "{RawFileName}".
             This reference is not "CopyLocal" because at least one source item had "Private" set to "false" and no source items had "Private" set to "true".
             The ImageRuntimeVersion for this reference is "".
         Primary reference "System.ComponentModel.DataAnnotations, Version=4.0.0.0, Culture=neutral, PublicKeyToken=31bf3856ad364e35".
             Resolved file path is "/usr/share/dotnet/packs/Microsoft.NETCore.App.Ref/8.0.20/ref/net8.0/System.ComponentModel.DataAnnotations.dll".
             Reference found at search path location "{RawFileName}".
             This reference is not "CopyLocal" because at least one source item had "Private" set to "false" and no source items had "Private" set to "true".
             The ImageRuntimeVersion for this reference is "".
         Primary reference "System.ComponentModel.EventBasedAsync, Version=8.0.0.0, Culture=neutral, PublicKeyToken=b03f5f7f11d50a3a".
             Resolved file path is "/usr/share/dotnet/packs/Microsoft.NETCore.App.Ref/8.0.20/ref/net8.0/System.ComponentModel.EventBasedAsync.dll".
             Reference found at search path location "{RawFileName}".
             This reference is not "CopyLocal" because at least one source item had "Private" set to "false" and no source items had "Private" set to "true".
             The ImageRuntimeVersion for this reference is "".
         Primary reference "System.ComponentModel.Primitives, Version=8.0.0.0, Culture=neutral, PublicKeyToken=b03f5f7f11d50a3a".
             Resolved file path is "/usr/share/dotnet/packs/Microsoft.NETCore.App.Ref/8.0.20/ref/net8.0/System.ComponentModel.Primitives.dll".
             Reference found at search path location "{RawFileName}".
             This reference is not "CopyLocal" because at least one source item had "Private" set to "false" and no source items had "Private" set to "true".
             The ImageRuntimeVersion for this reference is "".
         Primary reference "System.ComponentModel.TypeConverter, Version=8.0.0.0, Culture=neutral, PublicKeyToken=b03f5f7f11d50a3a".
             Resolved file path is "/usr/share/dotnet/packs/Microsoft.NETCore.App.Ref/8.0.20/ref/net8.0/System.ComponentModel.TypeConverter.dll".
             Reference found at search path location "{RawFileName}".
             This reference is not "CopyLocal" because at least one source item had "Private" set to "false" and no source items had "Private" set to "true".
             The ImageRuntimeVersion for this reference is "".
         Primary reference "System.ComponentModel, Version=8.0.0.0, Culture=neutral, PublicKeyToken=b03f5f7f11d50a3a".
             Resolved file path is "/usr/share/dotnet/packs/Microsoft.NETCore.App.Ref/8.0.20/ref/net8.0/System.ComponentModel.dll".
             Reference found at search path location "{RawFileName}".
             This reference is not "CopyLocal" because at least one source item had "Private" set to "false" and no source items had "Private" set to "true".
             The ImageRuntimeVersion for this reference is "".
         Primary reference "System.Configuration, Version=4.0.0.0, Culture=neutral, PublicKeyToken=b03f5f7f11d50a3a".
             Resolved file path is "/usr/share/dotnet/packs/Microsoft.NETCore.App.Ref/8.0.20/ref/net8.0/System.Configuration.dll".
             Reference found at search path location "{RawFileName}".
             This reference is not "CopyLocal" because at least one source item had "Private" set to "false" and no source items had "Private" set to "true".
             The ImageRuntimeVersion for this reference is "".
         Primary reference "System.Console, Version=8.0.0.0, Culture=neutral, PublicKeyToken=b03f5f7f11d50a3a".
             Resolved file path is "/usr/share/dotnet/packs/Microsoft.NETCore.App.Ref/8.0.20/ref/net8.0/System.Console.dll".
             Reference found at search path location "{RawFileName}".
             This reference is not "CopyLocal" because at least one source item had "Private" set to "false" and no source items had "Private" set to "true".
             The ImageRuntimeVersion for this reference is "".
         Primary reference "System.Core, Version=4.0.0.0, Culture=neutral, PublicKeyToken=b77a5c561934e089".
             Resolved file path is "/usr/share/dotnet/packs/Microsoft.NETCore.App.Ref/8.0.20/ref/net8.0/System.Core.dll".
             Reference found at search path location "{RawFileName}".
             This reference is not "CopyLocal" because at least one source item had "Private" set to "false" and no source items had "Private" set to "true".
             The ImageRuntimeVersion for this reference is "".
         Primary reference "System.Data.Common, Version=8.0.0.0, Culture=neutral, PublicKeyToken=b03f5f7f11d50a3a".
             Resolved file path is "/usr/share/dotnet/packs/Microsoft.NETCore.App.Ref/8.0.20/ref/net8.0/System.Data.Common.dll".
             Reference found at search path location "{RawFileName}".
             This reference is not "CopyLocal" because at least one source item had "Private" set to "false" and no source items had "Private" set to "true".
             The ImageRuntimeVersion for this reference is "".
         Primary reference "System.Data.DataSetExtensions, Version=8.0.0.0, Culture=neutral, PublicKeyToken=b77a5c561934e089".
             Resolved file path is "/usr/share/dotnet/packs/Microsoft.NETCore.App.Ref/8.0.20/ref/net8.0/System.Data.DataSetExtensions.dll".
             Reference found at search path location "{RawFileName}".
             This reference is not "CopyLocal" because at least one source item had "Private" set to "false" and no source items had "Private" set to "true".
             The ImageRuntimeVersion for this reference is "".
         Primary reference "System.Data, Version=4.0.0.0, Culture=neutral, PublicKeyToken=b77a5c561934e089".
             Resolved file path is "/usr/share/dotnet/packs/Microsoft.NETCore.App.Ref/8.0.20/ref/net8.0/System.Data.dll".
             Reference found at search path location "{RawFileName}".
             This reference is not "CopyLocal" because at least one source item had "Private" set to "false" and no source items had "Private" set to "true".
             The ImageRuntimeVersion for this reference is "".
         Primary reference "System.Diagnostics.Contracts, Version=8.0.0.0, Culture=neutral, PublicKeyToken=b03f5f7f11d50a3a".
             Resolved file path is "/usr/share/dotnet/packs/Microsoft.NETCore.App.Ref/8.0.20/ref/net8.0/System.Diagnostics.Contracts.dll".
             Reference found at search path location "{RawFileName}".
             This reference is not "CopyLocal" because at least one source item had "Private" set to "false" and no source items had "Private" set to "true".
             The ImageRuntimeVersion for this reference is "".
         Primary reference "System.Diagnostics.Debug, Version=8.0.0.0, Culture=neutral, PublicKeyToken=b03f5f7f11d50a3a".
             Resolved file path is "/usr/share/dotnet/packs/Microsoft.NETCore.App.Ref/8.0.20/ref/net8.0/System.Diagnostics.Debug.dll".
             Reference found at search path location "{RawFileName}".
             This reference is not "CopyLocal" because at least one source item had "Private" set to "false" and no source items had "Private" set to "true".
             The ImageRuntimeVersion for this reference is "".
         Primary reference "System.Diagnostics.DiagnosticSource, Version=8.0.0.0, Culture=neutral, PublicKeyToken=cc7b13ffcd2ddd51".
             Resolved file path is "/usr/share/dotnet/packs/Microsoft.NETCore.App.Ref/8.0.20/ref/net8.0/System.Diagnostics.DiagnosticSource.dll".
             Reference found at search path location "{RawFileName}".
             This reference is not "CopyLocal" because at least one source item had "Private" set to "false" and no source items had "Private" set to "true".
             The ImageRuntimeVersion for this reference is "".
         Primary reference "System.Diagnostics.FileVersionInfo, Version=8.0.0.0, Culture=neutral, PublicKeyToken=b03f5f7f11d50a3a".
             Resolved file path is "/usr/share/dotnet/packs/Microsoft.NETCore.App.Ref/8.0.20/ref/net8.0/System.Diagnostics.FileVersionInfo.dll".
             Reference found at search path location "{RawFileName}".
             This reference is not "CopyLocal" because at least one source item had "Private" set to "false" and no source items had "Private" set to "true".
             The ImageRuntimeVersion for this reference is "".
         Primary reference "System.Diagnostics.Process, Version=8.0.0.0, Culture=neutral, PublicKeyToken=b03f5f7f11d50a3a".
             Resolved file path is "/usr/share/dotnet/packs/Microsoft.NETCore.App.Ref/8.0.20/ref/net8.0/System.Diagnostics.Process.dll".
             Reference found at search path location "{RawFileName}".
             This reference is not "CopyLocal" because at least one source item had "Private" set to "false" and no source items had "Private" set to "true".
             The ImageRuntimeVersion for this reference is "".
         Primary reference "System.Diagnostics.StackTrace, Version=8.0.0.0, Culture=neutral, PublicKeyToken=b03f5f7f11d50a3a".
             Resolved file path is "/usr/share/dotnet/packs/Microsoft.NETCore.App.Ref/8.0.20/ref/net8.0/System.Diagnostics.StackTrace.dll".
             Reference found at search path location "{RawFileName}".
             This reference is not "CopyLocal" because at least one source item had "Private" set to "false" and no source items had "Private" set to "true".
             The ImageRuntimeVersion for this reference is "".
         Primary reference "System.Diagnostics.TextWriterTraceListener, Version=8.0.0.0, Culture=neutral, PublicKeyToken=b03f5f7f11d50a3a".
             Resolved file path is "/usr/share/dotnet/packs/Microsoft.NETCore.App.Ref/8.0.20/ref/net8.0/System.Diagnostics.TextWriterTraceListener.dll".
             Reference found at search path location "{RawFileName}".
             This reference is not "CopyLocal" because at least one source item had "Private" set to "false" and no source items had "Private" set to "true".
             The ImageRuntimeVersion for this reference is "".
         Primary reference "System.Diagnostics.Tools, Version=8.0.0.0, Culture=neutral, PublicKeyToken=b03f5f7f11d50a3a".
             Resolved file path is "/usr/share/dotnet/packs/Microsoft.NETCore.App.Ref/8.0.20/ref/net8.0/System.Diagnostics.Tools.dll".
             Reference found at search path location "{RawFileName}".
             This reference is not "CopyLocal" because at least one source item had "Private" set to "false" and no source items had "Private" set to "true".
             The ImageRuntimeVersion for this reference is "".
         Primary reference "System.Diagnostics.TraceSource, Version=8.0.0.0, Culture=neutral, PublicKeyToken=b03f5f7f11d50a3a".
             Resolved file path is "/usr/share/dotnet/packs/Microsoft.NETCore.App.Ref/8.0.20/ref/net8.0/System.Diagnostics.TraceSource.dll".
             Reference found at search path location "{RawFileName}".
             This reference is not "CopyLocal" because at least one source item had "Private" set to "false" and no source items had "Private" set to "true".
             The ImageRuntimeVersion for this reference is "".
         Primary reference "System.Diagnostics.Tracing, Version=8.0.0.0, Culture=neutral, PublicKeyToken=b03f5f7f11d50a3a".
             Resolved file path is "/usr/share/dotnet/packs/Microsoft.NETCore.App.Ref/8.0.20/ref/net8.0/System.Diagnostics.Tracing.dll".
             Reference found at search path location "{RawFileName}".
             This reference is not "CopyLocal" because at least one source item had "Private" set to "false" and no source items had "Private" set to "true".
             The ImageRuntimeVersion for this reference is "".
         Primary reference "System.Drawing.Primitives, Version=8.0.0.0, Culture=neutral, PublicKeyToken=b03f5f7f11d50a3a".
             Resolved file path is "/usr/share/dotnet/packs/Microsoft.NETCore.App.Ref/8.0.20/ref/net8.0/System.Drawing.Primitives.dll".
             Reference found at search path location "{RawFileName}".
             This reference is not "CopyLocal" because at least one source item had "Private" set to "false" and no source items had "Private" set to "true".
             The ImageRuntimeVersion for this reference is "".
         Primary reference "System.Drawing, Version=4.0.0.0, Culture=neutral, PublicKeyToken=b03f5f7f11d50a3a".
             Resolved file path is "/usr/share/dotnet/packs/Microsoft.NETCore.App.Ref/8.0.20/ref/net8.0/System.Drawing.dll".
             Reference found at search path location "{RawFileName}".
             This reference is not "CopyLocal" because at least one source item had "Private" set to "false" and no source items had "Private" set to "true".
             The ImageRuntimeVersion for this reference is "".
         Primary reference "System.Dynamic.Runtime, Version=8.0.0.0, Culture=neutral, PublicKeyToken=b03f5f7f11d50a3a".
             Resolved file path is "/usr/share/dotnet/packs/Microsoft.NETCore.App.Ref/8.0.20/ref/net8.0/System.Dynamic.Runtime.dll".
             Reference found at search path location "{RawFileName}".
             This reference is not "CopyLocal" because at least one source item had "Private" set to "false" and no source items had "Private" set to "true".
             The ImageRuntimeVersion for this reference is "".
         Primary reference "System.Formats.Asn1, Version=8.0.0.0, Culture=neutral, PublicKeyToken=cc7b13ffcd2ddd51".
             Resolved file path is "/usr/share/dotnet/packs/Microsoft.NETCore.App.Ref/8.0.20/ref/net8.0/System.Formats.Asn1.dll".
             Reference found at search path location "{RawFileName}".
             This reference is not "CopyLocal" because at least one source item had "Private" set to "false" and no source items had "Private" set to "true".
             The ImageRuntimeVersion for this reference is "".
         Primary reference "System.Formats.Tar, Version=8.0.0.0, Culture=neutral, PublicKeyToken=cc7b13ffcd2ddd51".
             Resolved file path is "/usr/share/dotnet/packs/Microsoft.NETCore.App.Ref/8.0.20/ref/net8.0/System.Formats.Tar.dll".
             Reference found at search path location "{RawFileName}".
             This reference is not "CopyLocal" because at least one source item had "Private" set to "false" and no source items had "Private" set to "true".
             The ImageRuntimeVersion for this reference is "".
         Primary reference "System.Globalization.Calendars, Version=8.0.0.0, Culture=neutral, PublicKeyToken=b03f5f7f11d50a3a".
             Resolved file path is "/usr/share/dotnet/packs/Microsoft.NETCore.App.Ref/8.0.20/ref/net8.0/System.Globalization.Calendars.dll".
             Reference found at search path location "{RawFileName}".
             This reference is not "CopyLocal" because at least one source item had "Private" set to "false" and no source items had "Private" set to "true".
             The ImageRuntimeVersion for this reference is "".
         Primary reference "System.Globalization.Extensions, Version=8.0.0.0, Culture=neutral, PublicKeyToken=b03f5f7f11d50a3a".
             Resolved file path is "/usr/share/dotnet/packs/Microsoft.NETCore.App.Ref/8.0.20/ref/net8.0/System.Globalization.Extensions.dll".
             Reference found at search path location "{RawFileName}".
             This reference is not "CopyLocal" because at least one source item had "Private" set to "false" and no source items had "Private" set to "true".
             The ImageRuntimeVersion for this reference is "".
         Primary reference "System.Globalization, Version=8.0.0.0, Culture=neutral, PublicKeyToken=b03f5f7f11d50a3a".
             Resolved file path is "/usr/share/dotnet/packs/Microsoft.NETCore.App.Ref/8.0.20/ref/net8.0/System.Globalization.dll".
             Reference found at search path location "{RawFileName}".
             This reference is not "CopyLocal" because at least one source item had "Private" set to "false" and no source items had "Private" set to "true".
             The ImageRuntimeVersion for this reference is "".
         Primary reference "System.IO.Compression.Brotli, Version=8.0.0.0, Culture=neutral, PublicKeyToken=b77a5c561934e089".
             Resolved file path is "/usr/share/dotnet/packs/Microsoft.NETCore.App.Ref/8.0.20/ref/net8.0/System.IO.Compression.Brotli.dll".
             Reference found at search path location "{RawFileName}".
             This reference is not "CopyLocal" because at least one source item had "Private" set to "false" and no source items had "Private" set to "true".
             The ImageRuntimeVersion for this reference is "".
         Primary reference "System.IO.Compression.FileSystem, Version=4.0.0.0, Culture=neutral, PublicKeyToken=b77a5c561934e089".
             Resolved file path is "/usr/share/dotnet/packs/Microsoft.NETCore.App.Ref/8.0.20/ref/net8.0/System.IO.Compression.FileSystem.dll".
             Reference found at search path location "{RawFileName}".
             This reference is not "CopyLocal" because at least one source item had "Private" set to "false" and no source items had "Private" set to "true".
             The ImageRuntimeVersion for this reference is "".
         Primary reference "System.IO.Compression.ZipFile, Version=8.0.0.0, Culture=neutral, PublicKeyToken=b77a5c561934e089".
             Resolved file path is "/usr/share/dotnet/packs/Microsoft.NETCore.App.Ref/8.0.20/ref/net8.0/System.IO.Compression.ZipFile.dll".
             Reference found at search path location "{RawFileName}".
             This reference is not "CopyLocal" because at least one source item had "Private" set to "false" and no source items had "Private" set to "true".
             The ImageRuntimeVersion for this reference is "".
         Primary reference "System.IO.Compression, Version=8.0.0.0, Culture=neutral, PublicKeyToken=b77a5c561934e089".
             Resolved file path is "/usr/share/dotnet/packs/Microsoft.NETCore.App.Ref/8.0.20/ref/net8.0/System.IO.Compression.dll".
             Reference found at search path location "{RawFileName}".
             This reference is not "CopyLocal" because at least one source item had "Private" set to "false" and no source items had "Private" set to "true".
             The ImageRuntimeVersion for this reference is "".
         Primary reference "System.IO.FileSystem.AccessControl, Version=8.0.0.0, Culture=neutral, PublicKeyToken=b03f5f7f11d50a3a".
             Resolved file path is "/usr/share/dotnet/packs/Microsoft.NETCore.App.Ref/8.0.20/ref/net8.0/System.IO.FileSystem.AccessControl.dll".
             Reference found at search path location "{RawFileName}".
             This reference is not "CopyLocal" because at least one source item had "Private" set to "false" and no source items had "Private" set to "true".
             The ImageRuntimeVersion for this reference is "".
         Primary reference "System.IO.FileSystem.DriveInfo, Version=8.0.0.0, Culture=neutral, PublicKeyToken=b03f5f7f11d50a3a".
             Resolved file path is "/usr/share/dotnet/packs/Microsoft.NETCore.App.Ref/8.0.20/ref/net8.0/System.IO.FileSystem.DriveInfo.dll".
             Reference found at search path location "{RawFileName}".
             This reference is not "CopyLocal" because at least one source item had "Private" set to "false" and no source items had "Private" set to "true".
             The ImageRuntimeVersion for this reference is "".
         Primary reference "System.IO.FileSystem.Primitives, Version=8.0.0.0, Culture=neutral, PublicKeyToken=b03f5f7f11d50a3a".
             Resolved file path is "/usr/share/dotnet/packs/Microsoft.NETCore.App.Ref/8.0.20/ref/net8.0/System.IO.FileSystem.Primitives.dll".
             Reference found at search path location "{RawFileName}".
             This reference is not "CopyLocal" because at least one source item had "Private" set to "false" and no source items had "Private" set to "true".
             The ImageRuntimeVersion for this reference is "".
         Primary reference "System.IO.FileSystem.Watcher, Version=8.0.0.0, Culture=neutral, PublicKeyToken=b03f5f7f11d50a3a".
             Resolved file path is "/usr/share/dotnet/packs/Microsoft.NETCore.App.Ref/8.0.20/ref/net8.0/System.IO.FileSystem.Watcher.dll".
             Reference found at search path location "{RawFileName}".
             This reference is not "CopyLocal" because at least one source item had "Private" set to "false" and no source items had "Private" set to "true".
             The ImageRuntimeVersion for this reference is "".
         Primary reference "System.IO.FileSystem, Version=8.0.0.0, Culture=neutral, PublicKeyToken=b03f5f7f11d50a3a".
             Resolved file path is "/usr/share/dotnet/packs/Microsoft.NETCore.App.Ref/8.0.20/ref/net8.0/System.IO.FileSystem.dll".
             Reference found at search path location "{RawFileName}".
             This reference is not "CopyLocal" because at least one source item had "Private" set to "false" and no source items had "Private" set to "true".
             The ImageRuntimeVersion for this reference is "".
         Primary reference "System.IO.IsolatedStorage, Version=8.0.0.0, Culture=neutral, PublicKeyToken=b03f5f7f11d50a3a".
             Resolved file path is "/usr/share/dotnet/packs/Microsoft.NETCore.App.Ref/8.0.20/ref/net8.0/System.IO.IsolatedStorage.dll".
             Reference found at search path location "{RawFileName}".
             This reference is not "CopyLocal" because at least one source item had "Private" set to "false" and no source items had "Private" set to "true".
             The ImageRuntimeVersion for this reference is "".
         Primary reference "System.IO.MemoryMappedFiles, Version=8.0.0.0, Culture=neutral, PublicKeyToken=b03f5f7f11d50a3a".
             Resolved file path is "/usr/share/dotnet/packs/Microsoft.NETCore.App.Ref/8.0.20/ref/net8.0/System.IO.MemoryMappedFiles.dll".
             Reference found at search path location "{RawFileName}".
             This reference is not "CopyLocal" because at least one source item had "Private" set to "false" and no source items had "Private" set to "true".
             The ImageRuntimeVersion for this reference is "".
         Primary reference "System.IO.Pipes.AccessControl, Version=8.0.0.0, Culture=neutral, PublicKeyToken=b03f5f7f11d50a3a".
             Resolved file path is "/usr/share/dotnet/packs/Microsoft.NETCore.App.Ref/8.0.20/ref/net8.0/System.IO.Pipes.AccessControl.dll".
             Reference found at search path location "{RawFileName}".
             This reference is not "CopyLocal" because at least one source item had "Private" set to "false" and no source items had "Private" set to "true".
             The ImageRuntimeVersion for this reference is "".
         Primary reference "System.IO.Pipes, Version=8.0.0.0, Culture=neutral, PublicKeyToken=b03f5f7f11d50a3a".
             Resolved file path is "/usr/share/dotnet/packs/Microsoft.NETCore.App.Ref/8.0.20/ref/net8.0/System.IO.Pipes.dll".
             Reference found at search path location "{RawFileName}".
             This reference is not "CopyLocal" because at least one source item had "Private" set to "false" and no source items had "Private" set to "true".
             The ImageRuntimeVersion for this reference is "".
         Primary reference "System.IO.UnmanagedMemoryStream, Version=8.0.0.0, Culture=neutral, PublicKeyToken=b03f5f7f11d50a3a".
             Resolved file path is "/usr/share/dotnet/packs/Microsoft.NETCore.App.Ref/8.0.20/ref/net8.0/System.IO.UnmanagedMemoryStream.dll".
             Reference found at search path location "{RawFileName}".
             This reference is not "CopyLocal" because at least one source item had "Private" set to "false" and no source items had "Private" set to "true".
             The ImageRuntimeVersion for this reference is "".
         Primary reference "System.IO, Version=8.0.0.0, Culture=neutral, PublicKeyToken=b03f5f7f11d50a3a".
             Resolved file path is "/usr/share/dotnet/packs/Microsoft.NETCore.App.Ref/8.0.20/ref/net8.0/System.IO.dll".
             Reference found at search path location "{RawFileName}".
             This reference is not "CopyLocal" because at least one source item had "Private" set to "false" and no source items had "Private" set to "true".
             The ImageRuntimeVersion for this reference is "".
         Primary reference "System.Linq.Expressions, Version=8.0.0.0, Culture=neutral, PublicKeyToken=b03f5f7f11d50a3a".
             Resolved file path is "/usr/share/dotnet/packs/Microsoft.NETCore.App.Ref/8.0.20/ref/net8.0/System.Linq.Expressions.dll".
             Reference found at search path location "{RawFileName}".
             This reference is not "CopyLocal" because at least one source item had "Private" set to "false" and no source items had "Private" set to "true".
             The ImageRuntimeVersion for this reference is "".
         Primary reference "System.Linq.Parallel, Version=8.0.0.0, Culture=neutral, PublicKeyToken=b03f5f7f11d50a3a".
             Resolved file path is "/usr/share/dotnet/packs/Microsoft.NETCore.App.Ref/8.0.20/ref/net8.0/System.Linq.Parallel.dll".
             Reference found at search path location "{RawFileName}".
             This reference is not "CopyLocal" because at least one source item had "Private" set to "false" and no source items had "Private" set to "true".
             The ImageRuntimeVersion for this reference is "".
         Primary reference "System.Linq.Queryable, Version=8.0.0.0, Culture=neutral, PublicKeyToken=b03f5f7f11d50a3a".
             Resolved file path is "/usr/share/dotnet/packs/Microsoft.NETCore.App.Ref/8.0.20/ref/net8.0/System.Linq.Queryable.dll".
             Reference found at search path location "{RawFileName}".
             This reference is not "CopyLocal" because at least one source item had "Private" set to "false" and no source items had "Private" set to "true".
             The ImageRuntimeVersion for this reference is "".
         Primary reference "System.Linq, Version=8.0.0.0, Culture=neutral, PublicKeyToken=b03f5f7f11d50a3a".
             Resolved file path is "/usr/share/dotnet/packs/Microsoft.NETCore.App.Ref/8.0.20/ref/net8.0/System.Linq.dll".
             Reference found at search path location "{RawFileName}".
             This reference is not "CopyLocal" because at least one source item had "Private" set to "false" and no source items had "Private" set to "true".
             The ImageRuntimeVersion for this reference is "".
         Primary reference "System.Memory, Version=8.0.0.0, Culture=neutral, PublicKeyToken=cc7b13ffcd2ddd51".
             Resolved file path is "/usr/share/dotnet/packs/Microsoft.NETCore.App.Ref/8.0.20/ref/net8.0/System.Memory.dll".
             Reference found at search path location "{RawFileName}".
             This reference is not "CopyLocal" because at least one source item had "Private" set to "false" and no source items had "Private" set to "true".
             The ImageRuntimeVersion for this reference is "".
         Primary reference "System.Net.Http.Json, Version=8.0.0.0, Culture=neutral, PublicKeyToken=cc7b13ffcd2ddd51".
             Resolved file path is "/usr/share/dotnet/packs/Microsoft.NETCore.App.Ref/8.0.20/ref/net8.0/System.Net.Http.Json.dll".
             Reference found at search path location "{RawFileName}".
             This reference is not "CopyLocal" because at least one source item had "Private" set to "false" and no source items had "Private" set to "true".
             The ImageRuntimeVersion for this reference is "".
         Primary reference "System.Net.Http, Version=8.0.0.0, Culture=neutral, PublicKeyToken=b03f5f7f11d50a3a".
             Resolved file path is "/usr/share/dotnet/packs/Microsoft.NETCore.App.Ref/8.0.20/ref/net8.0/System.Net.Http.dll".
             Reference found at search path location "{RawFileName}".
             This reference is not "CopyLocal" because at least one source item had "Private" set to "false" and no source items had "Private" set to "true".
             The ImageRuntimeVersion for this reference is "".
         Primary reference "System.Net.HttpListener, Version=8.0.0.0, Culture=neutral, PublicKeyToken=cc7b13ffcd2ddd51".
             Resolved file path is "/usr/share/dotnet/packs/Microsoft.NETCore.App.Ref/8.0.20/ref/net8.0/System.Net.HttpListener.dll".
             Reference found at search path location "{RawFileName}".
             This reference is not "CopyLocal" because at least one source item had "Private" set to "false" and no source items had "Private" set to "true".
             The ImageRuntimeVersion for this reference is "".
         Primary reference "System.Net.Mail, Version=8.0.0.0, Culture=neutral, PublicKeyToken=cc7b13ffcd2ddd51".
             Resolved file path is "/usr/share/dotnet/packs/Microsoft.NETCore.App.Ref/8.0.20/ref/net8.0/System.Net.Mail.dll".
             Reference found at search path location "{RawFileName}".
             This reference is not "CopyLocal" because at least one source item had "Private" set to "false" and no source items had "Private" set to "true".
             The ImageRuntimeVersion for this reference is "".
         Primary reference "System.Net.NameResolution, Version=8.0.0.0, Culture=neutral, PublicKeyToken=b03f5f7f11d50a3a".
             Resolved file path is "/usr/share/dotnet/packs/Microsoft.NETCore.App.Ref/8.0.20/ref/net8.0/System.Net.NameResolution.dll".
             Reference found at search path location "{RawFileName}".
             This reference is not "CopyLocal" because at least one source item had "Private" set to "false" and no source items had "Private" set to "true".
             The ImageRuntimeVersion for this reference is "".
         Primary reference "System.Net.NetworkInformation, Version=8.0.0.0, Culture=neutral, PublicKeyToken=b03f5f7f11d50a3a".
             Resolved file path is "/usr/share/dotnet/packs/Microsoft.NETCore.App.Ref/8.0.20/ref/net8.0/System.Net.NetworkInformation.dll".
             Reference found at search path location "{RawFileName}".
             This reference is not "CopyLocal" because at least one source item had "Private" set to "false" and no source items had "Private" set to "true".
             The ImageRuntimeVersion for this reference is "".
         Primary reference "System.Net.Ping, Version=8.0.0.0, Culture=neutral, PublicKeyToken=b03f5f7f11d50a3a".
             Resolved file path is "/usr/share/dotnet/packs/Microsoft.NETCore.App.Ref/8.0.20/ref/net8.0/System.Net.Ping.dll".
             Reference found at search path location "{RawFileName}".
             This reference is not "CopyLocal" because at least one source item had "Private" set to "false" and no source items had "Private" set to "true".
             The ImageRuntimeVersion for this reference is "".
         Primary reference "System.Net.Primitives, Version=8.0.0.0, Culture=neutral, PublicKeyToken=b03f5f7f11d50a3a".
             Resolved file path is "/usr/share/dotnet/packs/Microsoft.NETCore.App.Ref/8.0.20/ref/net8.0/System.Net.Primitives.dll".
             Reference found at search path location "{RawFileName}".
             This reference is not "CopyLocal" because at least one source item had "Private" set to "false" and no source items had "Private" set to "true".
             The ImageRuntimeVersion for this reference is "".
         Primary reference "System.Net.Quic, Version=8.0.0.0, Culture=neutral, PublicKeyToken=b03f5f7f11d50a3a".
             Resolved file path is "/usr/share/dotnet/packs/Microsoft.NETCore.App.Ref/8.0.20/ref/net8.0/System.Net.Quic.dll".
             Reference found at search path location "{RawFileName}".
             This reference is not "CopyLocal" because at least one source item had "Private" set to "false" and no source items had "Private" set to "true".
             The ImageRuntimeVersion for this reference is "".
         Primary reference "System.Net.Requests, Version=8.0.0.0, Culture=neutral, PublicKeyToken=b03f5f7f11d50a3a".
             Resolved file path is "/usr/share/dotnet/packs/Microsoft.NETCore.App.Ref/8.0.20/ref/net8.0/System.Net.Requests.dll".
             Reference found at search path location "{RawFileName}".
             This reference is not "CopyLocal" because at least one source item had "Private" set to "false" and no source items had "Private" set to "true".
             The ImageRuntimeVersion for this reference is "".
         Primary reference "System.Net.Security, Version=8.0.0.0, Culture=neutral, PublicKeyToken=b03f5f7f11d50a3a".
             Resolved file path is "/usr/share/dotnet/packs/Microsoft.NETCore.App.Ref/8.0.20/ref/net8.0/System.Net.Security.dll".
             Reference found at search path location "{RawFileName}".
             This reference is not "CopyLocal" because at least one source item had "Private" set to "false" and no source items had "Private" set to "true".
             The ImageRuntimeVersion for this reference is "".
         Primary reference "System.Net.ServicePoint, Version=8.0.0.0, Culture=neutral, PublicKeyToken=cc7b13ffcd2ddd51".
             Resolved file path is "/usr/share/dotnet/packs/Microsoft.NETCore.App.Ref/8.0.20/ref/net8.0/System.Net.ServicePoint.dll".
             Reference found at search path location "{RawFileName}".
             This reference is not "CopyLocal" because at least one source item had "Private" set to "false" and no source items had "Private" set to "true".
             The ImageRuntimeVersion for this reference is "".
         Primary reference "System.Net.Sockets, Version=8.0.0.0, Culture=neutral, PublicKeyToken=b03f5f7f11d50a3a".
             Resolved file path is "/usr/share/dotnet/packs/Microsoft.NETCore.App.Ref/8.0.20/ref/net8.0/System.Net.Sockets.dll".
             Reference found at search path location "{RawFileName}".
             This reference is not "CopyLocal" because at least one source item had "Private" set to "false" and no source items had "Private" set to "true".
             The ImageRuntimeVersion for this reference is "".
         Primary reference "System.Net.WebClient, Version=8.0.0.0, Culture=neutral, PublicKeyToken=cc7b13ffcd2ddd51".
             Resolved file path is "/usr/share/dotnet/packs/Microsoft.NETCore.App.Ref/8.0.20/ref/net8.0/System.Net.WebClient.dll".
             Reference found at search path location "{RawFileName}".
             This reference is not "CopyLocal" because at least one source item had "Private" set to "false" and no source items had "Private" set to "true".
             The ImageRuntimeVersion for this reference is "".
         Primary reference "System.Net.WebHeaderCollection, Version=8.0.0.0, Culture=neutral, PublicKeyToken=b03f5f7f11d50a3a".
             Resolved file path is "/usr/share/dotnet/packs/Microsoft.NETCore.App.Ref/8.0.20/ref/net8.0/System.Net.WebHeaderCollection.dll".
             Reference found at search path location "{RawFileName}".
             This reference is not "CopyLocal" because at least one source item had "Private" set to "false" and no source items had "Private" set to "true".
             The ImageRuntimeVersion for this reference is "".
         Primary reference "System.Net.WebProxy, Version=8.0.0.0, Culture=neutral, PublicKeyToken=cc7b13ffcd2ddd51".
             Resolved file path is "/usr/share/dotnet/packs/Microsoft.NETCore.App.Ref/8.0.20/ref/net8.0/System.Net.WebProxy.dll".
             Reference found at search path location "{RawFileName}".
             This reference is not "CopyLocal" because at least one source item had "Private" set to "false" and no source items had "Private" set to "true".
             The ImageRuntimeVersion for this reference is "".
         Primary reference "System.Net.WebSockets.Client, Version=8.0.0.0, Culture=neutral, PublicKeyToken=b03f5f7f11d50a3a".
             Resolved file path is "/usr/share/dotnet/packs/Microsoft.NETCore.App.Ref/8.0.20/ref/net8.0/System.Net.WebSockets.Client.dll".
             Reference found at search path location "{RawFileName}".
             This reference is not "CopyLocal" because at least one source item had "Private" set to "false" and no source items had "Private" set to "true".
             The ImageRuntimeVersion for this reference is "".
         Primary reference "System.Net.WebSockets, Version=8.0.0.0, Culture=neutral, PublicKeyToken=b03f5f7f11d50a3a".
             Resolved file path is "/usr/share/dotnet/packs/Microsoft.NETCore.App.Ref/8.0.20/ref/net8.0/System.Net.WebSockets.dll".
             Reference found at search path location "{RawFileName}".
             This reference is not "CopyLocal" because at least one source item had "Private" set to "false" and no source items had "Private" set to "true".
             The ImageRuntimeVersion for this reference is "".
         Primary reference "System.Net, Version=4.0.0.0, Culture=neutral, PublicKeyToken=b03f5f7f11d50a3a".
             Resolved file path is "/usr/share/dotnet/packs/Microsoft.NETCore.App.Ref/8.0.20/ref/net8.0/System.Net.dll".
             Reference found at search path location "{RawFileName}".
             This reference is not "CopyLocal" because at least one source item had "Private" set to "false" and no source items had "Private" set to "true".
             The ImageRuntimeVersion for this reference is "".
         Primary reference "System.Numerics.Vectors, Version=8.0.0.0, Culture=neutral, PublicKeyToken=b03f5f7f11d50a3a".
             Resolved file path is "/usr/share/dotnet/packs/Microsoft.NETCore.App.Ref/8.0.20/ref/net8.0/System.Numerics.Vectors.dll".
             Reference found at search path location "{RawFileName}".
             This reference is not "CopyLocal" because at least one source item had "Private" set to "false" and no source items had "Private" set to "true".
             The ImageRuntimeVersion for this reference is "".
         Primary reference "System.Numerics, Version=4.0.0.0, Culture=neutral, PublicKeyToken=b77a5c561934e089".
             Resolved file path is "/usr/share/dotnet/packs/Microsoft.NETCore.App.Ref/8.0.20/ref/net8.0/System.Numerics.dll".
             Reference found at search path location "{RawFileName}".
             This reference is not "CopyLocal" because at least one source item had "Private" set to "false" and no source items had "Private" set to "true".
             The ImageRuntimeVersion for this reference is "".
         Primary reference "System.ObjectModel, Version=8.0.0.0, Culture=neutral, PublicKeyToken=b03f5f7f11d50a3a".
             Resolved file path is "/usr/share/dotnet/packs/Microsoft.NETCore.App.Ref/8.0.20/ref/net8.0/System.ObjectModel.dll".
             Reference found at search path location "{RawFileName}".
             This reference is not "CopyLocal" because at least one source item had "Private" set to "false" and no source items had "Private" set to "true".
             The ImageRuntimeVersion for this reference is "".
         Primary reference "System.Reflection.DispatchProxy, Version=8.0.0.0, Culture=neutral, PublicKeyToken=b03f5f7f11d50a3a".
             Resolved file path is "/usr/share/dotnet/packs/Microsoft.NETCore.App.Ref/8.0.20/ref/net8.0/System.Reflection.DispatchProxy.dll".
             Reference found at search path location "{RawFileName}".
             This reference is not "CopyLocal" because at least one source item had "Private" set to "false" and no source items had "Private" set to "true".
             The ImageRuntimeVersion for this reference is "".
         Primary reference "System.Reflection.Emit.ILGeneration, Version=8.0.0.0, Culture=neutral, PublicKeyToken=b03f5f7f11d50a3a".
             Resolved file path is "/usr/share/dotnet/packs/Microsoft.NETCore.App.Ref/8.0.20/ref/net8.0/System.Reflection.Emit.ILGeneration.dll".
             Reference found at search path location "{RawFileName}".
             This reference is not "CopyLocal" because at least one source item had "Private" set to "false" and no source items had "Private" set to "true".
             The ImageRuntimeVersion for this reference is "".
         Primary reference "System.Reflection.Emit.Lightweight, Version=8.0.0.0, Culture=neutral, PublicKeyToken=b03f5f7f11d50a3a".
             Resolved file path is "/usr/share/dotnet/packs/Microsoft.NETCore.App.Ref/8.0.20/ref/net8.0/System.Reflection.Emit.Lightweight.dll".
             Reference found at search path location "{RawFileName}".
             This reference is not "CopyLocal" because at least one source item had "Private" set to "false" and no source items had "Private" set to "true".
             The ImageRuntimeVersion for this reference is "".
         Primary reference "System.Reflection.Emit, Version=8.0.0.0, Culture=neutral, PublicKeyToken=b03f5f7f11d50a3a".
             Resolved file path is "/usr/share/dotnet/packs/Microsoft.NETCore.App.Ref/8.0.20/ref/net8.0/System.Reflection.Emit.dll".
             Reference found at search path location "{RawFileName}".
             This reference is not "CopyLocal" because at least one source item had "Private" set to "false" and no source items had "Private" set to "true".
             The ImageRuntimeVersion for this reference is "".
         Primary reference "System.Reflection.Extensions, Version=8.0.0.0, Culture=neutral, PublicKeyToken=b03f5f7f11d50a3a".
             Resolved file path is "/usr/share/dotnet/packs/Microsoft.NETCore.App.Ref/8.0.20/ref/net8.0/System.Reflection.Extensions.dll".
             Reference found at search path location "{RawFileName}".
             This reference is not "CopyLocal" because at least one source item had "Private" set to "false" and no source items had "Private" set to "true".
             The ImageRuntimeVersion for this reference is "".
         Primary reference "System.Reflection.Metadata, Version=8.0.0.0, Culture=neutral, PublicKeyToken=b03f5f7f11d50a3a".
             Resolved file path is "/usr/share/dotnet/packs/Microsoft.NETCore.App.Ref/8.0.20/ref/net8.0/System.Reflection.Metadata.dll".
             Reference found at search path location "{RawFileName}".
             This reference is not "CopyLocal" because at least one source item had "Private" set to "false" and no source items had "Private" set to "true".
             The ImageRuntimeVersion for this reference is "".
         Primary reference "System.Reflection.Primitives, Version=8.0.0.0, Culture=neutral, PublicKeyToken=b03f5f7f11d50a3a".
             Resolved file path is "/usr/share/dotnet/packs/Microsoft.NETCore.App.Ref/8.0.20/ref/net8.0/System.Reflection.Primitives.dll".
             Reference found at search path location "{RawFileName}".
             This reference is not "CopyLocal" because at least one source item had "Private" set to "false" and no source items had "Private" set to "true".
             The ImageRuntimeVersion for this reference is "".
         Primary reference "System.Reflection.TypeExtensions, Version=8.0.0.0, Culture=neutral, PublicKeyToken=b03f5f7f11d50a3a".
             Resolved file path is "/usr/share/dotnet/packs/Microsoft.NETCore.App.Ref/8.0.20/ref/net8.0/System.Reflection.TypeExtensions.dll".
             Reference found at search path location "{RawFileName}".
             This reference is not "CopyLocal" because at least one source item had "Private" set to "false" and no source items had "Private" set to "true".
             The ImageRuntimeVersion for this reference is "".
         Primary reference "System.Reflection, Version=8.0.0.0, Culture=neutral, PublicKeyToken=b03f5f7f11d50a3a".
             Resolved file path is "/usr/share/dotnet/packs/Microsoft.NETCore.App.Ref/8.0.20/ref/net8.0/System.Reflection.dll".
             Reference found at search path location "{RawFileName}".
             This reference is not "CopyLocal" because at least one source item had "Private" set to "false" and no source items had "Private" set to "true".
             The ImageRuntimeVersion for this reference is "".
         Primary reference "System.Resources.Reader, Version=8.0.0.0, Culture=neutral, PublicKeyToken=b03f5f7f11d50a3a".
             Resolved file path is "/usr/share/dotnet/packs/Microsoft.NETCore.App.Ref/8.0.20/ref/net8.0/System.Resources.Reader.dll".
             Reference found at search path location "{RawFileName}".
             This reference is not "CopyLocal" because at least one source item had "Private" set to "false" and no source items had "Private" set to "true".
             The ImageRuntimeVersion for this reference is "".
         Primary reference "System.Resources.ResourceManager, Version=8.0.0.0, Culture=neutral, PublicKeyToken=b03f5f7f11d50a3a".
             Resolved file path is "/usr/share/dotnet/packs/Microsoft.NETCore.App.Ref/8.0.20/ref/net8.0/System.Resources.ResourceManager.dll".
             Reference found at search path location "{RawFileName}".
             This reference is not "CopyLocal" because at least one source item had "Private" set to "false" and no source items had "Private" set to "true".
             The ImageRuntimeVersion for this reference is "".
         Primary reference "System.Resources.Writer, Version=8.0.0.0, Culture=neutral, PublicKeyToken=b03f5f7f11d50a3a".
             Resolved file path is "/usr/share/dotnet/packs/Microsoft.NETCore.App.Ref/8.0.20/ref/net8.0/System.Resources.Writer.dll".
             Reference found at search path location "{RawFileName}".
             This reference is not "CopyLocal" because at least one source item had "Private" set to "false" and no source items had "Private" set to "true".
             The ImageRuntimeVersion for this reference is "".
         Primary reference "System.Runtime.CompilerServices.Unsafe, Version=8.0.0.0, Culture=neutral, PublicKeyToken=b03f5f7f11d50a3a".
             Resolved file path is "/usr/share/dotnet/packs/Microsoft.NETCore.App.Ref/8.0.20/ref/net8.0/System.Runtime.CompilerServices.Unsafe.dll".
             Reference found at search path location "{RawFileName}".
             This reference is not "CopyLocal" because at least one source item had "Private" set to "false" and no source items had "Private" set to "true".
             The ImageRuntimeVersion for this reference is "".
         Primary reference "System.Runtime.CompilerServices.VisualC, Version=8.0.0.0, Culture=neutral, PublicKeyToken=b03f5f7f11d50a3a".
             Resolved file path is "/usr/share/dotnet/packs/Microsoft.NETCore.App.Ref/8.0.20/ref/net8.0/System.Runtime.CompilerServices.VisualC.dll".
             Reference found at search path location "{RawFileName}".
             This reference is not "CopyLocal" because at least one source item had "Private" set to "false" and no source items had "Private" set to "true".
             The ImageRuntimeVersion for this reference is "".
         Primary reference "System.Runtime.Extensions, Version=8.0.0.0, Culture=neutral, PublicKeyToken=b03f5f7f11d50a3a".
             Resolved file path is "/usr/share/dotnet/packs/Microsoft.NETCore.App.Ref/8.0.20/ref/net8.0/System.Runtime.Extensions.dll".
             Reference found at search path location "{RawFileName}".
             This reference is not "CopyLocal" because at least one source item had "Private" set to "false" and no source items had "Private" set to "true".
             The ImageRuntimeVersion for this reference is "".
         Primary reference "System.Runtime.Handles, Version=8.0.0.0, Culture=neutral, PublicKeyToken=b03f5f7f11d50a3a".
             Resolved file path is "/usr/share/dotnet/packs/Microsoft.NETCore.App.Ref/8.0.20/ref/net8.0/System.Runtime.Handles.dll".
             Reference found at search path location "{RawFileName}".
             This reference is not "CopyLocal" because at least one source item had "Private" set to "false" and no source items had "Private" set to "true".
             The ImageRuntimeVersion for this reference is "".
         Primary reference "System.Runtime.InteropServices.JavaScript, Version=8.0.0.0, Culture=neutral, PublicKeyToken=b03f5f7f11d50a3a".
             Resolved file path is "/usr/share/dotnet/packs/Microsoft.NETCore.App.Ref/8.0.20/ref/net8.0/System.Runtime.InteropServices.JavaScript.dll".
             Reference found at search path location "{RawFileName}".
             This reference is not "CopyLocal" because at least one source item had "Private" set to "false" and no source items had "Private" set to "true".
             The ImageRuntimeVersion for this reference is "".
         Primary reference "System.Runtime.InteropServices.RuntimeInformation, Version=8.0.0.0, Culture=neutral, PublicKeyToken=b03f5f7f11d50a3a".
             Resolved file path is "/usr/share/dotnet/packs/Microsoft.NETCore.App.Ref/8.0.20/ref/net8.0/System.Runtime.InteropServices.RuntimeInformation.dll".
             Reference found at search path location "{RawFileName}".
             This reference is not "CopyLocal" because at least one source item had "Private" set to "false" and no source items had "Private" set to "true".
             The ImageRuntimeVersion for this reference is "".
         Primary reference "System.Runtime.InteropServices, Version=8.0.0.0, Culture=neutral, PublicKeyToken=b03f5f7f11d50a3a".
             Resolved file path is "/usr/share/dotnet/packs/Microsoft.NETCore.App.Ref/8.0.20/ref/net8.0/System.Runtime.InteropServices.dll".
             Reference found at search path location "{RawFileName}".
             This reference is not "CopyLocal" because at least one source item had "Private" set to "false" and no source items had "Private" set to "true".
             The ImageRuntimeVersion for this reference is "".
         Primary reference "System.Runtime.Intrinsics, Version=8.0.0.0, Culture=neutral, PublicKeyToken=cc7b13ffcd2ddd51".
             Resolved file path is "/usr/share/dotnet/packs/Microsoft.NETCore.App.Ref/8.0.20/ref/net8.0/System.Runtime.Intrinsics.dll".
             Reference found at search path location "{RawFileName}".
             This reference is not "CopyLocal" because at least one source item had "Private" set to "false" and no source items had "Private" set to "true".
             The ImageRuntimeVersion for this reference is "".
         Primary reference "System.Runtime.Loader, Version=8.0.0.0, Culture=neutral, PublicKeyToken=b03f5f7f11d50a3a".
             Resolved file path is "/usr/share/dotnet/packs/Microsoft.NETCore.App.Ref/8.0.20/ref/net8.0/System.Runtime.Loader.dll".
             Reference found at search path location "{RawFileName}".
             This reference is not "CopyLocal" because at least one source item had "Private" set to "false" and no source items had "Private" set to "true".
             The ImageRuntimeVersion for this reference is "".
         Primary reference "System.Runtime.Numerics, Version=8.0.0.0, Culture=neutral, PublicKeyToken=b03f5f7f11d50a3a".
             Resolved file path is "/usr/share/dotnet/packs/Microsoft.NETCore.App.Ref/8.0.20/ref/net8.0/System.Runtime.Numerics.dll".
             Reference found at search path location "{RawFileName}".
             This reference is not "CopyLocal" because at least one source item had "Private" set to "false" and no source items had "Private" set to "true".
             The ImageRuntimeVersion for this reference is "".
         Primary reference "System.Runtime.Serialization.Formatters, Version=8.0.0.0, Culture=neutral, PublicKeyToken=b03f5f7f11d50a3a".
             Resolved file path is "/usr/share/dotnet/packs/Microsoft.NETCore.App.Ref/8.0.20/ref/net8.0/System.Runtime.Serialization.Formatters.dll".
             Reference found at search path location "{RawFileName}".
             This reference is not "CopyLocal" because at least one source item had "Private" set to "false" and no source items had "Private" set to "true".
             The ImageRuntimeVersion for this reference is "".
         Primary reference "System.Runtime.Serialization.Json, Version=8.0.0.0, Culture=neutral, PublicKeyToken=b03f5f7f11d50a3a".
             Resolved file path is "/usr/share/dotnet/packs/Microsoft.NETCore.App.Ref/8.0.20/ref/net8.0/System.Runtime.Serialization.Json.dll".
             Reference found at search path location "{RawFileName}".
             This reference is not "CopyLocal" because at least one source item had "Private" set to "false" and no source items had "Private" set to "true".
             The ImageRuntimeVersion for this reference is "".
         Primary reference "System.Runtime.Serialization.Primitives, Version=8.0.0.0, Culture=neutral, PublicKeyToken=b03f5f7f11d50a3a".
             Resolved file path is "/usr/share/dotnet/packs/Microsoft.NETCore.App.Ref/8.0.20/ref/net8.0/System.Runtime.Serialization.Primitives.dll".
             Reference found at search path location "{RawFileName}".
             This reference is not "CopyLocal" because at least one source item had "Private" set to "false" and no source items had "Private" set to "true".
             The ImageRuntimeVersion for this reference is "".
         Primary reference "System.Runtime.Serialization.Xml, Version=8.0.0.0, Culture=neutral, PublicKeyToken=b03f5f7f11d50a3a".
             Resolved file path is "/usr/share/dotnet/packs/Microsoft.NETCore.App.Ref/8.0.20/ref/net8.0/System.Runtime.Serialization.Xml.dll".
             Reference found at search path location "{RawFileName}".
             This reference is not "CopyLocal" because at least one source item had "Private" set to "false" and no source items had "Private" set to "true".
             The ImageRuntimeVersion for this reference is "".
         Primary reference "System.Runtime.Serialization, Version=4.0.0.0, Culture=neutral, PublicKeyToken=b77a5c561934e089".
             Resolved file path is "/usr/share/dotnet/packs/Microsoft.NETCore.App.Ref/8.0.20/ref/net8.0/System.Runtime.Serialization.dll".
             Reference found at search path location "{RawFileName}".
             This reference is not "CopyLocal" because at least one source item had "Private" set to "false" and no source items had "Private" set to "true".
             The ImageRuntimeVersion for this reference is "".
         Primary reference "System.Runtime, Version=8.0.0.0, Culture=neutral, PublicKeyToken=b03f5f7f11d50a3a".
             Resolved file path is "/usr/share/dotnet/packs/Microsoft.NETCore.App.Ref/8.0.20/ref/net8.0/System.Runtime.dll".
             Reference found at search path location "{RawFileName}".
             This reference is not "CopyLocal" because at least one source item had "Private" set to "false" and no source items had "Private" set to "true".
             The ImageRuntimeVersion for this reference is "".
         Primary reference "System.Security.AccessControl, Version=8.0.0.0, Culture=neutral, PublicKeyToken=b03f5f7f11d50a3a".
             Resolved file path is "/usr/share/dotnet/packs/Microsoft.NETCore.App.Ref/8.0.20/ref/net8.0/System.Security.AccessControl.dll".
             Reference found at search path location "{RawFileName}".
             This reference is not "CopyLocal" because at least one source item had "Private" set to "false" and no source items had "Private" set to "true".
             The ImageRuntimeVersion for this reference is "".
         Primary reference "System.Security.Claims, Version=8.0.0.0, Culture=neutral, PublicKeyToken=b03f5f7f11d50a3a".
             Resolved file path is "/usr/share/dotnet/packs/Microsoft.NETCore.App.Ref/8.0.20/ref/net8.0/System.Security.Claims.dll".
             Reference found at search path location "{RawFileName}".
             This reference is not "CopyLocal" because at least one source item had "Private" set to "false" and no source items had "Private" set to "true".
             The ImageRuntimeVersion for this reference is "".
         Primary reference "System.Security.Cryptography.Algorithms, Version=8.0.0.0, Culture=neutral, PublicKeyToken=b03f5f7f11d50a3a".
             Resolved file path is "/usr/share/dotnet/packs/Microsoft.NETCore.App.Ref/8.0.20/ref/net8.0/System.Security.Cryptography.Algorithms.dll".
             Reference found at search path location "{RawFileName}".
             This reference is not "CopyLocal" because at least one source item had "Private" set to "false" and no source items had "Private" set to "true".
             The ImageRuntimeVersion for this reference is "".
         Primary reference "System.Security.Cryptography.Cng, Version=8.0.0.0, Culture=neutral, PublicKeyToken=b03f5f7f11d50a3a".
             Resolved file path is "/usr/share/dotnet/packs/Microsoft.NETCore.App.Ref/8.0.20/ref/net8.0/System.Security.Cryptography.Cng.dll".
             Reference found at search path location "{RawFileName}".
             This reference is not "CopyLocal" because at least one source item had "Private" set to "false" and no source items had "Private" set to "true".
             The ImageRuntimeVersion for this reference is "".
         Primary reference "System.Security.Cryptography.Csp, Version=8.0.0.0, Culture=neutral, PublicKeyToken=b03f5f7f11d50a3a".
             Resolved file path is "/usr/share/dotnet/packs/Microsoft.NETCore.App.Ref/8.0.20/ref/net8.0/System.Security.Cryptography.Csp.dll".
             Reference found at search path location "{RawFileName}".
             This reference is not "CopyLocal" because at least one source item had "Private" set to "false" and no source items had "Private" set to "true".
             The ImageRuntimeVersion for this reference is "".
         Primary reference "System.Security.Cryptography.Encoding, Version=8.0.0.0, Culture=neutral, PublicKeyToken=b03f5f7f11d50a3a".
             Resolved file path is "/usr/share/dotnet/packs/Microsoft.NETCore.App.Ref/8.0.20/ref/net8.0/System.Security.Cryptography.Encoding.dll".
             Reference found at search path location "{RawFileName}".
             This reference is not "CopyLocal" because at least one source item had "Private" set to "false" and no source items had "Private" set to "true".
             The ImageRuntimeVersion for this reference is "".
         Primary reference "System.Security.Cryptography.OpenSsl, Version=8.0.0.0, Culture=neutral, PublicKeyToken=b03f5f7f11d50a3a".
             Resolved file path is "/usr/share/dotnet/packs/Microsoft.NETCore.App.Ref/8.0.20/ref/net8.0/System.Security.Cryptography.OpenSsl.dll".
             Reference found at search path location "{RawFileName}".
             This reference is not "CopyLocal" because at least one source item had "Private" set to "false" and no source items had "Private" set to "true".
             The ImageRuntimeVersion for this reference is "".
         Primary reference "System.Security.Cryptography.Primitives, Version=8.0.0.0, Culture=neutral, PublicKeyToken=b03f5f7f11d50a3a".
             Resolved file path is "/usr/share/dotnet/packs/Microsoft.NETCore.App.Ref/8.0.20/ref/net8.0/System.Security.Cryptography.Primitives.dll".
             Reference found at search path location "{RawFileName}".
             This reference is not "CopyLocal" because at least one source item had "Private" set to "false" and no source items had "Private" set to "true".
             The ImageRuntimeVersion for this reference is "".
         Primary reference "System.Security.Cryptography.X509Certificates, Version=8.0.0.0, Culture=neutral, PublicKeyToken=b03f5f7f11d50a3a".
             Resolved file path is "/usr/share/dotnet/packs/Microsoft.NETCore.App.Ref/8.0.20/ref/net8.0/System.Security.Cryptography.X509Certificates.dll".
             Reference found at search path location "{RawFileName}".
             This reference is not "CopyLocal" because at least one source item had "Private" set to "false" and no source items had "Private" set to "true".
             The ImageRuntimeVersion for this reference is "".
         Primary reference "System.Security.Cryptography, Version=8.0.0.0, Culture=neutral, PublicKeyToken=b03f5f7f11d50a3a".
             Resolved file path is "/usr/share/dotnet/packs/Microsoft.NETCore.App.Ref/8.0.20/ref/net8.0/System.Security.Cryptography.dll".
             Reference found at search path location "{RawFileName}".
             This reference is not "CopyLocal" because at least one source item had "Private" set to "false" and no source items had "Private" set to "true".
             The ImageRuntimeVersion for this reference is "".
         Primary reference "System.Security.Principal.Windows, Version=8.0.0.0, Culture=neutral, PublicKeyToken=b03f5f7f11d50a3a".
             Resolved file path is "/usr/share/dotnet/packs/Microsoft.NETCore.App.Ref/8.0.20/ref/net8.0/System.Security.Principal.Windows.dll".
             Reference found at search path location "{RawFileName}".
             This reference is not "CopyLocal" because at least one source item had "Private" set to "false" and no source items had "Private" set to "true".
             The ImageRuntimeVersion for this reference is "".
         Primary reference "System.Security.Principal, Version=8.0.0.0, Culture=neutral, PublicKeyToken=b03f5f7f11d50a3a".
             Resolved file path is "/usr/share/dotnet/packs/Microsoft.NETCore.App.Ref/8.0.20/ref/net8.0/System.Security.Principal.dll".
             Reference found at search path location "{RawFileName}".
             This reference is not "CopyLocal" because at least one source item had "Private" set to "false" and no source items had "Private" set to "true".
             The ImageRuntimeVersion for this reference is "".
         Primary reference "System.Security.SecureString, Version=8.0.0.0, Culture=neutral, PublicKeyToken=b03f5f7f11d50a3a".
             Resolved file path is "/usr/share/dotnet/packs/Microsoft.NETCore.App.Ref/8.0.20/ref/net8.0/System.Security.SecureString.dll".
             Reference found at search path location "{RawFileName}".
             This reference is not "CopyLocal" because at least one source item had "Private" set to "false" and no source items had "Private" set to "true".
             The ImageRuntimeVersion for this reference is "".
         Primary reference "System.Security, Version=4.0.0.0, Culture=neutral, PublicKeyToken=b03f5f7f11d50a3a".
             Resolved file path is "/usr/share/dotnet/packs/Microsoft.NETCore.App.Ref/8.0.20/ref/net8.0/System.Security.dll".
             Reference found at search path location "{RawFileName}".
             This reference is not "CopyLocal" because at least one source item had "Private" set to "false" and no source items had "Private" set to "true".
             The ImageRuntimeVersion for this reference is "".
         Primary reference "System.ServiceModel.Web, Version=4.0.0.0, Culture=neutral, PublicKeyToken=31bf3856ad364e35".
             Resolved file path is "/usr/share/dotnet/packs/Microsoft.NETCore.App.Ref/8.0.20/ref/net8.0/System.ServiceModel.Web.dll".
             Reference found at search path location "{RawFileName}".
             This reference is not "CopyLocal" because at least one source item had "Private" set to "false" and no source items had "Private" set to "true".
             The ImageRuntimeVersion for this reference is "".
         Primary reference "System.ServiceProcess, Version=4.0.0.0, Culture=neutral, PublicKeyToken=b03f5f7f11d50a3a".
             Resolved file path is "/usr/share/dotnet/packs/Microsoft.NETCore.App.Ref/8.0.20/ref/net8.0/System.ServiceProcess.dll".
             Reference found at search path location "{RawFileName}".
             This reference is not "CopyLocal" because at least one source item had "Private" set to "false" and no source items had "Private" set to "true".
             The ImageRuntimeVersion for this reference is "".
         Primary reference "System.Text.Encoding.CodePages, Version=8.0.0.0, Culture=neutral, PublicKeyToken=b03f5f7f11d50a3a".
             Resolved file path is "/usr/share/dotnet/packs/Microsoft.NETCore.App.Ref/8.0.20/ref/net8.0/System.Text.Encoding.CodePages.dll".
             Reference found at search path location "{RawFileName}".
             This reference is not "CopyLocal" because at least one source item had "Private" set to "false" and no source items had "Private" set to "true".
             The ImageRuntimeVersion for this reference is "".
         Primary reference "System.Text.Encoding.Extensions, Version=8.0.0.0, Culture=neutral, PublicKeyToken=b03f5f7f11d50a3a".
             Resolved file path is "/usr/share/dotnet/packs/Microsoft.NETCore.App.Ref/8.0.20/ref/net8.0/System.Text.Encoding.Extensions.dll".
             Reference found at search path location "{RawFileName}".
             This reference is not "CopyLocal" because at least one source item had "Private" set to "false" and no source items had "Private" set to "true".
             The ImageRuntimeVersion for this reference is "".
         Primary reference "System.Text.Encoding, Version=8.0.0.0, Culture=neutral, PublicKeyToken=b03f5f7f11d50a3a".
             Resolved file path is "/usr/share/dotnet/packs/Microsoft.NETCore.App.Ref/8.0.20/ref/net8.0/System.Text.Encoding.dll".
             Reference found at search path location "{RawFileName}".
             This reference is not "CopyLocal" because at least one source item had "Private" set to "false" and no source items had "Private" set to "true".
             The ImageRuntimeVersion for this reference is "".
         Primary reference "System.Text.Encodings.Web, Version=8.0.0.0, Culture=neutral, PublicKeyToken=cc7b13ffcd2ddd51".
             Resolved file path is "/usr/share/dotnet/packs/Microsoft.NETCore.App.Ref/8.0.20/ref/net8.0/System.Text.Encodings.Web.dll".
             Reference found at search path location "{RawFileName}".
             This reference is not "CopyLocal" because at least one source item had "Private" set to "false" and no source items had "Private" set to "true".
             The ImageRuntimeVersion for this reference is "".
         Primary reference "System.Text.Json, Version=8.0.0.0, Culture=neutral, PublicKeyToken=cc7b13ffcd2ddd51".
             Resolved file path is "/usr/share/dotnet/packs/Microsoft.NETCore.App.Ref/8.0.20/ref/net8.0/System.Text.Json.dll".
             Reference found at search path location "{RawFileName}".
             This reference is not "CopyLocal" because at least one source item had "Private" set to "false" and no source items had "Private" set to "true".
             The ImageRuntimeVersion for this reference is "".
         Primary reference "System.Text.RegularExpressions, Version=8.0.0.0, Culture=neutral, PublicKeyToken=b03f5f7f11d50a3a".
             Resolved file path is "/usr/share/dotnet/packs/Microsoft.NETCore.App.Ref/8.0.20/ref/net8.0/System.Text.RegularExpressions.dll".
             Reference found at search path location "{RawFileName}".
             This reference is not "CopyLocal" because at least one source item had "Private" set to "false" and no source items had "Private" set to "true".
             The ImageRuntimeVersion for this reference is "".
         Primary reference "System.Threading.Channels, Version=8.0.0.0, Culture=neutral, PublicKeyToken=cc7b13ffcd2ddd51".
             Resolved file path is "/usr/share/dotnet/packs/Microsoft.NETCore.App.Ref/8.0.20/ref/net8.0/System.Threading.Channels.dll".
             Reference found at search path location "{RawFileName}".
             This reference is not "CopyLocal" because at least one source item had "Private" set to "false" and no source items had "Private" set to "true".
             The ImageRuntimeVersion for this reference is "".
         Primary reference "System.Threading.Overlapped, Version=8.0.0.0, Culture=neutral, PublicKeyToken=b03f5f7f11d50a3a".
             Resolved file path is "/usr/share/dotnet/packs/Microsoft.NETCore.App.Ref/8.0.20/ref/net8.0/System.Threading.Overlapped.dll".
             Reference found at search path location "{RawFileName}".
             This reference is not "CopyLocal" because at least one source item had "Private" set to "false" and no source items had "Private" set to "true".
             The ImageRuntimeVersion for this reference is "".
         Primary reference "System.Threading.Tasks.Dataflow, Version=8.0.0.0, Culture=neutral, PublicKeyToken=b03f5f7f11d50a3a".
             Resolved file path is "/usr/share/dotnet/packs/Microsoft.NETCore.App.Ref/8.0.20/ref/net8.0/System.Threading.Tasks.Dataflow.dll".
             Reference found at search path location "{RawFileName}".
             This reference is not "CopyLocal" because at least one source item had "Private" set to "false" and no source items had "Private" set to "true".
             The ImageRuntimeVersion for this reference is "".
         Primary reference "System.Threading.Tasks.Extensions, Version=8.0.0.0, Culture=neutral, PublicKeyToken=cc7b13ffcd2ddd51".
             Resolved file path is "/usr/share/dotnet/packs/Microsoft.NETCore.App.Ref/8.0.20/ref/net8.0/System.Threading.Tasks.Extensions.dll".
             Reference found at search path location "{RawFileName}".
             This reference is not "CopyLocal" because at least one source item had "Private" set to "false" and no source items had "Private" set to "true".
             The ImageRuntimeVersion for this reference is "".
         Primary reference "System.Threading.Tasks.Parallel, Version=8.0.0.0, Culture=neutral, PublicKeyToken=b03f5f7f11d50a3a".
             Resolved file path is "/usr/share/dotnet/packs/Microsoft.NETCore.App.Ref/8.0.20/ref/net8.0/System.Threading.Tasks.Parallel.dll".
             Reference found at search path location "{RawFileName}".
             This reference is not "CopyLocal" because at least one source item had "Private" set to "false" and no source items had "Private" set to "true".
             The ImageRuntimeVersion for this reference is "".
         Primary reference "System.Threading.Tasks, Version=8.0.0.0, Culture=neutral, PublicKeyToken=b03f5f7f11d50a3a".
             Resolved file path is "/usr/share/dotnet/packs/Microsoft.NETCore.App.Ref/8.0.20/ref/net8.0/System.Threading.Tasks.dll".
             Reference found at search path location "{RawFileName}".
             This reference is not "CopyLocal" because at least one source item had "Private" set to "false" and no source items had "Private" set to "true".
             The ImageRuntimeVersion for this reference is "".
         Primary reference "System.Threading.Thread, Version=8.0.0.0, Culture=neutral, PublicKeyToken=b03f5f7f11d50a3a".
             Resolved file path is "/usr/share/dotnet/packs/Microsoft.NETCore.App.Ref/8.0.20/ref/net8.0/System.Threading.Thread.dll".
             Reference found at search path location "{RawFileName}".
             This reference is not "CopyLocal" because at least one source item had "Private" set to "false" and no source items had "Private" set to "true".
             The ImageRuntimeVersion for this reference is "".
         Primary reference "System.Threading.ThreadPool, Version=8.0.0.0, Culture=neutral, PublicKeyToken=b03f5f7f11d50a3a".
             Resolved file path is "/usr/share/dotnet/packs/Microsoft.NETCore.App.Ref/8.0.20/ref/net8.0/System.Threading.ThreadPool.dll".
             Reference found at search path location "{RawFileName}".
             This reference is not "CopyLocal" because at least one source item had "Private" set to "false" and no source items had "Private" set to "true".
             The ImageRuntimeVersion for this reference is "".
         Primary reference "System.Threading.Timer, Version=8.0.0.0, Culture=neutral, PublicKeyToken=b03f5f7f11d50a3a".
             Resolved file path is "/usr/share/dotnet/packs/Microsoft.NETCore.App.Ref/8.0.20/ref/net8.0/System.Threading.Timer.dll".
             Reference found at search path location "{RawFileName}".
             This reference is not "CopyLocal" because at least one source item had "Private" set to "false" and no source items had "Private" set to "true".
             The ImageRuntimeVersion for this reference is "".
         Primary reference "System.Threading, Version=8.0.0.0, Culture=neutral, PublicKeyToken=b03f5f7f11d50a3a".
             Resolved file path is "/usr/share/dotnet/packs/Microsoft.NETCore.App.Ref/8.0.20/ref/net8.0/System.Threading.dll".
             Reference found at search path location "{RawFileName}".
             This reference is not "CopyLocal" because at least one source item had "Private" set to "false" and no source items had "Private" set to "true".
             The ImageRuntimeVersion for this reference is "".
         Primary reference "System.Transactions.Local, Version=8.0.0.0, Culture=neutral, PublicKeyToken=cc7b13ffcd2ddd51".
             Resolved file path is "/usr/share/dotnet/packs/Microsoft.NETCore.App.Ref/8.0.20/ref/net8.0/System.Transactions.Local.dll".
             Reference found at search path location "{RawFileName}".
             This reference is not "CopyLocal" because at least one source item had "Private" set to "false" and no source items had "Private" set to "true".
             The ImageRuntimeVersion for this reference is "".
         Primary reference "System.Transactions, Version=4.0.0.0, Culture=neutral, PublicKeyToken=b77a5c561934e089".
             Resolved file path is "/usr/share/dotnet/packs/Microsoft.NETCore.App.Ref/8.0.20/ref/net8.0/System.Transactions.dll".
             Reference found at search path location "{RawFileName}".
             This reference is not "CopyLocal" because at least one source item had "Private" set to "false" and no source items had "Private" set to "true".
             The ImageRuntimeVersion for this reference is "".
         Primary reference "System.ValueTuple, Version=8.0.0.0, Culture=neutral, PublicKeyToken=cc7b13ffcd2ddd51".
             Resolved file path is "/usr/share/dotnet/packs/Microsoft.NETCore.App.Ref/8.0.20/ref/net8.0/System.ValueTuple.dll".
             Reference found at search path location "{RawFileName}".
             This reference is not "CopyLocal" because at least one source item had "Private" set to "false" and no source items had "Private" set to "true".
             The ImageRuntimeVersion for this reference is "".
         Primary reference "System.Web.HttpUtility, Version=8.0.0.0, Culture=neutral, PublicKeyToken=cc7b13ffcd2ddd51".
             Resolved file path is "/usr/share/dotnet/packs/Microsoft.NETCore.App.Ref/8.0.20/ref/net8.0/System.Web.HttpUtility.dll".
             Reference found at search path location "{RawFileName}".
             This reference is not "CopyLocal" because at least one source item had "Private" set to "false" and no source items had "Private" set to "true".
             The ImageRuntimeVersion for this reference is "".
         Primary reference "System.Web, Version=4.0.0.0, Culture=neutral, PublicKeyToken=b03f5f7f11d50a3a".
             Resolved file path is "/usr/share/dotnet/packs/Microsoft.NETCore.App.Ref/8.0.20/ref/net8.0/System.Web.dll".
             Reference found at search path location "{RawFileName}".
             This reference is not "CopyLocal" because at least one source item had "Private" set to "false" and no source items had "Private" set to "true".
             The ImageRuntimeVersion for this reference is "".
         Primary reference "System.Windows, Version=4.0.0.0, Culture=neutral, PublicKeyToken=b03f5f7f11d50a3a".
             Resolved file path is "/usr/share/dotnet/packs/Microsoft.NETCore.App.Ref/8.0.20/ref/net8.0/System.Windows.dll".
             Reference found at search path location "{RawFileName}".
             This reference is not "CopyLocal" because at least one source item had "Private" set to "false" and no source items had "Private" set to "true".
             The ImageRuntimeVersion for this reference is "".
         Primary reference "System.Xml.Linq, Version=4.0.0.0, Culture=neutral, PublicKeyToken=b77a5c561934e089".
             Resolved file path is "/usr/share/dotnet/packs/Microsoft.NETCore.App.Ref/8.0.20/ref/net8.0/System.Xml.Linq.dll".
             Reference found at search path location "{RawFileName}".
             This reference is not "CopyLocal" because at least one source item had "Private" set to "false" and no source items had "Private" set to "true".
             The ImageRuntimeVersion for this reference is "".
         Primary reference "System.Xml.ReaderWriter, Version=8.0.0.0, Culture=neutral, PublicKeyToken=b03f5f7f11d50a3a".
             Resolved file path is "/usr/share/dotnet/packs/Microsoft.NETCore.App.Ref/8.0.20/ref/net8.0/System.Xml.ReaderWriter.dll".
             Reference found at search path location "{RawFileName}".
             This reference is not "CopyLocal" because at least one source item had "Private" set to "false" and no source items had "Private" set to "true".
             The ImageRuntimeVersion for this reference is "".
         Primary reference "System.Xml.Serialization, Version=4.0.0.0, Culture=neutral, PublicKeyToken=b77a5c561934e089".
             Resolved file path is "/usr/share/dotnet/packs/Microsoft.NETCore.App.Ref/8.0.20/ref/net8.0/System.Xml.Serialization.dll".
             Reference found at search path location "{RawFileName}".
             This reference is not "CopyLocal" because at least one source item had "Private" set to "false" and no source items had "Private" set to "true".
             The ImageRuntimeVersion for this reference is "".
         Primary reference "System.Xml.XDocument, Version=8.0.0.0, Culture=neutral, PublicKeyToken=b03f5f7f11d50a3a".
             Resolved file path is "/usr/share/dotnet/packs/Microsoft.NETCore.App.Ref/8.0.20/ref/net8.0/System.Xml.XDocument.dll".
             Reference found at search path location "{RawFileName}".
             This reference is not "CopyLocal" because at least one source item had "Private" set to "false" and no source items had "Private" set to "true".
             The ImageRuntimeVersion for this reference is "".
         Primary reference "System.Xml.XPath.XDocument, Version=8.0.0.0, Culture=neutral, PublicKeyToken=b03f5f7f11d50a3a".
             Resolved file path is "/usr/share/dotnet/packs/Microsoft.NETCore.App.Ref/8.0.20/ref/net8.0/System.Xml.XPath.XDocument.dll".
             Reference found at search path location "{RawFileName}".
             This reference is not "CopyLocal" because at least one source item had "Private" set to "false" and no source items had "Private" set to "true".
             The ImageRuntimeVersion for this reference is "".
         Primary reference "System.Xml.XPath, Version=8.0.0.0, Culture=neutral, PublicKeyToken=b03f5f7f11d50a3a".
             Resolved file path is "/usr/share/dotnet/packs/Microsoft.NETCore.App.Ref/8.0.20/ref/net8.0/System.Xml.XPath.dll".
             Reference found at search path location "{RawFileName}".
             This reference is not "CopyLocal" because at least one source item had "Private" set to "false" and no source items had "Private" set to "true".
             The ImageRuntimeVersion for this reference is "".
         Primary reference "System.Xml.XmlDocument, Version=8.0.0.0, Culture=neutral, PublicKeyToken=b03f5f7f11d50a3a".
             Resolved file path is "/usr/share/dotnet/packs/Microsoft.NETCore.App.Ref/8.0.20/ref/net8.0/System.Xml.XmlDocument.dll".
             Reference found at search path location "{RawFileName}".
             This reference is not "CopyLocal" because at least one source item had "Private" set to "false" and no source items had "Private" set to "true".
             The ImageRuntimeVersion for this reference is "".
         Primary reference "System.Xml.XmlSerializer, Version=8.0.0.0, Culture=neutral, PublicKeyToken=b03f5f7f11d50a3a".
             Resolved file path is "/usr/share/dotnet/packs/Microsoft.NETCore.App.Ref/8.0.20/ref/net8.0/System.Xml.XmlSerializer.dll".
             Reference found at search path location "{RawFileName}".
             This reference is not "CopyLocal" because at least one source item had "Private" set to "false" and no source items had "Private" set to "true".
             The ImageRuntimeVersion for this reference is "".
         Primary reference "System.Xml, Version=4.0.0.0, Culture=neutral, PublicKeyToken=b77a5c561934e089".
             Resolved file path is "/usr/share/dotnet/packs/Microsoft.NETCore.App.Ref/8.0.20/ref/net8.0/System.Xml.dll".
             Reference found at search path location "{RawFileName}".
             This reference is not "CopyLocal" because at least one source item had "Private" set to "false" and no source items had "Private" set to "true".
             The ImageRuntimeVersion for this reference is "".
         Primary reference "System, Version=4.0.0.0, Culture=neutral, PublicKeyToken=b77a5c561934e089".
             Resolved file path is "/usr/share/dotnet/packs/Microsoft.NETCore.App.Ref/8.0.20/ref/net8.0/System.dll".
             Reference found at search path location "{RawFileName}".
             This reference is not "CopyLocal" because at least one source item had "Private" set to "false" and no source items had "Private" set to "true".
             The ImageRuntimeVersion for this reference is "".
         Primary reference "WindowsBase, Version=4.0.0.0, Culture=neutral, PublicKeyToken=31bf3856ad364e35".
             Resolved file path is "/usr/share/dotnet/packs/Microsoft.NETCore.App.Ref/8.0.20/ref/net8.0/WindowsBase.dll".
             Reference found at search path location "{RawFileName}".
             This reference is not "CopyLocal" because at least one source item had "Private" set to "false" and no source items had "Private" set to "true".
             The ImageRuntimeVersion for this reference is "".
         Primary reference "mscorlib, Version=4.0.0.0, Culture=neutral, PublicKeyToken=b77a5c561934e089".
             Resolved file path is "/usr/share/dotnet/packs/Microsoft.NETCore.App.Ref/8.0.20/ref/net8.0/mscorlib.dll".
             Reference found at search path location "{RawFileName}".
             This reference is not "CopyLocal" because at least one source item had "Private" set to "false" and no source items had "Private" set to "true".
             The ImageRuntimeVersion for this reference is "".
         Primary reference "netstandard, Version=2.1.0.0, Culture=neutral, PublicKeyToken=cc7b13ffcd2ddd51".
             Resolved file path is "/usr/share/dotnet/packs/Microsoft.NETCore.App.Ref/8.0.20/ref/net8.0/netstandard.dll".
             Reference found at search path location "{RawFileName}".
             This reference is not "CopyLocal" because at least one source item had "Private" set to "false" and no source items had "Private" set to "true".
             The ImageRuntimeVersion for this reference is "".
         Primary reference "Microsoft.AspNetCore.Antiforgery, Version=8.0.0.0, Culture=neutral, PublicKeyToken=adb9793829ddae60".
             Resolved file path is "/home/mostafa/.nuget/packages/microsoft.aspnetcore.app.ref/8.0.20/ref/net8.0/Microsoft.AspNetCore.Antiforgery.dll".
             Reference found at search path location "{RawFileName}".
             This reference is not "CopyLocal" because at least one source item had "Private" set to "false" and no source items had "Private" set to "true".
             The ImageRuntimeVersion for this reference is "".
         Primary reference "Microsoft.AspNetCore.Authentication.Abstractions, Version=8.0.0.0, Culture=neutral, PublicKeyToken=adb9793829ddae60".
             Resolved file path is "/home/mostafa/.nuget/packages/microsoft.aspnetcore.app.ref/8.0.20/ref/net8.0/Microsoft.AspNetCore.Authentication.Abstractions.dll".
             Reference found at search path location "{RawFileName}".
             This reference is not "CopyLocal" because at least one source item had "Private" set to "false" and no source items had "Private" set to "true".
             The ImageRuntimeVersion for this reference is "".
         Primary reference "Microsoft.AspNetCore.Authentication.BearerToken, Version=8.0.0.0, Culture=neutral, PublicKeyToken=adb9793829ddae60".
             Resolved file path is "/home/mostafa/.nuget/packages/microsoft.aspnetcore.app.ref/8.0.20/ref/net8.0/Microsoft.AspNetCore.Authentication.BearerToken.dll".
             Reference found at search path location "{RawFileName}".
             This reference is not "CopyLocal" because at least one source item had "Private" set to "false" and no source items had "Private" set to "true".
             The ImageRuntimeVersion for this reference is "".
         Primary reference "Microsoft.AspNetCore.Authentication.Cookies, Version=8.0.0.0, Culture=neutral, PublicKeyToken=adb9793829ddae60".
             Resolved file path is "/home/mostafa/.nuget/packages/microsoft.aspnetcore.app.ref/8.0.20/ref/net8.0/Microsoft.AspNetCore.Authentication.Cookies.dll".
             Reference found at search path location "{RawFileName}".
             This reference is not "CopyLocal" because at least one source item had "Private" set to "false" and no source items had "Private" set to "true".
             The ImageRuntimeVersion for this reference is "".
         Primary reference "Microsoft.AspNetCore.Authentication.Core, Version=8.0.0.0, Culture=neutral, PublicKeyToken=adb9793829ddae60".
             Resolved file path is "/home/mostafa/.nuget/packages/microsoft.aspnetcore.app.ref/8.0.20/ref/net8.0/Microsoft.AspNetCore.Authentication.Core.dll".
             Reference found at search path location "{RawFileName}".
             This reference is not "CopyLocal" because at least one source item had "Private" set to "false" and no source items had "Private" set to "true".
             The ImageRuntimeVersion for this reference is "".
         Primary reference "Microsoft.AspNetCore.Authentication.OAuth, Version=8.0.0.0, Culture=neutral, PublicKeyToken=adb9793829ddae60".
             Resolved file path is "/home/mostafa/.nuget/packages/microsoft.aspnetcore.app.ref/8.0.20/ref/net8.0/Microsoft.AspNetCore.Authentication.OAuth.dll".
             Reference found at search path location "{RawFileName}".
             This reference is not "CopyLocal" because at least one source item had "Private" set to "false" and no source items had "Private" set to "true".
             The ImageRuntimeVersion for this reference is "".
         Primary reference "Microsoft.AspNetCore.Authentication, Version=8.0.0.0, Culture=neutral, PublicKeyToken=adb9793829ddae60".
             Resolved file path is "/home/mostafa/.nuget/packages/microsoft.aspnetcore.app.ref/8.0.20/ref/net8.0/Microsoft.AspNetCore.Authentication.dll".
             Reference found at search path location "{RawFileName}".
             This reference is not "CopyLocal" because at least one source item had "Private" set to "false" and no source items had "Private" set to "true".
             The ImageRuntimeVersion for this reference is "".
         Primary reference "Microsoft.AspNetCore.Authorization.Policy, Version=8.0.0.0, Culture=neutral, PublicKeyToken=adb9793829ddae60".
             Resolved file path is "/home/mostafa/.nuget/packages/microsoft.aspnetcore.app.ref/8.0.20/ref/net8.0/Microsoft.AspNetCore.Authorization.Policy.dll".
             Reference found at search path location "{RawFileName}".
             This reference is not "CopyLocal" because at least one source item had "Private" set to "false" and no source items had "Private" set to "true".
             The ImageRuntimeVersion for this reference is "".
         Primary reference "Microsoft.AspNetCore.Authorization, Version=8.0.0.0, Culture=neutral, PublicKeyToken=adb9793829ddae60".
             Resolved file path is "/home/mostafa/.nuget/packages/microsoft.aspnetcore.app.ref/8.0.20/ref/net8.0/Microsoft.AspNetCore.Authorization.dll".
             Reference found at search path location "{RawFileName}".
             This reference is not "CopyLocal" because at least one source item had "Private" set to "false" and no source items had "Private" set to "true".
             The ImageRuntimeVersion for this reference is "".
         Primary reference "Microsoft.AspNetCore.Components.Authorization, Version=8.0.0.0, Culture=neutral, PublicKeyToken=adb9793829ddae60".
             Resolved file path is "/home/mostafa/.nuget/packages/microsoft.aspnetcore.app.ref/8.0.20/ref/net8.0/Microsoft.AspNetCore.Components.Authorization.dll".
             Reference found at search path location "{RawFileName}".
             This reference is not "CopyLocal" because at least one source item had "Private" set to "false" and no source items had "Private" set to "true".
             The ImageRuntimeVersion for this reference is "".
         Primary reference "Microsoft.AspNetCore.Components.Endpoints, Version=8.0.0.0, Culture=neutral, PublicKeyToken=adb9793829ddae60".
             Resolved file path is "/home/mostafa/.nuget/packages/microsoft.aspnetcore.app.ref/8.0.20/ref/net8.0/Microsoft.AspNetCore.Components.Endpoints.dll".
             Reference found at search path location "{RawFileName}".
             This reference is not "CopyLocal" because at least one source item had "Private" set to "false" and no source items had "Private" set to "true".
             The ImageRuntimeVersion for this reference is "".
         Primary reference "Microsoft.AspNetCore.Components.Forms, Version=8.0.0.0, Culture=neutral, PublicKeyToken=adb9793829ddae60".
             Resolved file path is "/home/mostafa/.nuget/packages/microsoft.aspnetcore.app.ref/8.0.20/ref/net8.0/Microsoft.AspNetCore.Components.Forms.dll".
             Reference found at search path location "{RawFileName}".
             This reference is not "CopyLocal" because at least one source item had "Private" set to "false" and no source items had "Private" set to "true".
             The ImageRuntimeVersion for this reference is "".
         Primary reference "Microsoft.AspNetCore.Components.Server, Version=8.0.0.0, Culture=neutral, PublicKeyToken=adb9793829ddae60".
             Resolved file path is "/home/mostafa/.nuget/packages/microsoft.aspnetcore.app.ref/8.0.20/ref/net8.0/Microsoft.AspNetCore.Components.Server.dll".
             Reference found at search path location "{RawFileName}".
             This reference is not "CopyLocal" because at least one source item had "Private" set to "false" and no source items had "Private" set to "true".
             The ImageRuntimeVersion for this reference is "".
         Primary reference "Microsoft.AspNetCore.Components.Web, Version=8.0.0.0, Culture=neutral, PublicKeyToken=adb9793829ddae60".
             Resolved file path is "/home/mostafa/.nuget/packages/microsoft.aspnetcore.app.ref/8.0.20/ref/net8.0/Microsoft.AspNetCore.Components.Web.dll".
             Reference found at search path location "{RawFileName}".
             This reference is not "CopyLocal" because at least one source item had "Private" set to "false" and no source items had "Private" set to "true".
             The ImageRuntimeVersion for this reference is "".
         Primary reference "Microsoft.AspNetCore.Components, Version=8.0.0.0, Culture=neutral, PublicKeyToken=adb9793829ddae60".
             Resolved file path is "/home/mostafa/.nuget/packages/microsoft.aspnetcore.app.ref/8.0.20/ref/net8.0/Microsoft.AspNetCore.Components.dll".
             Reference found at search path location "{RawFileName}".
             This reference is not "CopyLocal" because at least one source item had "Private" set to "false" and no source items had "Private" set to "true".
             The ImageRuntimeVersion for this reference is "".
         Primary reference "Microsoft.AspNetCore.Connections.Abstractions, Version=8.0.0.0, Culture=neutral, PublicKeyToken=adb9793829ddae60".
             Resolved file path is "/home/mostafa/.nuget/packages/microsoft.aspnetcore.app.ref/8.0.20/ref/net8.0/Microsoft.AspNetCore.Connections.Abstractions.dll".
             Reference found at search path location "{RawFileName}".
             This reference is not "CopyLocal" because at least one source item had "Private" set to "false" and no source items had "Private" set to "true".
             The ImageRuntimeVersion for this reference is "".
         Primary reference "Microsoft.AspNetCore.CookiePolicy, Version=8.0.0.0, Culture=neutral, PublicKeyToken=adb9793829ddae60".
             Resolved file path is "/home/mostafa/.nuget/packages/microsoft.aspnetcore.app.ref/8.0.20/ref/net8.0/Microsoft.AspNetCore.CookiePolicy.dll".
             Reference found at search path location "{RawFileName}".
             This reference is not "CopyLocal" because at least one source item had "Private" set to "false" and no source items had "Private" set to "true".
             The ImageRuntimeVersion for this reference is "".
         Primary reference "Microsoft.AspNetCore.Cors, Version=8.0.0.0, Culture=neutral, PublicKeyToken=adb9793829ddae60".
             Resolved file path is "/home/mostafa/.nuget/packages/microsoft.aspnetcore.app.ref/8.0.20/ref/net8.0/Microsoft.AspNetCore.Cors.dll".
             Reference found at search path location "{RawFileName}".
             This reference is not "CopyLocal" because at least one source item had "Private" set to "false" and no source items had "Private" set to "true".
             The ImageRuntimeVersion for this reference is "".
         Primary reference "Microsoft.AspNetCore.Cryptography.Internal, Version=8.0.0.0, Culture=neutral, PublicKeyToken=adb9793829ddae60".
             Resolved file path is "/home/mostafa/.nuget/packages/microsoft.aspnetcore.app.ref/8.0.20/ref/net8.0/Microsoft.AspNetCore.Cryptography.Internal.dll".
             Reference found at search path location "{RawFileName}".
             This reference is not "CopyLocal" because at least one source item had "Private" set to "false" and no source items had "Private" set to "true".
             The ImageRuntimeVersion for this reference is "".
         Primary reference "Microsoft.AspNetCore.Cryptography.KeyDerivation, Version=8.0.0.0, Culture=neutral, PublicKeyToken=adb9793829ddae60".
             Resolved file path is "/home/mostafa/.nuget/packages/microsoft.aspnetcore.app.ref/8.0.20/ref/net8.0/Microsoft.AspNetCore.Cryptography.KeyDerivation.dll".
             Reference found at search path location "{RawFileName}".
             This reference is not "CopyLocal" because at least one source item had "Private" set to "false" and no source items had "Private" set to "true".
             The ImageRuntimeVersion for this reference is "".
         Primary reference "Microsoft.AspNetCore.DataProtection.Abstractions, Version=8.0.0.0, Culture=neutral, PublicKeyToken=adb9793829ddae60".
             Resolved file path is "/home/mostafa/.nuget/packages/microsoft.aspnetcore.app.ref/8.0.20/ref/net8.0/Microsoft.AspNetCore.DataProtection.Abstractions.dll".
             Reference found at search path location "{RawFileName}".
             This reference is not "CopyLocal" because at least one source item had "Private" set to "false" and no source items had "Private" set to "true".
             The ImageRuntimeVersion for this reference is "".
         Primary reference "Microsoft.AspNetCore.DataProtection.Extensions, Version=8.0.0.0, Culture=neutral, PublicKeyToken=adb9793829ddae60".
             Resolved file path is "/home/mostafa/.nuget/packages/microsoft.aspnetcore.app.ref/8.0.20/ref/net8.0/Microsoft.AspNetCore.DataProtection.Extensions.dll".
             Reference found at search path location "{RawFileName}".
             This reference is not "CopyLocal" because at least one source item had "Private" set to "false" and no source items had "Private" set to "true".
             The ImageRuntimeVersion for this reference is "".
         Primary reference "Microsoft.AspNetCore.DataProtection, Version=8.0.0.0, Culture=neutral, PublicKeyToken=adb9793829ddae60".
             Resolved file path is "/home/mostafa/.nuget/packages/microsoft.aspnetcore.app.ref/8.0.20/ref/net8.0/Microsoft.AspNetCore.DataProtection.dll".
             Reference found at search path location "{RawFileName}".
             This reference is not "CopyLocal" because at least one source item had "Private" set to "false" and no source items had "Private" set to "true".
             The ImageRuntimeVersion for this reference is "".
         Primary reference "Microsoft.AspNetCore.Diagnostics.Abstractions, Version=8.0.0.0, Culture=neutral, PublicKeyToken=adb9793829ddae60".
             Resolved file path is "/home/mostafa/.nuget/packages/microsoft.aspnetcore.app.ref/8.0.20/ref/net8.0/Microsoft.AspNetCore.Diagnostics.Abstractions.dll".
             Reference found at search path location "{RawFileName}".
             This reference is not "CopyLocal" because at least one source item had "Private" set to "false" and no source items had "Private" set to "true".
             The ImageRuntimeVersion for this reference is "".
         Primary reference "Microsoft.AspNetCore.Diagnostics.HealthChecks, Version=8.0.0.0, Culture=neutral, PublicKeyToken=adb9793829ddae60".
             Resolved file path is "/home/mostafa/.nuget/packages/microsoft.aspnetcore.app.ref/8.0.20/ref/net8.0/Microsoft.AspNetCore.Diagnostics.HealthChecks.dll".
             Reference found at search path location "{RawFileName}".
             This reference is not "CopyLocal" because at least one source item had "Private" set to "false" and no source items had "Private" set to "true".
             The ImageRuntimeVersion for this reference is "".
         Primary reference "Microsoft.AspNetCore.Diagnostics, Version=8.0.0.0, Culture=neutral, PublicKeyToken=adb9793829ddae60".
             Resolved file path is "/home/mostafa/.nuget/packages/microsoft.aspnetcore.app.ref/8.0.20/ref/net8.0/Microsoft.AspNetCore.Diagnostics.dll".
             Reference found at search path location "{RawFileName}".
             This reference is not "CopyLocal" because at least one source item had "Private" set to "false" and no source items had "Private" set to "true".
             The ImageRuntimeVersion for this reference is "".
         Primary reference "Microsoft.AspNetCore.HostFiltering, Version=8.0.0.0, Culture=neutral, PublicKeyToken=adb9793829ddae60".
             Resolved file path is "/home/mostafa/.nuget/packages/microsoft.aspnetcore.app.ref/8.0.20/ref/net8.0/Microsoft.AspNetCore.HostFiltering.dll".
             Reference found at search path location "{RawFileName}".
             This reference is not "CopyLocal" because at least one source item had "Private" set to "false" and no source items had "Private" set to "true".
             The ImageRuntimeVersion for this reference is "".
         Primary reference "Microsoft.AspNetCore.Hosting.Abstractions, Version=8.0.0.0, Culture=neutral, PublicKeyToken=adb9793829ddae60".
             Resolved file path is "/home/mostafa/.nuget/packages/microsoft.aspnetcore.app.ref/8.0.20/ref/net8.0/Microsoft.AspNetCore.Hosting.Abstractions.dll".
             Reference found at search path location "{RawFileName}".
             This reference is not "CopyLocal" because at least one source item had "Private" set to "false" and no source items had "Private" set to "true".
             The ImageRuntimeVersion for this reference is "".
         Primary reference "Microsoft.AspNetCore.Hosting.Server.Abstractions, Version=8.0.0.0, Culture=neutral, PublicKeyToken=adb9793829ddae60".
             Resolved file path is "/home/mostafa/.nuget/packages/microsoft.aspnetcore.app.ref/8.0.20/ref/net8.0/Microsoft.AspNetCore.Hosting.Server.Abstractions.dll".
             Reference found at search path location "{RawFileName}".
             This reference is not "CopyLocal" because at least one source item had "Private" set to "false" and no source items had "Private" set to "true".
             The ImageRuntimeVersion for this reference is "".
         Primary reference "Microsoft.AspNetCore.Hosting, Version=8.0.0.0, Culture=neutral, PublicKeyToken=adb9793829ddae60".
             Resolved file path is "/home/mostafa/.nuget/packages/microsoft.aspnetcore.app.ref/8.0.20/ref/net8.0/Microsoft.AspNetCore.Hosting.dll".
             Reference found at search path location "{RawFileName}".
             This reference is not "CopyLocal" because at least one source item had "Private" set to "false" and no source items had "Private" set to "true".
             The ImageRuntimeVersion for this reference is "".
         Primary reference "Microsoft.AspNetCore.Html.Abstractions, Version=8.0.0.0, Culture=neutral, PublicKeyToken=adb9793829ddae60".
             Resolved file path is "/home/mostafa/.nuget/packages/microsoft.aspnetcore.app.ref/8.0.20/ref/net8.0/Microsoft.AspNetCore.Html.Abstractions.dll".
             Reference found at search path location "{RawFileName}".
             This reference is not "CopyLocal" because at least one source item had "Private" set to "false" and no source items had "Private" set to "true".
             The ImageRuntimeVersion for this reference is "".
         Primary reference "Microsoft.AspNetCore.Http.Abstractions, Version=8.0.0.0, Culture=neutral, PublicKeyToken=adb9793829ddae60".
             Resolved file path is "/home/mostafa/.nuget/packages/microsoft.aspnetcore.app.ref/8.0.20/ref/net8.0/Microsoft.AspNetCore.Http.Abstractions.dll".
             Reference found at search path location "{RawFileName}".
             This reference is not "CopyLocal" because at least one source item had "Private" set to "false" and no source items had "Private" set to "true".
             The ImageRuntimeVersion for this reference is "".
         Primary reference "Microsoft.AspNetCore.Http.Connections.Common, Version=8.0.0.0, Culture=neutral, PublicKeyToken=adb9793829ddae60".
             Resolved file path is "/home/mostafa/.nuget/packages/microsoft.aspnetcore.app.ref/8.0.20/ref/net8.0/Microsoft.AspNetCore.Http.Connections.Common.dll".
             Reference found at search path location "{RawFileName}".
             This reference is not "CopyLocal" because at least one source item had "Private" set to "false" and no source items had "Private" set to "true".
             The ImageRuntimeVersion for this reference is "".
         Primary reference "Microsoft.AspNetCore.Http.Connections, Version=8.0.0.0, Culture=neutral, PublicKeyToken=adb9793829ddae60".
             Resolved file path is "/home/mostafa/.nuget/packages/microsoft.aspnetcore.app.ref/8.0.20/ref/net8.0/Microsoft.AspNetCore.Http.Connections.dll".
             Reference found at search path location "{RawFileName}".
             This reference is not "CopyLocal" because at least one source item had "Private" set to "false" and no source items had "Private" set to "true".
             The ImageRuntimeVersion for this reference is "".
         Primary reference "Microsoft.AspNetCore.Http.Extensions, Version=8.0.0.0, Culture=neutral, PublicKeyToken=adb9793829ddae60".
             Resolved file path is "/home/mostafa/.nuget/packages/microsoft.aspnetcore.app.ref/8.0.20/ref/net8.0/Microsoft.AspNetCore.Http.Extensions.dll".
             Reference found at search path location "{RawFileName}".
             This reference is not "CopyLocal" because at least one source item had "Private" set to "false" and no source items had "Private" set to "true".
             The ImageRuntimeVersion for this reference is "".
         Primary reference "Microsoft.AspNetCore.Http.Features, Version=8.0.0.0, Culture=neutral, PublicKeyToken=adb9793829ddae60".
             Resolved file path is "/home/mostafa/.nuget/packages/microsoft.aspnetcore.app.ref/8.0.20/ref/net8.0/Microsoft.AspNetCore.Http.Features.dll".
             Reference found at search path location "{RawFileName}".
             This reference is not "CopyLocal" because at least one source item had "Private" set to "false" and no source items had "Private" set to "true".
             The ImageRuntimeVersion for this reference is "".
         Primary reference "Microsoft.AspNetCore.Http.Results, Version=8.0.0.0, Culture=neutral, PublicKeyToken=adb9793829ddae60".
             Resolved file path is "/home/mostafa/.nuget/packages/microsoft.aspnetcore.app.ref/8.0.20/ref/net8.0/Microsoft.AspNetCore.Http.Results.dll".
             Reference found at search path location "{RawFileName}".
             This reference is not "CopyLocal" because at least one source item had "Private" set to "false" and no source items had "Private" set to "true".
             The ImageRuntimeVersion for this reference is "".
         Primary reference "Microsoft.AspNetCore.Http, Version=8.0.0.0, Culture=neutral, PublicKeyToken=adb9793829ddae60".
             Resolved file path is "/home/mostafa/.nuget/packages/microsoft.aspnetcore.app.ref/8.0.20/ref/net8.0/Microsoft.AspNetCore.Http.dll".
             Reference found at search path location "{RawFileName}".
             This reference is not "CopyLocal" because at least one source item had "Private" set to "false" and no source items had "Private" set to "true".
             The ImageRuntimeVersion for this reference is "".
         Primary reference "Microsoft.AspNetCore.HttpLogging, Version=8.0.0.0, Culture=neutral, PublicKeyToken=adb9793829ddae60".
             Resolved file path is "/home/mostafa/.nuget/packages/microsoft.aspnetcore.app.ref/8.0.20/ref/net8.0/Microsoft.AspNetCore.HttpLogging.dll".
             Reference found at search path location "{RawFileName}".
             This reference is not "CopyLocal" because at least one source item had "Private" set to "false" and no source items had "Private" set to "true".
             The ImageRuntimeVersion for this reference is "".
         Primary reference "Microsoft.AspNetCore.HttpOverrides, Version=8.0.0.0, Culture=neutral, PublicKeyToken=adb9793829ddae60".
             Resolved file path is "/home/mostafa/.nuget/packages/microsoft.aspnetcore.app.ref/8.0.20/ref/net8.0/Microsoft.AspNetCore.HttpOverrides.dll".
             Reference found at search path location "{RawFileName}".
             This reference is not "CopyLocal" because at least one source item had "Private" set to "false" and no source items had "Private" set to "true".
             The ImageRuntimeVersion for this reference is "".
         Primary reference "Microsoft.AspNetCore.HttpsPolicy, Version=8.0.0.0, Culture=neutral, PublicKeyToken=adb9793829ddae60".
             Resolved file path is "/home/mostafa/.nuget/packages/microsoft.aspnetcore.app.ref/8.0.20/ref/net8.0/Microsoft.AspNetCore.HttpsPolicy.dll".
             Reference found at search path location "{RawFileName}".
             This reference is not "CopyLocal" because at least one source item had "Private" set to "false" and no source items had "Private" set to "true".
             The ImageRuntimeVersion for this reference is "".
         Primary reference "Microsoft.AspNetCore.Identity, Version=8.0.0.0, Culture=neutral, PublicKeyToken=adb9793829ddae60".
             Resolved file path is "/home/mostafa/.nuget/packages/microsoft.aspnetcore.app.ref/8.0.20/ref/net8.0/Microsoft.AspNetCore.Identity.dll".
             Reference found at search path location "{RawFileName}".
             This reference is not "CopyLocal" because at least one source item had "Private" set to "false" and no source items had "Private" set to "true".
             The ImageRuntimeVersion for this reference is "".
         Primary reference "Microsoft.AspNetCore.Localization.Routing, Version=8.0.0.0, Culture=neutral, PublicKeyToken=adb9793829ddae60".
             Resolved file path is "/home/mostafa/.nuget/packages/microsoft.aspnetcore.app.ref/8.0.20/ref/net8.0/Microsoft.AspNetCore.Localization.Routing.dll".
             Reference found at search path location "{RawFileName}".
             This reference is not "CopyLocal" because at least one source item had "Private" set to "false" and no source items had "Private" set to "true".
             The ImageRuntimeVersion for this reference is "".
         Primary reference "Microsoft.AspNetCore.Localization, Version=8.0.0.0, Culture=neutral, PublicKeyToken=adb9793829ddae60".
             Resolved file path is "/home/mostafa/.nuget/packages/microsoft.aspnetcore.app.ref/8.0.20/ref/net8.0/Microsoft.AspNetCore.Localization.dll".
             Reference found at search path location "{RawFileName}".
             This reference is not "CopyLocal" because at least one source item had "Private" set to "false" and no source items had "Private" set to "true".
             The ImageRuntimeVersion for this reference is "".
         Primary reference "Microsoft.AspNetCore.Metadata, Version=8.0.0.0, Culture=neutral, PublicKeyToken=adb9793829ddae60".
             Resolved file path is "/home/mostafa/.nuget/packages/microsoft.aspnetcore.app.ref/8.0.20/ref/net8.0/Microsoft.AspNetCore.Metadata.dll".
             Reference found at search path location "{RawFileName}".
             This reference is not "CopyLocal" because at least one source item had "Private" set to "false" and no source items had "Private" set to "true".
             The ImageRuntimeVersion for this reference is "".
         Primary reference "Microsoft.AspNetCore.Mvc.Abstractions, Version=8.0.0.0, Culture=neutral, PublicKeyToken=adb9793829ddae60".
             Resolved file path is "/home/mostafa/.nuget/packages/microsoft.aspnetcore.app.ref/8.0.20/ref/net8.0/Microsoft.AspNetCore.Mvc.Abstractions.dll".
             Reference found at search path location "{RawFileName}".
             This reference is not "CopyLocal" because at least one source item had "Private" set to "false" and no source items had "Private" set to "true".
             The ImageRuntimeVersion for this reference is "".
         Primary reference "Microsoft.AspNetCore.Mvc.ApiExplorer, Version=8.0.0.0, Culture=neutral, PublicKeyToken=adb9793829ddae60".
             Resolved file path is "/home/mostafa/.nuget/packages/microsoft.aspnetcore.app.ref/8.0.20/ref/net8.0/Microsoft.AspNetCore.Mvc.ApiExplorer.dll".
             Reference found at search path location "{RawFileName}".
             This reference is not "CopyLocal" because at least one source item had "Private" set to "false" and no source items had "Private" set to "true".
             The ImageRuntimeVersion for this reference is "".
         Primary reference "Microsoft.AspNetCore.Mvc.Core, Version=8.0.0.0, Culture=neutral, PublicKeyToken=adb9793829ddae60".
             Resolved file path is "/home/mostafa/.nuget/packages/microsoft.aspnetcore.app.ref/8.0.20/ref/net8.0/Microsoft.AspNetCore.Mvc.Core.dll".
             Reference found at search path location "{RawFileName}".
             This reference is not "CopyLocal" because at least one source item had "Private" set to "false" and no source items had "Private" set to "true".
             The ImageRuntimeVersion for this reference is "".
         Primary reference "Microsoft.AspNetCore.Mvc.Cors, Version=8.0.0.0, Culture=neutral, PublicKeyToken=adb9793829ddae60".
             Resolved file path is "/home/mostafa/.nuget/packages/microsoft.aspnetcore.app.ref/8.0.20/ref/net8.0/Microsoft.AspNetCore.Mvc.Cors.dll".
             Reference found at search path location "{RawFileName}".
             This reference is not "CopyLocal" because at least one source item had "Private" set to "false" and no source items had "Private" set to "true".
             The ImageRuntimeVersion for this reference is "".
         Primary reference "Microsoft.AspNetCore.Mvc.DataAnnotations, Version=8.0.0.0, Culture=neutral, PublicKeyToken=adb9793829ddae60".
             Resolved file path is "/home/mostafa/.nuget/packages/microsoft.aspnetcore.app.ref/8.0.20/ref/net8.0/Microsoft.AspNetCore.Mvc.DataAnnotations.dll".
             Reference found at search path location "{RawFileName}".
             This reference is not "CopyLocal" because at least one source item had "Private" set to "false" and no source items had "Private" set to "true".
             The ImageRuntimeVersion for this reference is "".
         Primary reference "Microsoft.AspNetCore.Mvc.Formatters.Json, Version=8.0.0.0, Culture=neutral, PublicKeyToken=adb9793829ddae60".
             Resolved file path is "/home/mostafa/.nuget/packages/microsoft.aspnetcore.app.ref/8.0.20/ref/net8.0/Microsoft.AspNetCore.Mvc.Formatters.Json.dll".
             Reference found at search path location "{RawFileName}".
             This reference is not "CopyLocal" because at least one source item had "Private" set to "false" and no source items had "Private" set to "true".
             The ImageRuntimeVersion for this reference is "".
         Primary reference "Microsoft.AspNetCore.Mvc.Formatters.Xml, Version=8.0.0.0, Culture=neutral, PublicKeyToken=adb9793829ddae60".
             Resolved file path is "/home/mostafa/.nuget/packages/microsoft.aspnetcore.app.ref/8.0.20/ref/net8.0/Microsoft.AspNetCore.Mvc.Formatters.Xml.dll".
             Reference found at search path location "{RawFileName}".
             This reference is not "CopyLocal" because at least one source item had "Private" set to "false" and no source items had "Private" set to "true".
             The ImageRuntimeVersion for this reference is "".
         Primary reference "Microsoft.AspNetCore.Mvc.Localization, Version=8.0.0.0, Culture=neutral, PublicKeyToken=adb9793829ddae60".
             Resolved file path is "/home/mostafa/.nuget/packages/microsoft.aspnetcore.app.ref/8.0.20/ref/net8.0/Microsoft.AspNetCore.Mvc.Localization.dll".
             Reference found at search path location "{RawFileName}".
             This reference is not "CopyLocal" because at least one source item had "Private" set to "false" and no source items had "Private" set to "true".
             The ImageRuntimeVersion for this reference is "".
         Primary reference "Microsoft.AspNetCore.Mvc.Razor, Version=8.0.0.0, Culture=neutral, PublicKeyToken=adb9793829ddae60".
             Resolved file path is "/home/mostafa/.nuget/packages/microsoft.aspnetcore.app.ref/8.0.20/ref/net8.0/Microsoft.AspNetCore.Mvc.Razor.dll".
             Reference found at search path location "{RawFileName}".
             This reference is not "CopyLocal" because at least one source item had "Private" set to "false" and no source items had "Private" set to "true".
             The ImageRuntimeVersion for this reference is "".
         Primary reference "Microsoft.AspNetCore.Mvc.RazorPages, Version=8.0.0.0, Culture=neutral, PublicKeyToken=adb9793829ddae60".
             Resolved file path is "/home/mostafa/.nuget/packages/microsoft.aspnetcore.app.ref/8.0.20/ref/net8.0/Microsoft.AspNetCore.Mvc.RazorPages.dll".
             Reference found at search path location "{RawFileName}".
             This reference is not "CopyLocal" because at least one source item had "Private" set to "false" and no source items had "Private" set to "true".
             The ImageRuntimeVersion for this reference is "".
         Primary reference "Microsoft.AspNetCore.Mvc.TagHelpers, Version=8.0.0.0, Culture=neutral, PublicKeyToken=adb9793829ddae60".
             Resolved file path is "/home/mostafa/.nuget/packages/microsoft.aspnetcore.app.ref/8.0.20/ref/net8.0/Microsoft.AspNetCore.Mvc.TagHelpers.dll".
             Reference found at search path location "{RawFileName}".
             This reference is not "CopyLocal" because at least one source item had "Private" set to "false" and no source items had "Private" set to "true".
             The ImageRuntimeVersion for this reference is "".
         Primary reference "Microsoft.AspNetCore.Mvc.ViewFeatures, Version=8.0.0.0, Culture=neutral, PublicKeyToken=adb9793829ddae60".
             Resolved file path is "/home/mostafa/.nuget/packages/microsoft.aspnetcore.app.ref/8.0.20/ref/net8.0/Microsoft.AspNetCore.Mvc.ViewFeatures.dll".
             Reference found at search path location "{RawFileName}".
             This reference is not "CopyLocal" because at least one source item had "Private" set to "false" and no source items had "Private" set to "true".
             The ImageRuntimeVersion for this reference is "".
         Primary reference "Microsoft.AspNetCore.Mvc, Version=8.0.0.0, Culture=neutral, PublicKeyToken=adb9793829ddae60".
             Resolved file path is "/home/mostafa/.nuget/packages/microsoft.aspnetcore.app.ref/8.0.20/ref/net8.0/Microsoft.AspNetCore.Mvc.dll".
             Reference found at search path location "{RawFileName}".
             This reference is not "CopyLocal" because at least one source item had "Private" set to "false" and no source items had "Private" set to "true".
             The ImageRuntimeVersion for this reference is "".
         Primary reference "Microsoft.AspNetCore.OutputCaching, Version=8.0.0.0, Culture=neutral, PublicKeyToken=adb9793829ddae60".
             Resolved file path is "/home/mostafa/.nuget/packages/microsoft.aspnetcore.app.ref/8.0.20/ref/net8.0/Microsoft.AspNetCore.OutputCaching.dll".
             Reference found at search path location "{RawFileName}".
             This reference is not "CopyLocal" because at least one source item had "Private" set to "false" and no source items had "Private" set to "true".
             The ImageRuntimeVersion for this reference is "".
         Primary reference "Microsoft.AspNetCore.RateLimiting, Version=8.0.0.0, Culture=neutral, PublicKeyToken=adb9793829ddae60".
             Resolved file path is "/home/mostafa/.nuget/packages/microsoft.aspnetcore.app.ref/8.0.20/ref/net8.0/Microsoft.AspNetCore.RateLimiting.dll".
             Reference found at search path location "{RawFileName}".
             This reference is not "CopyLocal" because at least one source item had "Private" set to "false" and no source items had "Private" set to "true".
             The ImageRuntimeVersion for this reference is "".
         Primary reference "Microsoft.AspNetCore.Razor.Runtime, Version=8.0.0.0, Culture=neutral, PublicKeyToken=adb9793829ddae60".
             Resolved file path is "/home/mostafa/.nuget/packages/microsoft.aspnetcore.app.ref/8.0.20/ref/net8.0/Microsoft.AspNetCore.Razor.Runtime.dll".
             Reference found at search path location "{RawFileName}".
             This reference is not "CopyLocal" because at least one source item had "Private" set to "false" and no source items had "Private" set to "true".
             The ImageRuntimeVersion for this reference is "".
         Primary reference "Microsoft.AspNetCore.Razor, Version=8.0.0.0, Culture=neutral, PublicKeyToken=adb9793829ddae60".
             Resolved file path is "/home/mostafa/.nuget/packages/microsoft.aspnetcore.app.ref/8.0.20/ref/net8.0/Microsoft.AspNetCore.Razor.dll".
             Reference found at search path location "{RawFileName}".
             This reference is not "CopyLocal" because at least one source item had "Private" set to "false" and no source items had "Private" set to "true".
             The ImageRuntimeVersion for this reference is "".
         Primary reference "Microsoft.AspNetCore.RequestDecompression, Version=8.0.0.0, Culture=neutral, PublicKeyToken=adb9793829ddae60".
             Resolved file path is "/home/mostafa/.nuget/packages/microsoft.aspnetcore.app.ref/8.0.20/ref/net8.0/Microsoft.AspNetCore.RequestDecompression.dll".
             Reference found at search path location "{RawFileName}".
             This reference is not "CopyLocal" because at least one source item had "Private" set to "false" and no source items had "Private" set to "true".
             The ImageRuntimeVersion for this reference is "".
         Primary reference "Microsoft.AspNetCore.ResponseCaching.Abstractions, Version=8.0.0.0, Culture=neutral, PublicKeyToken=adb9793829ddae60".
             Resolved file path is "/home/mostafa/.nuget/packages/microsoft.aspnetcore.app.ref/8.0.20/ref/net8.0/Microsoft.AspNetCore.ResponseCaching.Abstractions.dll".
             Reference found at search path location "{RawFileName}".
             This reference is not "CopyLocal" because at least one source item had "Private" set to "false" and no source items had "Private" set to "true".
             The ImageRuntimeVersion for this reference is "".
         Primary reference "Microsoft.AspNetCore.ResponseCaching, Version=8.0.0.0, Culture=neutral, PublicKeyToken=adb9793829ddae60".
             Resolved file path is "/home/mostafa/.nuget/packages/microsoft.aspnetcore.app.ref/8.0.20/ref/net8.0/Microsoft.AspNetCore.ResponseCaching.dll".
             Reference found at search path location "{RawFileName}".
             This reference is not "CopyLocal" because at least one source item had "Private" set to "false" and no source items had "Private" set to "true".
             The ImageRuntimeVersion for this reference is "".
         Primary reference "Microsoft.AspNetCore.ResponseCompression, Version=8.0.0.0, Culture=neutral, PublicKeyToken=adb9793829ddae60".
             Resolved file path is "/home/mostafa/.nuget/packages/microsoft.aspnetcore.app.ref/8.0.20/ref/net8.0/Microsoft.AspNetCore.ResponseCompression.dll".
             Reference found at search path location "{RawFileName}".
             This reference is not "CopyLocal" because at least one source item had "Private" set to "false" and no source items had "Private" set to "true".
             The ImageRuntimeVersion for this reference is "".
         Primary reference "Microsoft.AspNetCore.Rewrite, Version=8.0.0.0, Culture=neutral, PublicKeyToken=adb9793829ddae60".
             Resolved file path is "/home/mostafa/.nuget/packages/microsoft.aspnetcore.app.ref/8.0.20/ref/net8.0/Microsoft.AspNetCore.Rewrite.dll".
             Reference found at search path location "{RawFileName}".
             This reference is not "CopyLocal" because at least one source item had "Private" set to "false" and no source items had "Private" set to "true".
             The ImageRuntimeVersion for this reference is "".
         Primary reference "Microsoft.AspNetCore.Routing.Abstractions, Version=8.0.0.0, Culture=neutral, PublicKeyToken=adb9793829ddae60".
             Resolved file path is "/home/mostafa/.nuget/packages/microsoft.aspnetcore.app.ref/8.0.20/ref/net8.0/Microsoft.AspNetCore.Routing.Abstractions.dll".
             Reference found at search path location "{RawFileName}".
             This reference is not "CopyLocal" because at least one source item had "Private" set to "false" and no source items had "Private" set to "true".
             The ImageRuntimeVersion for this reference is "".
         Primary reference "Microsoft.AspNetCore.Routing, Version=8.0.0.0, Culture=neutral, PublicKeyToken=adb9793829ddae60".
             Resolved file path is "/home/mostafa/.nuget/packages/microsoft.aspnetcore.app.ref/8.0.20/ref/net8.0/Microsoft.AspNetCore.Routing.dll".
             Reference found at search path location "{RawFileName}".
             This reference is not "CopyLocal" because at least one source item had "Private" set to "false" and no source items had "Private" set to "true".
             The ImageRuntimeVersion for this reference is "".
         Primary reference "Microsoft.AspNetCore.Server.HttpSys, Version=8.0.0.0, Culture=neutral, PublicKeyToken=adb9793829ddae60".
             Resolved file path is "/home/mostafa/.nuget/packages/microsoft.aspnetcore.app.ref/8.0.20/ref/net8.0/Microsoft.AspNetCore.Server.HttpSys.dll".
             Reference found at search path location "{RawFileName}".
             This reference is not "CopyLocal" because at least one source item had "Private" set to "false" and no source items had "Private" set to "true".
             The ImageRuntimeVersion for this reference is "".
         Primary reference "Microsoft.AspNetCore.Server.IIS, Version=8.0.0.0, Culture=neutral, PublicKeyToken=adb9793829ddae60".
             Resolved file path is "/home/mostafa/.nuget/packages/microsoft.aspnetcore.app.ref/8.0.20/ref/net8.0/Microsoft.AspNetCore.Server.IIS.dll".
             Reference found at search path location "{RawFileName}".
             This reference is not "CopyLocal" because at least one source item had "Private" set to "false" and no source items had "Private" set to "true".
             The ImageRuntimeVersion for this reference is "".
         Primary reference "Microsoft.AspNetCore.Server.IISIntegration, Version=8.0.0.0, Culture=neutral, PublicKeyToken=adb9793829ddae60".
             Resolved file path is "/home/mostafa/.nuget/packages/microsoft.aspnetcore.app.ref/8.0.20/ref/net8.0/Microsoft.AspNetCore.Server.IISIntegration.dll".
             Reference found at search path location "{RawFileName}".
             This reference is not "CopyLocal" because at least one source item had "Private" set to "false" and no source items had "Private" set to "true".
             The ImageRuntimeVersion for this reference is "".
         Primary reference "Microsoft.AspNetCore.Server.Kestrel.Core, Version=8.0.0.0, Culture=neutral, PublicKeyToken=adb9793829ddae60".
             Resolved file path is "/home/mostafa/.nuget/packages/microsoft.aspnetcore.app.ref/8.0.20/ref/net8.0/Microsoft.AspNetCore.Server.Kestrel.Core.dll".
             Reference found at search path location "{RawFileName}".
             This reference is not "CopyLocal" because at least one source item had "Private" set to "false" and no source items had "Private" set to "true".
             The ImageRuntimeVersion for this reference is "".
         Primary reference "Microsoft.AspNetCore.Server.Kestrel.Transport.NamedPipes, Version=8.0.0.0, Culture=neutral, PublicKeyToken=adb9793829ddae60".
             Resolved file path is "/home/mostafa/.nuget/packages/microsoft.aspnetcore.app.ref/8.0.20/ref/net8.0/Microsoft.AspNetCore.Server.Kestrel.Transport.NamedPipes.dll".
             Reference found at search path location "{RawFileName}".
             This reference is not "CopyLocal" because at least one source item had "Private" set to "false" and no source items had "Private" set to "true".
             The ImageRuntimeVersion for this reference is "".
         Primary reference "Microsoft.AspNetCore.Server.Kestrel.Transport.Quic, Version=8.0.0.0, Culture=neutral, PublicKeyToken=adb9793829ddae60".
             Resolved file path is "/home/mostafa/.nuget/packages/microsoft.aspnetcore.app.ref/8.0.20/ref/net8.0/Microsoft.AspNetCore.Server.Kestrel.Transport.Quic.dll".
             Reference found at search path location "{RawFileName}".
             This reference is not "CopyLocal" because at least one source item had "Private" set to "false" and no source items had "Private" set to "true".
             The ImageRuntimeVersion for this reference is "".
         Primary reference "Microsoft.AspNetCore.Server.Kestrel.Transport.Sockets, Version=8.0.0.0, Culture=neutral, PublicKeyToken=adb9793829ddae60".
             Resolved file path is "/home/mostafa/.nuget/packages/microsoft.aspnetcore.app.ref/8.0.20/ref/net8.0/Microsoft.AspNetCore.Server.Kestrel.Transport.Sockets.dll".
             Reference found at search path location "{RawFileName}".
             This reference is not "CopyLocal" because at least one source item had "Private" set to "false" and no source items had "Private" set to "true".
             The ImageRuntimeVersion for this reference is "".
         Primary reference "Microsoft.AspNetCore.Server.Kestrel, Version=8.0.0.0, Culture=neutral, PublicKeyToken=adb9793829ddae60".
             Resolved file path is "/home/mostafa/.nuget/packages/microsoft.aspnetcore.app.ref/8.0.20/ref/net8.0/Microsoft.AspNetCore.Server.Kestrel.dll".
             Reference found at search path location "{RawFileName}".
             This reference is not "CopyLocal" because at least one source item had "Private" set to "false" and no source items had "Private" set to "true".
             The ImageRuntimeVersion for this reference is "".
         Primary reference "Microsoft.AspNetCore.Session, Version=8.0.0.0, Culture=neutral, PublicKeyToken=adb9793829ddae60".
             Resolved file path is "/home/mostafa/.nuget/packages/microsoft.aspnetcore.app.ref/8.0.20/ref/net8.0/Microsoft.AspNetCore.Session.dll".
             Reference found at search path location "{RawFileName}".
             This reference is not "CopyLocal" because at least one source item had "Private" set to "false" and no source items had "Private" set to "true".
             The ImageRuntimeVersion for this reference is "".
         Primary reference "Microsoft.AspNetCore.SignalR.Common, Version=8.0.0.0, Culture=neutral, PublicKeyToken=adb9793829ddae60".
             Resolved file path is "/home/mostafa/.nuget/packages/microsoft.aspnetcore.app.ref/8.0.20/ref/net8.0/Microsoft.AspNetCore.SignalR.Common.dll".
             Reference found at search path location "{RawFileName}".
             This reference is not "CopyLocal" because at least one source item had "Private" set to "false" and no source items had "Private" set to "true".
             The ImageRuntimeVersion for this reference is "".
         Primary reference "Microsoft.AspNetCore.SignalR.Core, Version=8.0.0.0, Culture=neutral, PublicKeyToken=adb9793829ddae60".
             Resolved file path is "/home/mostafa/.nuget/packages/microsoft.aspnetcore.app.ref/8.0.20/ref/net8.0/Microsoft.AspNetCore.SignalR.Core.dll".
             Reference found at search path location "{RawFileName}".
             This reference is not "CopyLocal" because at least one source item had "Private" set to "false" and no source items had "Private" set to "true".
             The ImageRuntimeVersion for this reference is "".
         Primary reference "Microsoft.AspNetCore.SignalR.Protocols.Json, Version=8.0.0.0, Culture=neutral, PublicKeyToken=adb9793829ddae60".
             Resolved file path is "/home/mostafa/.nuget/packages/microsoft.aspnetcore.app.ref/8.0.20/ref/net8.0/Microsoft.AspNetCore.SignalR.Protocols.Json.dll".
             Reference found at search path location "{RawFileName}".
             This reference is not "CopyLocal" because at least one source item had "Private" set to "false" and no source items had "Private" set to "true".
             The ImageRuntimeVersion for this reference is "".
         Primary reference "Microsoft.AspNetCore.SignalR, Version=8.0.0.0, Culture=neutral, PublicKeyToken=adb9793829ddae60".
             Resolved file path is "/home/mostafa/.nuget/packages/microsoft.aspnetcore.app.ref/8.0.20/ref/net8.0/Microsoft.AspNetCore.SignalR.dll".
             Reference found at search path location "{RawFileName}".
             This reference is not "CopyLocal" because at least one source item had "Private" set to "false" and no source items had "Private" set to "true".
             The ImageRuntimeVersion for this reference is "".
         Primary reference "Microsoft.AspNetCore.StaticFiles, Version=8.0.0.0, Culture=neutral, PublicKeyToken=adb9793829ddae60".
             Resolved file path is "/home/mostafa/.nuget/packages/microsoft.aspnetcore.app.ref/8.0.20/ref/net8.0/Microsoft.AspNetCore.StaticFiles.dll".
             Reference found at search path location "{RawFileName}".
             This reference is not "CopyLocal" because at least one source item had "Private" set to "false" and no source items had "Private" set to "true".
             The ImageRuntimeVersion for this reference is "".
         Primary reference "Microsoft.AspNetCore.WebSockets, Version=8.0.0.0, Culture=neutral, PublicKeyToken=adb9793829ddae60".
             Resolved file path is "/home/mostafa/.nuget/packages/microsoft.aspnetcore.app.ref/8.0.20/ref/net8.0/Microsoft.AspNetCore.WebSockets.dll".
             Reference found at search path location "{RawFileName}".
             This reference is not "CopyLocal" because at least one source item had "Private" set to "false" and no source items had "Private" set to "true".
             The ImageRuntimeVersion for this reference is "".
         Primary reference "Microsoft.AspNetCore.WebUtilities, Version=8.0.0.0, Culture=neutral, PublicKeyToken=adb9793829ddae60".
             Resolved file path is "/home/mostafa/.nuget/packages/microsoft.aspnetcore.app.ref/8.0.20/ref/net8.0/Microsoft.AspNetCore.WebUtilities.dll".
             Reference found at search path location "{RawFileName}".
             This reference is not "CopyLocal" because at least one source item had "Private" set to "false" and no source items had "Private" set to "true".
             The ImageRuntimeVersion for this reference is "".
         Primary reference "Microsoft.AspNetCore, Version=8.0.0.0, Culture=neutral, PublicKeyToken=adb9793829ddae60".
             Resolved file path is "/home/mostafa/.nuget/packages/microsoft.aspnetcore.app.ref/8.0.20/ref/net8.0/Microsoft.AspNetCore.dll".
             Reference found at search path location "{RawFileName}".
             This reference is not "CopyLocal" because at least one source item had "Private" set to "false" and no source items had "Private" set to "true".
             The ImageRuntimeVersion for this reference is "".
         Primary reference "Microsoft.Extensions.Caching.Abstractions, Version=8.0.0.0, Culture=neutral, PublicKeyToken=adb9793829ddae60".
             Resolved file path is "/home/mostafa/.nuget/packages/microsoft.aspnetcore.app.ref/8.0.20/ref/net8.0/Microsoft.Extensions.Caching.Abstractions.dll".
             Reference found at search path location "{RawFileName}".
             This reference is not "CopyLocal" because at least one source item had "Private" set to "false" and no source items had "Private" set to "true".
             The ImageRuntimeVersion for this reference is "".
         Primary reference "Microsoft.Extensions.Caching.Memory, Version=8.0.0.0, Culture=neutral, PublicKeyToken=adb9793829ddae60".
             Resolved file path is "/home/mostafa/.nuget/packages/microsoft.aspnetcore.app.ref/8.0.20/ref/net8.0/Microsoft.Extensions.Caching.Memory.dll".
             Reference found at search path location "{RawFileName}".
             This reference is not "CopyLocal" because at least one source item had "Private" set to "false" and no source items had "Private" set to "true".
             The ImageRuntimeVersion for this reference is "".
         Primary reference "Microsoft.Extensions.Configuration.Abstractions, Version=8.0.0.0, Culture=neutral, PublicKeyToken=adb9793829ddae60".
             Resolved file path is "/home/mostafa/.nuget/packages/microsoft.aspnetcore.app.ref/8.0.20/ref/net8.0/Microsoft.Extensions.Configuration.Abstractions.dll".
             Reference found at search path location "{RawFileName}".
             This reference is not "CopyLocal" because at least one source item had "Private" set to "false" and no source items had "Private" set to "true".
             The ImageRuntimeVersion for this reference is "".
         Primary reference "Microsoft.Extensions.Configuration.Binder, Version=8.0.0.0, Culture=neutral, PublicKeyToken=adb9793829ddae60".
             Resolved file path is "/home/mostafa/.nuget/packages/microsoft.aspnetcore.app.ref/8.0.20/ref/net8.0/Microsoft.Extensions.Configuration.Binder.dll".
             Reference found at search path location "{RawFileName}".
             This reference is not "CopyLocal" because at least one source item had "Private" set to "false" and no source items had "Private" set to "true".
             The ImageRuntimeVersion for this reference is "".
         Primary reference "Microsoft.Extensions.Configuration.CommandLine, Version=8.0.0.0, Culture=neutral, PublicKeyToken=adb9793829ddae60".
             Resolved file path is "/home/mostafa/.nuget/packages/microsoft.aspnetcore.app.ref/8.0.20/ref/net8.0/Microsoft.Extensions.Configuration.CommandLine.dll".
             Reference found at search path location "{RawFileName}".
             This reference is not "CopyLocal" because at least one source item had "Private" set to "false" and no source items had "Private" set to "true".
             The ImageRuntimeVersion for this reference is "".
         Primary reference "Microsoft.Extensions.Configuration.EnvironmentVariables, Version=8.0.0.0, Culture=neutral, PublicKeyToken=adb9793829ddae60".
             Resolved file path is "/home/mostafa/.nuget/packages/microsoft.aspnetcore.app.ref/8.0.20/ref/net8.0/Microsoft.Extensions.Configuration.EnvironmentVariables.dll".
             Reference found at search path location "{RawFileName}".
             This reference is not "CopyLocal" because at least one source item had "Private" set to "false" and no source items had "Private" set to "true".
             The ImageRuntimeVersion for this reference is "".
         Primary reference "Microsoft.Extensions.Configuration.FileExtensions, Version=8.0.0.0, Culture=neutral, PublicKeyToken=adb9793829ddae60".
             Resolved file path is "/home/mostafa/.nuget/packages/microsoft.aspnetcore.app.ref/8.0.20/ref/net8.0/Microsoft.Extensions.Configuration.FileExtensions.dll".
             Reference found at search path location "{RawFileName}".
             This reference is not "CopyLocal" because at least one source item had "Private" set to "false" and no source items had "Private" set to "true".
             The ImageRuntimeVersion for this reference is "".
         Primary reference "Microsoft.Extensions.Configuration.Ini, Version=8.0.0.0, Culture=neutral, PublicKeyToken=adb9793829ddae60".
             Resolved file path is "/home/mostafa/.nuget/packages/microsoft.aspnetcore.app.ref/8.0.20/ref/net8.0/Microsoft.Extensions.Configuration.Ini.dll".
             Reference found at search path location "{RawFileName}".
             This reference is not "CopyLocal" because at least one source item had "Private" set to "false" and no source items had "Private" set to "true".
             The ImageRuntimeVersion for this reference is "".
         Primary reference "Microsoft.Extensions.Configuration.Json, Version=8.0.0.0, Culture=neutral, PublicKeyToken=adb9793829ddae60".
             Resolved file path is "/home/mostafa/.nuget/packages/microsoft.aspnetcore.app.ref/8.0.20/ref/net8.0/Microsoft.Extensions.Configuration.Json.dll".
             Reference found at search path location "{RawFileName}".
             This reference is not "CopyLocal" because at least one source item had "Private" set to "false" and no source items had "Private" set to "true".
             The ImageRuntimeVersion for this reference is "".
         Primary reference "Microsoft.Extensions.Configuration.KeyPerFile, Version=8.0.0.0, Culture=neutral, PublicKeyToken=adb9793829ddae60".
             Resolved file path is "/home/mostafa/.nuget/packages/microsoft.aspnetcore.app.ref/8.0.20/ref/net8.0/Microsoft.Extensions.Configuration.KeyPerFile.dll".
             Reference found at search path location "{RawFileName}".
             This reference is not "CopyLocal" because at least one source item had "Private" set to "false" and no source items had "Private" set to "true".
             The ImageRuntimeVersion for this reference is "".
         Primary reference "Microsoft.Extensions.Configuration.UserSecrets, Version=8.0.0.0, Culture=neutral, PublicKeyToken=adb9793829ddae60".
             Resolved file path is "/home/mostafa/.nuget/packages/microsoft.aspnetcore.app.ref/8.0.20/ref/net8.0/Microsoft.Extensions.Configuration.UserSecrets.dll".
             Reference found at search path location "{RawFileName}".
             This reference is not "CopyLocal" because at least one source item had "Private" set to "false" and no source items had "Private" set to "true".
             The ImageRuntimeVersion for this reference is "".
         Primary reference "Microsoft.Extensions.Configuration.Xml, Version=8.0.0.0, Culture=neutral, PublicKeyToken=adb9793829ddae60".
             Resolved file path is "/home/mostafa/.nuget/packages/microsoft.aspnetcore.app.ref/8.0.20/ref/net8.0/Microsoft.Extensions.Configuration.Xml.dll".
             Reference found at search path location "{RawFileName}".
             This reference is not "CopyLocal" because at least one source item had "Private" set to "false" and no source items had "Private" set to "true".
             The ImageRuntimeVersion for this reference is "".
         Primary reference "Microsoft.Extensions.Configuration, Version=8.0.0.0, Culture=neutral, PublicKeyToken=adb9793829ddae60".
             Resolved file path is "/home/mostafa/.nuget/packages/microsoft.aspnetcore.app.ref/8.0.20/ref/net8.0/Microsoft.Extensions.Configuration.dll".
             Reference found at search path location "{RawFileName}".
             This reference is not "CopyLocal" because at least one source item had "Private" set to "false" and no source items had "Private" set to "true".
             The ImageRuntimeVersion for this reference is "".
         Primary reference "Microsoft.Extensions.DependencyInjection.Abstractions, Version=8.0.0.0, Culture=neutral, PublicKeyToken=adb9793829ddae60".
             Resolved file path is "/home/mostafa/.nuget/packages/microsoft.aspnetcore.app.ref/8.0.20/ref/net8.0/Microsoft.Extensions.DependencyInjection.Abstractions.dll".
             Reference found at search path location "{RawFileName}".
             This reference is not "CopyLocal" because at least one source item had "Private" set to "false" and no source items had "Private" set to "true".
             The ImageRuntimeVersion for this reference is "".
         Primary reference "Microsoft.Extensions.DependencyInjection, Version=8.0.0.0, Culture=neutral, PublicKeyToken=adb9793829ddae60".
             Resolved file path is "/home/mostafa/.nuget/packages/microsoft.aspnetcore.app.ref/8.0.20/ref/net8.0/Microsoft.Extensions.DependencyInjection.dll".
             Reference found at search path location "{RawFileName}".
             This reference is not "CopyLocal" because at least one source item had "Private" set to "false" and no source items had "Private" set to "true".
             The ImageRuntimeVersion for this reference is "".
         Primary reference "Microsoft.Extensions.Diagnostics.Abstractions, Version=8.0.0.0, Culture=neutral, PublicKeyToken=adb9793829ddae60".
             Resolved file path is "/home/mostafa/.nuget/packages/microsoft.aspnetcore.app.ref/8.0.20/ref/net8.0/Microsoft.Extensions.Diagnostics.Abstractions.dll".
             Reference found at search path location "{RawFileName}".
             This reference is not "CopyLocal" because at least one source item had "Private" set to "false" and no source items had "Private" set to "true".
             The ImageRuntimeVersion for this reference is "".
         Primary reference "Microsoft.Extensions.Diagnostics.HealthChecks.Abstractions, Version=8.0.0.0, Culture=neutral, PublicKeyToken=adb9793829ddae60".
             Resolved file path is "/home/mostafa/.nuget/packages/microsoft.aspnetcore.app.ref/8.0.20/ref/net8.0/Microsoft.Extensions.Diagnostics.HealthChecks.Abstractions.dll".
             Reference found at search path location "{RawFileName}".
             This reference is not "CopyLocal" because at least one source item had "Private" set to "false" and no source items had "Private" set to "true".
             The ImageRuntimeVersion for this reference is "".
         Primary reference "Microsoft.Extensions.Diagnostics.HealthChecks, Version=8.0.0.0, Culture=neutral, PublicKeyToken=adb9793829ddae60".
             Resolved file path is "/home/mostafa/.nuget/packages/microsoft.aspnetcore.app.ref/8.0.20/ref/net8.0/Microsoft.Extensions.Diagnostics.HealthChecks.dll".
             Reference found at search path location "{RawFileName}".
             This reference is not "CopyLocal" because at least one source item had "Private" set to "false" and no source items had "Private" set to "true".
             The ImageRuntimeVersion for this reference is "".
         Primary reference "Microsoft.Extensions.Diagnostics, Version=8.0.0.0, Culture=neutral, PublicKeyToken=adb9793829ddae60".
             Resolved file path is "/home/mostafa/.nuget/packages/microsoft.aspnetcore.app.ref/8.0.20/ref/net8.0/Microsoft.Extensions.Diagnostics.dll".
             Reference found at search path location "{RawFileName}".
             This reference is not "CopyLocal" because at least one source item had "Private" set to "false" and no source items had "Private" set to "true".
             The ImageRuntimeVersion for this reference is "".
         Primary reference "Microsoft.Extensions.Features, Version=8.0.0.0, Culture=neutral, PublicKeyToken=adb9793829ddae60".
             Resolved file path is "/home/mostafa/.nuget/packages/microsoft.aspnetcore.app.ref/8.0.20/ref/net8.0/Microsoft.Extensions.Features.dll".
             Reference found at search path location "{RawFileName}".
             This reference is not "CopyLocal" because at least one source item had "Private" set to "false" and no source items had "Private" set to "true".
             The ImageRuntimeVersion for this reference is "".
         Primary reference "Microsoft.Extensions.FileProviders.Abstractions, Version=8.0.0.0, Culture=neutral, PublicKeyToken=adb9793829ddae60".
             Resolved file path is "/home/mostafa/.nuget/packages/microsoft.aspnetcore.app.ref/8.0.20/ref/net8.0/Microsoft.Extensions.FileProviders.Abstractions.dll".
             Reference found at search path location "{RawFileName}".
             This reference is not "CopyLocal" because at least one source item had "Private" set to "false" and no source items had "Private" set to "true".
             The ImageRuntimeVersion for this reference is "".
         Primary reference "Microsoft.Extensions.FileProviders.Composite, Version=8.0.0.0, Culture=neutral, PublicKeyToken=adb9793829ddae60".
             Resolved file path is "/home/mostafa/.nuget/packages/microsoft.aspnetcore.app.ref/8.0.20/ref/net8.0/Microsoft.Extensions.FileProviders.Composite.dll".
             Reference found at search path location "{RawFileName}".
             This reference is not "CopyLocal" because at least one source item had "Private" set to "false" and no source items had "Private" set to "true".
             The ImageRuntimeVersion for this reference is "".
         Primary reference "Microsoft.Extensions.FileProviders.Embedded, Version=8.0.0.0, Culture=neutral, PublicKeyToken=adb9793829ddae60".
             Resolved file path is "/home/mostafa/.nuget/packages/microsoft.aspnetcore.app.ref/8.0.20/ref/net8.0/Microsoft.Extensions.FileProviders.Embedded.dll".
             Reference found at search path location "{RawFileName}".
             This reference is not "CopyLocal" because at least one source item had "Private" set to "false" and no source items had "Private" set to "true".
             The ImageRuntimeVersion for this reference is "".
         Primary reference "Microsoft.Extensions.FileProviders.Physical, Version=8.0.0.0, Culture=neutral, PublicKeyToken=adb9793829ddae60".
             Resolved file path is "/home/mostafa/.nuget/packages/microsoft.aspnetcore.app.ref/8.0.20/ref/net8.0/Microsoft.Extensions.FileProviders.Physical.dll".
             Reference found at search path location "{RawFileName}".
             This reference is not "CopyLocal" because at least one source item had "Private" set to "false" and no source items had "Private" set to "true".
             The ImageRuntimeVersion for this reference is "".
         Primary reference "Microsoft.Extensions.FileSystemGlobbing, Version=8.0.0.0, Culture=neutral, PublicKeyToken=adb9793829ddae60".
             Resolved file path is "/home/mostafa/.nuget/packages/microsoft.aspnetcore.app.ref/8.0.20/ref/net8.0/Microsoft.Extensions.FileSystemGlobbing.dll".
             Reference found at search path location "{RawFileName}".
             This reference is not "CopyLocal" because at least one source item had "Private" set to "false" and no source items had "Private" set to "true".
             The ImageRuntimeVersion for this reference is "".
         Primary reference "Microsoft.Extensions.Hosting.Abstractions, Version=8.0.0.0, Culture=neutral, PublicKeyToken=adb9793829ddae60".
             Resolved file path is "/home/mostafa/.nuget/packages/microsoft.aspnetcore.app.ref/8.0.20/ref/net8.0/Microsoft.Extensions.Hosting.Abstractions.dll".
             Reference found at search path location "{RawFileName}".
             This reference is not "CopyLocal" because at least one source item had "Private" set to "false" and no source items had "Private" set to "true".
             The ImageRuntimeVersion for this reference is "".
         Primary reference "Microsoft.Extensions.Hosting, Version=8.0.0.0, Culture=neutral, PublicKeyToken=adb9793829ddae60".
             Resolved file path is "/home/mostafa/.nuget/packages/microsoft.aspnetcore.app.ref/8.0.20/ref/net8.0/Microsoft.Extensions.Hosting.dll".
             Reference found at search path location "{RawFileName}".
             This reference is not "CopyLocal" because at least one source item had "Private" set to "false" and no source items had "Private" set to "true".
             The ImageRuntimeVersion for this reference is "".
         Primary reference "Microsoft.Extensions.Http, Version=8.0.0.0, Culture=neutral, PublicKeyToken=adb9793829ddae60".
             Resolved file path is "/home/mostafa/.nuget/packages/microsoft.aspnetcore.app.ref/8.0.20/ref/net8.0/Microsoft.Extensions.Http.dll".
             Reference found at search path location "{RawFileName}".
             This reference is not "CopyLocal" because at least one source item had "Private" set to "false" and no source items had "Private" set to "true".
             The ImageRuntimeVersion for this reference is "".
         Primary reference "Microsoft.Extensions.Identity.Core, Version=8.0.0.0, Culture=neutral, PublicKeyToken=adb9793829ddae60".
             Resolved file path is "/home/mostafa/.nuget/packages/microsoft.aspnetcore.app.ref/8.0.20/ref/net8.0/Microsoft.Extensions.Identity.Core.dll".
             Reference found at search path location "{RawFileName}".
             This reference is not "CopyLocal" because at least one source item had "Private" set to "false" and no source items had "Private" set to "true".
             The ImageRuntimeVersion for this reference is "".
         Primary reference "Microsoft.Extensions.Identity.Stores, Version=8.0.0.0, Culture=neutral, PublicKeyToken=adb9793829ddae60".
             Resolved file path is "/home/mostafa/.nuget/packages/microsoft.aspnetcore.app.ref/8.0.20/ref/net8.0/Microsoft.Extensions.Identity.Stores.dll".
             Reference found at search path location "{RawFileName}".
             This reference is not "CopyLocal" because at least one source item had "Private" set to "false" and no source items had "Private" set to "true".
             The ImageRuntimeVersion for this reference is "".
         Primary reference "Microsoft.Extensions.Localization.Abstractions, Version=8.0.0.0, Culture=neutral, PublicKeyToken=adb9793829ddae60".
             Resolved file path is "/home/mostafa/.nuget/packages/microsoft.aspnetcore.app.ref/8.0.20/ref/net8.0/Microsoft.Extensions.Localization.Abstractions.dll".
             Reference found at search path location "{RawFileName}".
             This reference is not "CopyLocal" because at least one source item had "Private" set to "false" and no source items had "Private" set to "true".
             The ImageRuntimeVersion for this reference is "".
         Primary reference "Microsoft.Extensions.Localization, Version=8.0.0.0, Culture=neutral, PublicKeyToken=adb9793829ddae60".
             Resolved file path is "/home/mostafa/.nuget/packages/microsoft.aspnetcore.app.ref/8.0.20/ref/net8.0/Microsoft.Extensions.Localization.dll".
             Reference found at search path location "{RawFileName}".
             This reference is not "CopyLocal" because at least one source item had "Private" set to "false" and no source items had "Private" set to "true".
             The ImageRuntimeVersion for this reference is "".
         Primary reference "Microsoft.Extensions.Logging.Abstractions, Version=8.0.0.0, Culture=neutral, PublicKeyToken=adb9793829ddae60".
             Resolved file path is "/home/mostafa/.nuget/packages/microsoft.aspnetcore.app.ref/8.0.20/ref/net8.0/Microsoft.Extensions.Logging.Abstractions.dll".
             Reference found at search path location "{RawFileName}".
             This reference is not "CopyLocal" because at least one source item had "Private" set to "false" and no source items had "Private" set to "true".
             The ImageRuntimeVersion for this reference is "".
         Primary reference "Microsoft.Extensions.Logging.Configuration, Version=8.0.0.0, Culture=neutral, PublicKeyToken=adb9793829ddae60".
             Resolved file path is "/home/mostafa/.nuget/packages/microsoft.aspnetcore.app.ref/8.0.20/ref/net8.0/Microsoft.Extensions.Logging.Configuration.dll".
             Reference found at search path location "{RawFileName}".
             This reference is not "CopyLocal" because at least one source item had "Private" set to "false" and no source items had "Private" set to "true".
             The ImageRuntimeVersion for this reference is "".
         Primary reference "Microsoft.Extensions.Logging.Console, Version=8.0.0.0, Culture=neutral, PublicKeyToken=adb9793829ddae60".
             Resolved file path is "/home/mostafa/.nuget/packages/microsoft.aspnetcore.app.ref/8.0.20/ref/net8.0/Microsoft.Extensions.Logging.Console.dll".
             Reference found at search path location "{RawFileName}".
             This reference is not "CopyLocal" because at least one source item had "Private" set to "false" and no source items had "Private" set to "true".
             The ImageRuntimeVersion for this reference is "".
         Primary reference "Microsoft.Extensions.Logging.Debug, Version=8.0.0.0, Culture=neutral, PublicKeyToken=adb9793829ddae60".
             Resolved file path is "/home/mostafa/.nuget/packages/microsoft.aspnetcore.app.ref/8.0.20/ref/net8.0/Microsoft.Extensions.Logging.Debug.dll".
             Reference found at search path location "{RawFileName}".
             This reference is not "CopyLocal" because at least one source item had "Private" set to "false" and no source items had "Private" set to "true".
             The ImageRuntimeVersion for this reference is "".
         Primary reference "Microsoft.Extensions.Logging.EventLog, Version=8.0.0.0, Culture=neutral, PublicKeyToken=adb9793829ddae60".
             Resolved file path is "/home/mostafa/.nuget/packages/microsoft.aspnetcore.app.ref/8.0.20/ref/net8.0/Microsoft.Extensions.Logging.EventLog.dll".
             Reference found at search path location "{RawFileName}".
             This reference is not "CopyLocal" because at least one source item had "Private" set to "false" and no source items had "Private" set to "true".
             The ImageRuntimeVersion for this reference is "".
         Primary reference "Microsoft.Extensions.Logging.EventSource, Version=8.0.0.0, Culture=neutral, PublicKeyToken=adb9793829ddae60".
             Resolved file path is "/home/mostafa/.nuget/packages/microsoft.aspnetcore.app.ref/8.0.20/ref/net8.0/Microsoft.Extensions.Logging.EventSource.dll".
             Reference found at search path location "{RawFileName}".
             This reference is not "CopyLocal" because at least one source item had "Private" set to "false" and no source items had "Private" set to "true".
             The ImageRuntimeVersion for this reference is "".
         Primary reference "Microsoft.Extensions.Logging.TraceSource, Version=8.0.0.0, Culture=neutral, PublicKeyToken=adb9793829ddae60".
             Resolved file path is "/home/mostafa/.nuget/packages/microsoft.aspnetcore.app.ref/8.0.20/ref/net8.0/Microsoft.Extensions.Logging.TraceSource.dll".
             Reference found at search path location "{RawFileName}".
             This reference is not "CopyLocal" because at least one source item had "Private" set to "false" and no source items had "Private" set to "true".
             The ImageRuntimeVersion for this reference is "".
         Primary reference "Microsoft.Extensions.Logging, Version=8.0.0.0, Culture=neutral, PublicKeyToken=adb9793829ddae60".
             Resolved file path is "/home/mostafa/.nuget/packages/microsoft.aspnetcore.app.ref/8.0.20/ref/net8.0/Microsoft.Extensions.Logging.dll".
             Reference found at search path location "{RawFileName}".
             This reference is not "CopyLocal" because at least one source item had "Private" set to "false" and no source items had "Private" set to "true".
             The ImageRuntimeVersion for this reference is "".
         Primary reference "Microsoft.Extensions.ObjectPool, Version=8.0.0.0, Culture=neutral, PublicKeyToken=adb9793829ddae60".
             Resolved file path is "/home/mostafa/.nuget/packages/microsoft.aspnetcore.app.ref/8.0.20/ref/net8.0/Microsoft.Extensions.ObjectPool.dll".
             Reference found at search path location "{RawFileName}".
             This reference is not "CopyLocal" because at least one source item had "Private" set to "false" and no source items had "Private" set to "true".
             The ImageRuntimeVersion for this reference is "".
         Primary reference "Microsoft.Extensions.Options.ConfigurationExtensions, Version=8.0.0.0, Culture=neutral, PublicKeyToken=adb9793829ddae60".
             Resolved file path is "/home/mostafa/.nuget/packages/microsoft.aspnetcore.app.ref/8.0.20/ref/net8.0/Microsoft.Extensions.Options.ConfigurationExtensions.dll".
             Reference found at search path location "{RawFileName}".
             This reference is not "CopyLocal" because at least one source item had "Private" set to "false" and no source items had "Private" set to "true".
             The ImageRuntimeVersion for this reference is "".
         Primary reference "Microsoft.Extensions.Options.DataAnnotations, Version=8.0.0.0, Culture=neutral, PublicKeyToken=adb9793829ddae60".
             Resolved file path is "/home/mostafa/.nuget/packages/microsoft.aspnetcore.app.ref/8.0.20/ref/net8.0/Microsoft.Extensions.Options.DataAnnotations.dll".
             Reference found at search path location "{RawFileName}".
             This reference is not "CopyLocal" because at least one source item had "Private" set to "false" and no source items had "Private" set to "true".
             The ImageRuntimeVersion for this reference is "".
         Primary reference "Microsoft.Extensions.Options, Version=8.0.0.0, Culture=neutral, PublicKeyToken=adb9793829ddae60".
             Resolved file path is "/home/mostafa/.nuget/packages/microsoft.aspnetcore.app.ref/8.0.20/ref/net8.0/Microsoft.Extensions.Options.dll".
             Reference found at search path location "{RawFileName}".
             This reference is not "CopyLocal" because at least one source item had "Private" set to "false" and no source items had "Private" set to "true".
             The ImageRuntimeVersion for this reference is "".
         Primary reference "Microsoft.Extensions.Primitives, Version=8.0.0.0, Culture=neutral, PublicKeyToken=adb9793829ddae60".
             Resolved file path is "/home/mostafa/.nuget/packages/microsoft.aspnetcore.app.ref/8.0.20/ref/net8.0/Microsoft.Extensions.Primitives.dll".
             Reference found at search path location "{RawFileName}".
             This reference is not "CopyLocal" because at least one source item had "Private" set to "false" and no source items had "Private" set to "true".
             The ImageRuntimeVersion for this reference is "".
         Primary reference "Microsoft.Extensions.WebEncoders, Version=8.0.0.0, Culture=neutral, PublicKeyToken=adb9793829ddae60".
             Resolved file path is "/home/mostafa/.nuget/packages/microsoft.aspnetcore.app.ref/8.0.20/ref/net8.0/Microsoft.Extensions.WebEncoders.dll".
             Reference found at search path location "{RawFileName}".
             This reference is not "CopyLocal" because at least one source item had "Private" set to "false" and no source items had "Private" set to "true".
             The ImageRuntimeVersion for this reference is "".
         Primary reference "Microsoft.JSInterop, Version=8.0.0.0, Culture=neutral, PublicKeyToken=adb9793829ddae60".
             Resolved file path is "/home/mostafa/.nuget/packages/microsoft.aspnetcore.app.ref/8.0.20/ref/net8.0/Microsoft.JSInterop.dll".
             Reference found at search path location "{RawFileName}".
             This reference is not "CopyLocal" because at least one source item had "Private" set to "false" and no source items had "Private" set to "true".
             The ImageRuntimeVersion for this reference is "".
         Primary reference "Microsoft.Net.Http.Headers, Version=8.0.0.0, Culture=neutral, PublicKeyToken=adb9793829ddae60".
             Resolved file path is "/home/mostafa/.nuget/packages/microsoft.aspnetcore.app.ref/8.0.20/ref/net8.0/Microsoft.Net.Http.Headers.dll".
             Reference found at search path location "{RawFileName}".
             This reference is not "CopyLocal" because at least one source item had "Private" set to "false" and no source items had "Private" set to "true".
             The ImageRuntimeVersion for this reference is "".
         Primary reference "System.Diagnostics.EventLog, Version=8.0.0.0, Culture=neutral, PublicKeyToken=cc7b13ffcd2ddd51".
             Resolved file path is "/home/mostafa/.nuget/packages/microsoft.aspnetcore.app.ref/8.0.20/ref/net8.0/System.Diagnostics.EventLog.dll".
             Reference found at search path location "{RawFileName}".
             This reference is not "CopyLocal" because at least one source item had "Private" set to "false" and no source items had "Private" set to "true".
             The ImageRuntimeVersion for this reference is "".
         Primary reference "System.IO.Pipelines, Version=8.0.0.0, Culture=neutral, PublicKeyToken=cc7b13ffcd2ddd51".
             Resolved file path is "/home/mostafa/.nuget/packages/microsoft.aspnetcore.app.ref/8.0.20/ref/net8.0/System.IO.Pipelines.dll".
             Reference found at search path location "{RawFileName}".
             This reference is not "CopyLocal" because at least one source item had "Private" set to "false" and no source items had "Private" set to "true".
             The ImageRuntimeVersion for this reference is "".
         Primary reference "System.Security.Cryptography.Xml, Version=8.0.0.0, Culture=neutral, PublicKeyToken=cc7b13ffcd2ddd51".
             Resolved file path is "/home/mostafa/.nuget/packages/microsoft.aspnetcore.app.ref/8.0.20/ref/net8.0/System.Security.Cryptography.Xml.dll".
             Reference found at search path location "{RawFileName}".
             This reference is not "CopyLocal" because at least one source item had "Private" set to "false" and no source items had "Private" set to "true".
             The ImageRuntimeVersion for this reference is "".
         Primary reference "System.Threading.RateLimiting, Version=8.0.0.0, Culture=neutral, PublicKeyToken=cc7b13ffcd2ddd51".
             Resolved file path is "/home/mostafa/.nuget/packages/microsoft.aspnetcore.app.ref/8.0.20/ref/net8.0/System.Threading.RateLimiting.dll".
             Reference found at search path location "{RawFileName}".
             This reference is not "CopyLocal" because at least one source item had "Private" set to "false" and no source items had "Private" set to "true".
             The ImageRuntimeVersion for this reference is "".
       Done executing task "ResolveAssemblyReference".
     2>Done building target "ResolveAssemblyReferences" in project "HRManagementSystem.Domain.csproj".
       Target "GenerateBindingRedirects" skipped, due to false condition; ('$(AutoGenerateBindingRedirects)' == 'true' and '$(GenerateBindingRedirectsOutputType)' == 'true' and '@(SuggestedBindingRedirects)' != '' and '$(DesignTimeBuild)' != 'true' and '$(BuildingProject)' == 'true') was evaluated as ('' == 'true' and '' == 'true' and '' != '' and '' != 'true' and 'true' == 'true').
       Target "GenerateSupportedRuntime" skipped, due to false condition; ('$(GenerateSupportedRuntime)' != 'false' and '$(TargetFrameworkIdentifier)' == '.NETFramework' and '$(HasRuntimeOutput)' == 'true') was evaluated as ('' != 'false' and '.NETCoreApp' == '.NETFramework' and '' == 'true').
       Target "GenerateBindingRedirectsUpdateAppConfig" skipped, due to false condition; ('$(AutoGenerateBindingRedirects)' == 'true' and '$(GenerateBindingRedirectsOutputType)' == 'true') was evaluated as ('' == 'true' and '' == 'true').
       Target "ResolveComReferences" skipped, due to false condition; ('@(COMReference)'!='' or '@(COMFileReference)'!='') was evaluated as (''!='' or ''!='').
     2>Target "AfterResolveReferences" in file "/usr/share/dotnet/sdk/9.0.110/Microsoft.Common.CurrentVersion.targets" from project "/home/mostafa/Documents/Projects/hr-management-system/backend/HRManagementSystem/src/Core/HRManagementSystem.Domain/HRManagementSystem.Domain.csproj" (target "ResolveReferences" depends on it):
     2>Done building target "AfterResolveReferences" in project "HRManagementSystem.Domain.csproj".
     2>Target "ResolveReferences" in file "/usr/share/dotnet/sdk/9.0.110/Microsoft.Common.CurrentVersion.targets" from project "/home/mostafa/Documents/Projects/hr-management-system/backend/HRManagementSystem/src/Core/HRManagementSystem.Domain/HRManagementSystem.Domain.csproj" (target "_BlockWinMDsOnUnsupportedTFMs" depends on it):
     2>Done building target "ResolveReferences" in project "HRManagementSystem.Domain.csproj".
     2>Target "_BlockWinMDsOnUnsupportedTFMs" in file "/usr/share/dotnet/sdk/9.0.110/Sdks/Microsoft.NET.Sdk/targets/Microsoft.NET.Sdk.targets" from project "/home/mostafa/Documents/Projects/hr-management-system/backend/HRManagementSystem/src/Core/HRManagementSystem.Domain/HRManagementSystem.Domain.csproj" (target "CoreBuild" depends on it):
       Using "CheckForUnsupportedWinMDReferences" task from assembly "/usr/share/dotnet/sdk/9.0.110/Sdks/Microsoft.NET.Sdk/targets/../tools/net9.0/Microsoft.NET.Build.Tasks.dll".
       Task "CheckForUnsupportedWinMDReferences"
       Done executing task "CheckForUnsupportedWinMDReferences".
       Task "NETSdkError" skipped, due to false condition; ('$(OutputType)' == 'winmdobj') was evaluated as ('Library' == 'winmdobj').
     2>Done building target "_BlockWinMDsOnUnsupportedTFMs" in project "HRManagementSystem.Domain.csproj".
       Target "ResolveReferences" skipped. Previously built successfully.
       Target "ResolvePackageDependenciesForBuild" skipped. Previously built successfully.
       Target "_HandlePackageFileConflicts" skipped. Previously built successfully.
     2>Target "CopyAdditionalFiles" in file "/usr/share/dotnet/sdk/9.0.110/Roslyn/Microsoft.Managed.Core.targets" from project "/home/mostafa/Documents/Projects/hr-management-system/backend/HRManagementSystem/src/Core/HRManagementSystem.Domain/HRManagementSystem.Domain.csproj" (target "AssignTargetPaths" depends on it):
     2>Done building target "CopyAdditionalFiles" in project "HRManagementSystem.Domain.csproj".
       Target "_GetAppHostPaths" skipped, due to false condition; ('$(UseAppHost)' == 'true' and '$(_IsExecutable)' == 'true') was evaluated as ('' == 'true' and '' == 'true').
       Target "_GetAppHostCreationConfiguration" skipped, due to false condition; ('$(UseAppHost)' == 'true' and '$(_IsExecutable)' == 'true') was evaluated as ('' == 'true' and '' == 'true').
       Target "_GetComHostPaths" skipped, due to false condition; ('$(EnableComHosting)' == 'true' and '$(_IsExecutable)' != 'true') was evaluated as ('' == 'true' and '' != 'true').
       Target "_GetIjwHostPaths" skipped, due to false condition; ('$(UseIJWHost)' == 'true') was evaluated as ('' == 'true').
     2>Target "_ComputeNETCoreBuildOutputFiles" in file "/usr/share/dotnet/sdk/9.0.110/Sdks/Microsoft.NET.Sdk/targets/Microsoft.NET.Sdk.targets" from project "/home/mostafa/Documents/Projects/hr-management-system/backend/HRManagementSystem/src/Core/HRManagementSystem.Domain/HRManagementSystem.Domain.csproj" (target "AssignTargetPaths" depends on it):
     2>Done building target "_ComputeNETCoreBuildOutputFiles" in project "HRManagementSystem.Domain.csproj".
     2>Target "AssignTargetPaths" in file "/usr/share/dotnet/sdk/9.0.110/Microsoft.Common.CurrentVersion.targets" from project "/home/mostafa/Documents/Projects/hr-management-system/backend/HRManagementSystem/src/Core/HRManagementSystem.Domain/HRManagementSystem.Domain.csproj" (target "PrepareResourceNames" depends on it):
       Using "AssignTargetPath" task from assembly "Microsoft.Build.Tasks.Core, Version=15.1.0.0, Culture=neutral, PublicKeyToken=b03f5f7f11d50a3a".
       Task "AssignTargetPath"
       Done executing task "AssignTargetPath".
       Task "AssignTargetPath"
       Done executing task "AssignTargetPath".
       Task "AssignTargetPath"
       Done executing task "AssignTargetPath".
       Task "AssignTargetPath"
     0>Assembly loaded during Evaluation: System.Numerics.Vectors, Version=9.0.0.0, Culture=neutral, PublicKeyToken=b03f5f7f11d50a3a (location: /usr/share/dotnet/shared/Microsoft.NETCore.App/9.0.9/System.Numerics.Vectors.dll, MVID: f68ee704-66b4-4ef3-bbbd-8fd02519cc5a, AssemblyLoadContext: Default)
     2>Done executing task "AssignTargetPath".
       Task "AssignTargetPath" skipped, due to false condition; ('@(_DeploymentBaseManifestWithTargetPath)'=='' and '%(None.Extension)'=='.manifest') was evaluated as (''=='' and ''=='.manifest').
     2>Done building target "AssignTargetPaths" in project "HRManagementSystem.Domain.csproj".
       Target "AssignTargetPaths" skipped. Previously built successfully.
     2>Target "SplitResourcesByCulture" in file "/usr/share/dotnet/sdk/9.0.110/Microsoft.Common.CurrentVersion.targets" from project "/home/mostafa/Documents/Projects/hr-management-system/backend/HRManagementSystem/src/Core/HRManagementSystem.Domain/HRManagementSystem.Domain.csproj" (target "PrepareResourceNames" depends on it):
       Task "Warning" skipped, due to false condition; ('@(ResxWithNoCulture)'!='') was evaluated as (''!='').
       Task "Warning" skipped, due to false condition; ('@(ResxWithCulture)'!='') was evaluated as (''!='').
       Task "Warning" skipped, due to false condition; ('@(NonResxWithCulture)'!='') was evaluated as (''!='').
       Task "Warning" skipped, due to false condition; ('@(NonResxWithNoCulture)'!='') was evaluated as (''!='').
       Using "AssignCulture" task from assembly "Microsoft.Build.Tasks.Core, Version=15.1.0.0, Culture=neutral, PublicKeyToken=b03f5f7f11d50a3a".
       Task "AssignCulture"
       Done executing task "AssignCulture".
     2>Done building target "SplitResourcesByCulture" in project "HRManagementSystem.Domain.csproj".
       Target "CreateManifestResourceNames" skipped, due to false condition; ('@(EmbeddedResource)' != '') was evaluated as ('' != '').
     2>Target "CreateCustomManifestResourceNames" in file "/usr/share/dotnet/sdk/9.0.110/Microsoft.Common.CurrentVersion.targets" from project "/home/mostafa/Documents/Projects/hr-management-system/backend/HRManagementSystem/src/Core/HRManagementSystem.Domain/HRManagementSystem.Domain.csproj" (target "PrepareResourceNames" depends on it):
     2>Done building target "CreateCustomManifestResourceNames" in project "HRManagementSystem.Domain.csproj".
     2>Target "PrepareResourceNames" in file "/usr/share/dotnet/sdk/9.0.110/Microsoft.Common.CurrentVersion.targets" from project "/home/mostafa/Documents/Projects/hr-management-system/backend/HRManagementSystem/src/Core/HRManagementSystem.Domain/HRManagementSystem.Domain.csproj" (target "PrepareResources" depends on it):
     2>Done building target "PrepareResourceNames" in project "HRManagementSystem.Domain.csproj".
       Target "ResolveAssemblyReferences" skipped. Previously built successfully.
       Target "SplitResourcesByCulture" skipped. Previously built successfully.
     2>Target "BeforeResGen" in file "/usr/share/dotnet/sdk/9.0.110/Microsoft.Common.CurrentVersion.targets" from project "/home/mostafa/Documents/Projects/hr-management-system/backend/HRManagementSystem/src/Core/HRManagementSystem.Domain/HRManagementSystem.Domain.csproj" (target "ResGen" depends on it):
     2>Done building target "BeforeResGen" in project "HRManagementSystem.Domain.csproj".
       Target "ResolveReferences" skipped. Previously built successfully.
     0>Assembly loaded during Evaluation: System.Numerics.Vectors, Version=9.0.0.0, Culture=neutral, PublicKeyToken=b03f5f7f11d50a3a (location: /usr/share/dotnet/shared/Microsoft.NETCore.App/9.0.9/System.Numerics.Vectors.dll, MVID: f68ee704-66b4-4ef3-bbbd-8fd02519cc5a, AssemblyLoadContext: Default)
       Overriding target "ResolveFrameworkReferences" in project "/usr/share/dotnet/sdk/9.0.110/Microsoft.Common.CurrentVersion.targets" with target "ResolveFrameworkReferences" from project "/usr/share/dotnet/sdk/9.0.110/Sdks/Microsoft.NET.Sdk/targets/Microsoft.NET.Sdk.FrameworkReferenceResolution.targets".
       Overriding target "Run" in project "/usr/share/dotnet/sdk/9.0.110/Microsoft.Common.CurrentVersion.targets" with target "Run" from project "/usr/share/dotnet/sdk/9.0.110/Sdks/Microsoft.NET.Sdk/targets/Microsoft.NET.Sdk.targets".
       Overriding target "GenerateSupportedTargetFrameworkAlias" in project "/usr/share/dotnet/sdk/9.0.110/Microsoft.Common.CurrentVersion.targets" with target "GenerateSupportedTargetFrameworkAlias" from project "/usr/share/dotnet/sdk/9.0.110/Sdks/Microsoft.NET.Sdk/targets/Microsoft.NET.Sdk.targets".
       Overriding target "GetReferenceAssemblyPaths" in project "/usr/share/dotnet/sdk/9.0.110/Microsoft.Common.CurrentVersion.targets" with target "GetReferenceAssemblyPaths" from project "/usr/share/dotnet/sdk/9.0.110/Sdks/Microsoft.NET.Sdk/targets/Microsoft.NET.DisableStandardFrameworkResolution.targets".
       Overriding target "GetFrameworkPaths" in project "/usr/share/dotnet/sdk/9.0.110/Microsoft.Common.CurrentVersion.targets" with target "GetFrameworkPaths" from project "/usr/share/dotnet/sdk/9.0.110/Sdks/Microsoft.NET.Sdk/targets/Microsoft.NET.DisableStandardFrameworkResolution.targets".
       Overriding target "DesignerRuntimeImplementationProjectOutputGroup" in project "/usr/share/dotnet/sdk/9.0.110/Microsoft.Common.CurrentVersion.targets" with target "DesignerRuntimeImplementationProjectOutputGroup" from project "/usr/share/dotnet/sdk/9.0.110/Sdks/Microsoft.NET.Sdk/targets/Microsoft.NET.DesignerSupport.targets".
       Overriding target "Publish" in project "/usr/share/dotnet/sdk/9.0.110/Microsoft.Common.CurrentVersion.targets" with target "Publish" from project "/usr/share/dotnet/sdk/9.0.110/Sdks/Microsoft.NET.Sdk/targets/Microsoft.NET.Publish.targets".
       Overriding target "ResolveReadyToRunCompilers" in project "/usr/share/dotnet/sdk/9.0.110/Sdks/Microsoft.NET.Sdk/targets/Microsoft.NET.CrossGen.targets" with target "ResolveReadyToRunCompilers" from project "/usr/share/dotnet/sdk/9.0.110/Sdks/Microsoft.NET.Sdk/targets/Microsoft.NET.Publish.targets".
       Overriding target "GetCopyToPublishDirectoryItems" in project "/usr/share/dotnet/sdk/9.0.110/Microsoft.Common.CurrentVersion.targets" with target "GetCopyToPublishDirectoryItems" from project "/usr/share/dotnet/sdk/9.0.110/Sdks/Microsoft.NET.Sdk/targets/Microsoft.NET.Publish.targets".
       The target "ResolveNuGetPackageAssets" listed in an AfterTargets attribute at "/home/mostafa/.nuget/packages/microsoft.extensions.logging.abstractions/8.0.0/buildTransitive/net6.0/Microsoft.Extensions.Logging.Abstractions.targets (11,11)" does not exist in the project, and will be ignored.
       The target "ResolveNuGetPackageAssets" listed in an AfterTargets attribute at "/home/mostafa/.nuget/packages/microsoft.extensions.logging.abstractions/8.0.0/buildTransitive/net6.0/Microsoft.Extensions.Logging.Abstractions.targets (23,11)" does not exist in the project, and will be ignored.
       The target "ResolveNuGetPackageAssets" listed in an AfterTargets attribute at "/home/mostafa/.nuget/packages/microsoft.extensions.options/8.0.2/buildTransitive/net6.0/Microsoft.Extensions.Options.targets (11,11)" does not exist in the project, and will be ignored.
       The target "ResolveNuGetPackageAssets" listed in an AfterTargets attribute at "/home/mostafa/.nuget/packages/microsoft.extensions.options/8.0.2/buildTransitive/net6.0/Microsoft.Extensions.Options.targets (23,11)" does not exist in the project, and will be ignored.
       Overriding target "Microsoft_ML_OnnxRuntime_CheckPrerequisites" in project "/home/mostafa/.nuget/packages/microsoft.ml.onnxruntime.managed/1.23.2/build/netstandard2.0/Microsoft.ML.OnnxRuntime.Managed.targets" with target "Microsoft_ML_OnnxRuntime_CheckPrerequisites" from project "/home/mostafa/.nuget/packages/microsoft.ml.onnxruntime/1.23.2/build/netstandard2.1/Microsoft.ML.OnnxRuntime.targets".
       Overriding target "ResolveFrameworkReferences" in project "/usr/share/dotnet/sdk/9.0.110/Microsoft.Common.CurrentVersion.targets" with target "ResolveFrameworkReferences" from project "/usr/share/dotnet/sdk/9.0.110/Sdks/Microsoft.NET.Sdk/targets/Microsoft.NET.Sdk.FrameworkReferenceResolution.targets".
       Overriding target "Run" in project "/usr/share/dotnet/sdk/9.0.110/Microsoft.Common.CurrentVersion.targets" with target "Run" from project "/usr/share/dotnet/sdk/9.0.110/Sdks/Microsoft.NET.Sdk/targets/Microsoft.NET.Sdk.targets".
       Overriding target "GenerateSupportedTargetFrameworkAlias" in project "/usr/share/dotnet/sdk/9.0.110/Microsoft.Common.CurrentVersion.targets" with target "GenerateSupportedTargetFrameworkAlias" from project "/usr/share/dotnet/sdk/9.0.110/Sdks/Microsoft.NET.Sdk/targets/Microsoft.NET.Sdk.targets".
       Overriding target "GetReferenceAssemblyPaths" in project "/usr/share/dotnet/sdk/9.0.110/Microsoft.Common.CurrentVersion.targets" with target "GetReferenceAssemblyPaths" from project "/usr/share/dotnet/sdk/9.0.110/Sdks/Microsoft.NET.Sdk/targets/Microsoft.NET.DisableStandardFrameworkResolution.targets".
       Overriding target "GetFrameworkPaths" in project "/usr/share/dotnet/sdk/9.0.110/Microsoft.Common.CurrentVersion.targets" with target "GetFrameworkPaths" from project "/usr/share/dotnet/sdk/9.0.110/Sdks/Microsoft.NET.Sdk/targets/Microsoft.NET.DisableStandardFrameworkResolution.targets".
       Overriding target "DesignerRuntimeImplementationProjectOutputGroup" in project "/usr/share/dotnet/sdk/9.0.110/Microsoft.Common.CurrentVersion.targets" with target "DesignerRuntimeImplementationProjectOutputGroup" from project "/usr/share/dotnet/sdk/9.0.110/Sdks/Microsoft.NET.Sdk/targets/Microsoft.NET.DesignerSupport.targets".
       Overriding target "Publish" in project "/usr/share/dotnet/sdk/9.0.110/Microsoft.Common.CurrentVersion.targets" with target "Publish" from project "/usr/share/dotnet/sdk/9.0.110/Sdks/Microsoft.NET.Sdk/targets/Microsoft.NET.Publish.targets".
       Overriding target "ResolveReadyToRunCompilers" in project "/usr/share/dotnet/sdk/9.0.110/Sdks/Microsoft.NET.Sdk/targets/Microsoft.NET.CrossGen.targets" with target "ResolveReadyToRunCompilers" from project "/usr/share/dotnet/sdk/9.0.110/Sdks/Microsoft.NET.Sdk/targets/Microsoft.NET.Publish.targets".
       Overriding target "GetCopyToPublishDirectoryItems" in project "/usr/share/dotnet/sdk/9.0.110/Microsoft.Common.CurrentVersion.targets" with target "GetCopyToPublishDirectoryItems" from project "/usr/share/dotnet/sdk/9.0.110/Sdks/Microsoft.NET.Sdk/targets/Microsoft.NET.Publish.targets".
       The target "ResolveNuGetPackageAssets" listed in an AfterTargets attribute at "/home/mostafa/.nuget/packages/microsoft.extensions.logging.abstractions/9.0.10/buildTransitive/net8.0/Microsoft.Extensions.Logging.Abstractions.targets (11,11)" does not exist in the project, and will be ignored.
       The target "ResolveNuGetPackageAssets" listed in an AfterTargets attribute at "/home/mostafa/.nuget/packages/microsoft.extensions.logging.abstractions/9.0.10/buildTransitive/net8.0/Microsoft.Extensions.Logging.Abstractions.targets (23,11)" does not exist in the project, and will be ignored.
       The target "ResolveNuGetPackageAssets" listed in an AfterTargets attribute at "/home/mostafa/.nuget/packages/microsoft.extensions.options/9.0.10/buildTransitive/net8.0/Microsoft.Extensions.Options.targets (11,11)" does not exist in the project, and will be ignored.
       The target "ResolveNuGetPackageAssets" listed in an AfterTargets attribute at "/home/mostafa/.nuget/packages/microsoft.extensions.options/9.0.10/buildTransitive/net8.0/Microsoft.Extensions.Options.targets (23,11)" does not exist in the project, and will be ignored.
     2>Target "FindReferenceAssembliesForReferences" in file "/usr/share/dotnet/sdk/9.0.110/Microsoft.Common.CurrentVersion.targets" from project "/home/mostafa/Documents/Projects/hr-management-system/backend/HRManagementSystem/src/Core/HRManagementSystem.Domain/HRManagementSystem.Domain.csproj" (target "CoreResGen" depends on it):
     2>Done building target "FindReferenceAssembliesForReferences" in project "HRManagementSystem.Domain.csproj".
     2>Target "CoreResGen" in file "/usr/share/dotnet/sdk/9.0.110/Microsoft.Common.CurrentVersion.targets" from project "/home/mostafa/Documents/Projects/hr-management-system/backend/HRManagementSystem/src/Core/HRManagementSystem.Domain/HRManagementSystem.Domain.csproj" (target "ResGen" depends on it):
       Task "GenerateResource" skipped, due to false condition; ('%(EmbeddedResource.Type)' == 'Resx' and '%(EmbeddedResource.GenerateResource)' != 'false' and '$(GenerateResourceMSBuildRuntime)' != 'CLR2') was evaluated as ('' == 'Resx' and '' != 'false' and 'CurrentRuntime' != 'CLR2').
       Task "GenerateResource" skipped, due to false condition; ('%(EmbeddedResource.Type)' == 'Resx' and '%(EmbeddedResource.GenerateResource)' != 'false' and '$(GenerateResourceMSBuildRuntime)' == 'CLR2') was evaluated as ('' == 'Resx' and '' != 'false' and 'CurrentRuntime' == 'CLR2').
     2>Done building target "CoreResGen" in project "HRManagementSystem.Domain.csproj".
     2>Target "AfterResGen" in file "/usr/share/dotnet/sdk/9.0.110/Microsoft.Common.CurrentVersion.targets" from project "/home/mostafa/Documents/Projects/hr-management-system/backend/HRManagementSystem/src/Core/HRManagementSystem.Domain/HRManagementSystem.Domain.csproj" (target "ResGen" depends on it):
     2>Done building target "AfterResGen" in project "HRManagementSystem.Domain.csproj".
     2>Target "ResGen" in file "/usr/share/dotnet/sdk/9.0.110/Microsoft.Common.CurrentVersion.targets" from project "/home/mostafa/Documents/Projects/hr-management-system/backend/HRManagementSystem/src/Core/HRManagementSystem.Domain/HRManagementSystem.Domain.csproj" (target "PrepareResources" depends on it):
     2>Done building target "ResGen" in project "HRManagementSystem.Domain.csproj".
       Target "CompileLicxFiles" skipped, due to false condition; ('@(_LicxFile)'!='') was evaluated as (''!='').
     2>Target "PrepareResources" in file "/usr/share/dotnet/sdk/9.0.110/Microsoft.Common.CurrentVersion.targets" from project "/home/mostafa/Documents/Projects/hr-management-system/backend/HRManagementSystem/src/Core/HRManagementSystem.Domain/HRManagementSystem.Domain.csproj" (target "CoreBuild" depends on it):
     2>Done building target "PrepareResources" in project "HRManagementSystem.Domain.csproj".
       Target "ResolveKeySource" skipped, due to false condition; ($(SignManifests) == 'true' or $(SignAssembly) == 'true') was evaluated as ( == 'true' or false == 'true').
       Target "ResolveReferences" skipped. Previously built successfully.
       Target "ResolveKeySource" skipped, due to false condition; ($(SignManifests) == 'true' or $(SignAssembly) == 'true') was evaluated as ( == 'true' or false == 'true').
       Target "ResolveComReferences" skipped, due to false condition; ('@(COMReference)'!='' or '@(COMFileReference)'!='') was evaluated as (''!='' or ''!='').
       Target "ResolveNativeReferences" skipped, due to false condition; ('@(NativeReference)'!='') was evaluated as (''!='').
       Target "_SetExternalWin32ManifestProperties" skipped, due to false condition; ('$(GenerateClickOnceManifests)'=='true' or '@(NativeReference)'!='' or '@(ResolvedIsolatedComModules)'!='') was evaluated as (''=='true' or ''!='' or ''!='').
     2>Target "_SetEmbeddedWin32ManifestProperties" in file "/usr/share/dotnet/sdk/9.0.110/Microsoft.Common.CurrentVersion.targets" from project "/home/mostafa/Documents/Projects/hr-management-system/backend/HRManagementSystem/src/Core/HRManagementSystem.Domain/HRManagementSystem.Domain.csproj" (target "SetWin32ManifestProperties" depends on it):
       Using "GetFrameworkPath" task from assembly "Microsoft.Build.Tasks.Core, Version=15.1.0.0, Culture=neutral, PublicKeyToken=b03f5f7f11d50a3a".
       Task "GetFrameworkPath"
       Done executing task "GetFrameworkPath".
     2>Done building target "_SetEmbeddedWin32ManifestProperties" in project "HRManagementSystem.Domain.csproj".
     2>Target "SetWin32ManifestProperties" in file "/usr/share/dotnet/sdk/9.0.110/Microsoft.Common.CurrentVersion.targets" from project "/home/mostafa/Documents/Projects/hr-management-system/backend/HRManagementSystem/src/Core/HRManagementSystem.Domain/HRManagementSystem.Domain.csproj" (target "Compile" depends on it):
     2>Done building target "SetWin32ManifestProperties" in project "HRManagementSystem.Domain.csproj".
       Target "_SetPreferNativeArm64Win32ManifestProperties" skipped, due to false condition; ( '$(PreferNativeArm64)'=='true' and '$(NoWin32Manifest)'!='true') was evaluated as ( 'false'=='true' and ''!='true').
       Target "FindReferenceAssembliesForReferences" skipped. Previously built successfully.
     2>Target "_GenerateCompileInputs" in file "/usr/share/dotnet/sdk/9.0.110/Microsoft.Common.CurrentVersion.targets" from project "/home/mostafa/Documents/Projects/hr-management-system/backend/HRManagementSystem/src/Core/HRManagementSystem.Domain/HRManagementSystem.Domain.csproj" (target "Compile" depends on it):
       Task "Warning" skipped, due to false condition; ('@(ManifestResourceWithNoCulture)'!='' and '%(ManifestResourceWithNoCulture.EmittedForCompatibilityOnly)'=='') was evaluated as (''!='' and ''=='').
       Task "Warning" skipped, due to false condition; ('@(ManifestNonResxWithNoCultureOnDisk)'!='' and '%(ManifestNonResxWithNoCultureOnDisk.EmittedForCompatibilityOnly)'=='') was evaluated as (''!='' and ''=='').
     2>Done building target "_GenerateCompileInputs" in project "HRManagementSystem.Domain.csproj".
       Target "PrepareForBuild" skipped. Previously built successfully.
     2>Target "GenerateMSBuildEditorConfigFileShouldRun" in file "/usr/share/dotnet/sdk/9.0.110/Roslyn/Microsoft.Managed.Core.targets" from project "/home/mostafa/Documents/Projects/hr-management-system/backend/HRManagementSystem/src/Core/HRManagementSystem.Domain/HRManagementSystem.Domain.csproj" (target "GenerateMSBuildEditorConfigFile" depends on it):
     2>Done building target "GenerateMSBuildEditorConfigFileShouldRun" in project "HRManagementSystem.Domain.csproj".
     2>Target "AddGlobalAnalyzerConfigForPackage_MicrosoftCodeAnalysisCSharpCodeStyle" in file "/usr/share/dotnet/sdk/9.0.110/Sdks/Microsoft.NET.Sdk/codestyle/cs/build/Microsoft.CodeAnalysis.CSharp.CodeStyle.targets" from project "/home/mostafa/Documents/Projects/hr-management-system/backend/HRManagementSystem/src/Core/HRManagementSystem.Domain/HRManagementSystem.Domain.csproj" (target "GenerateMSBuildEditorConfigFileCore" depends on it):
     2>Done building target "AddGlobalAnalyzerConfigForPackage_MicrosoftCodeAnalysisCSharpCodeStyle" in project "HRManagementSystem.Domain.csproj".
     2>Target "GenerateMSBuildEditorConfigFileCore" in file "/usr/share/dotnet/sdk/9.0.110/Roslyn/Microsoft.Managed.Core.targets" from project "/home/mostafa/Documents/Projects/hr-management-system/backend/HRManagementSystem/src/Core/HRManagementSystem.Domain/HRManagementSystem.Domain.csproj" (target "GenerateMSBuildEditorConfigFile" depends on it):
       Building target "GenerateMSBuildEditorConfigFileCore" completely.
       No input files were specified.
       Using "GenerateMSBuildEditorConfig" task from assembly "/usr/share/dotnet/sdk/9.0.110/Roslyn/Microsoft.Build.Tasks.CodeAnalysis.dll".
       Task "GenerateMSBuildEditorConfig"
       Done executing task "GenerateMSBuildEditorConfig".
     2>Done building target "GenerateMSBuildEditorConfigFileCore" in project "HRManagementSystem.Domain.csproj".
     2>Target "GenerateMSBuildEditorConfigFile" in file "/usr/share/dotnet/sdk/9.0.110/Roslyn/Microsoft.Managed.Core.targets" from project "/home/mostafa/Documents/Projects/hr-management-system/backend/HRManagementSystem/src/Core/HRManagementSystem.Domain/HRManagementSystem.Domain.csproj" (target "BeforeCompile" depends on it):
     2>Done building target "GenerateMSBuildEditorConfigFile" in project "HRManagementSystem.Domain.csproj".
       Target "PrepareForBuild" skipped. Previously built successfully.
       Target "GetReferenceAssemblyPaths" skipped. Previously built successfully.
     2>Target "_SetTargetFrameworkMonikerAttribute" in file "/usr/share/dotnet/sdk/9.0.110/Microsoft.CSharp.CurrentVersion.targets" from project "/home/mostafa/Documents/Projects/hr-management-system/backend/HRManagementSystem/src/Core/HRManagementSystem.Domain/HRManagementSystem.Domain.csproj" (target "GenerateTargetFrameworkMonikerAttribute" depends on it):
     2>Done building target "_SetTargetFrameworkMonikerAttribute" in project "HRManagementSystem.Domain.csproj".
     2>Target "GenerateTargetFrameworkMonikerAttribute" in file "/usr/share/dotnet/sdk/9.0.110/Microsoft.Common.CurrentVersion.targets" from project "/home/mostafa/Documents/Projects/hr-management-system/backend/HRManagementSystem/src/Core/HRManagementSystem.Domain/HRManagementSystem.Domain.csproj" (target "BeforeCompile" depends on it):
       Skipping target "GenerateTargetFrameworkMonikerAttribute" because all output files are up-to-date with respect to the input files.
       Input files: /usr/share/dotnet/sdk/9.0.110/Microsoft.Common.targets
       Output files: obj/Debug/net8.0/.NETCoreApp,Version=v8.0.AssemblyAttributes.cs
     2>Done building target "GenerateTargetFrameworkMonikerAttribute" in project "HRManagementSystem.Domain.csproj".
       Target "GenerateAdditionalSources" skipped, due to false condition; ('@(AssemblyAttributes)' != '' and '$(GenerateAdditionalSources)' == 'true') was evaluated as ('' != '' and '' == 'true').
       Target "PrepareForBuild" skipped. Previously built successfully.
     2>Target "GetAssemblyVersion" in file "/usr/share/dotnet/sdk/9.0.110/Sdks/Microsoft.NET.Sdk/targets/Microsoft.NET.GenerateAssemblyInfo.targets" from project "/home/mostafa/Documents/Projects/hr-management-system/backend/HRManagementSystem/src/Core/HRManagementSystem.Domain/HRManagementSystem.Domain.csproj" (target "GetAssemblyAttributes" depends on it):
       Using "GetAssemblyVersion" task from assembly "/usr/share/dotnet/sdk/9.0.110/Sdks/Microsoft.NET.Sdk/targets/../tools/net9.0/Microsoft.NET.Build.Tasks.dll".
       Task "GetAssemblyVersion"
       Done executing task "GetAssemblyVersion".
     2>Done building target "GetAssemblyVersion" in project "HRManagementSystem.Domain.csproj".
       Target "GetAssemblyVersion" skipped. Previously built successfully.
     1>Project "/home/mostafa/Documents/Projects/hr-management-system/backend/HRManagementSystem/HRManagementSystem.sln" (1) is building "/home/mostafa/Documents/Projects/hr-management-system/backend/HRManagementSystem/src/Core/HRManagementSystem.Application/HRManagementSystem.Application.csproj" (3) on node 3 (default targets).
     3>Target "_CheckForUnsupportedTargetFramework" skipped, due to false condition; ('$(_UnsupportedTargetFrameworkError)' == 'true') was evaluated as ('' == 'true').
     2>Target "InitializeSourceControlInformationFromSourceControlManager" in file "/usr/share/dotnet/sdk/9.0.110/Sdks/Microsoft.Build.Tasks.Git/build/Microsoft.Build.Tasks.Git.targets" from project "/home/mostafa/Documents/Projects/hr-management-system/backend/HRManagementSystem/src/Core/HRManagementSystem.Domain/HRManagementSystem.Domain.csproj" (target "_InitializeSourceControlInformationFromSourceControlManager" depends on it):
     2>Using "Microsoft.Build.Tasks.Git.LocateRepository" task from assembly "/usr/share/dotnet/sdk/9.0.110/Sdks/Microsoft.Build.Tasks.Git/build/../tools/net/Microsoft.Build.Tasks.Git.dll".
       Task "Microsoft.Build.Tasks.Git.LocateRepository"
     1>Project "/home/mostafa/Documents/Projects/hr-management-system/backend/HRManagementSystem/HRManagementSystem.sln" (1) is building "/home/mostafa/Documents/Projects/hr-management-system/backend/HRManagementSystem/src/Infrastructure/HRManagementSystem.Infrastructure/HRManagementSystem.Infrastructure.csproj" (4) on node 4 (default targets).
     4>Target "_CheckForUnsupportedTargetFramework" skipped, due to false condition; ('$(_UnsupportedTargetFrameworkError)' == 'true') was evaluated as ('' == 'true').
     2>InitializeSourceControlInformationFromSourceControlManager:
         SourceLink: Repository instance not found in cache: '*:/home/mostafa/Documents/Projects/hr-management-system/.git'
     4>Target "_CollectTargetFrameworkForTelemetry" in file "/usr/share/dotnet/sdk/9.0.110/Sdks/Microsoft.NET.Sdk/targets/Microsoft.NET.TargetFrameworkInference.targets" from project "/home/mostafa/Documents/Projects/hr-management-system/backend/HRManagementSystem/src/Infrastructure/HRManagementSystem.Infrastructure/HRManagementSystem.Infrastructure.csproj" (target "_CheckForInvalidConfigurationAndPlatform" depends on it):
     4>Using "AllowEmptyTelemetry" task from assembly "/usr/share/dotnet/sdk/9.0.110/Sdks/Microsoft.NET.Sdk/targets/../tools/net9.0/Microsoft.NET.Build.Tasks.dll".
       Task "AllowEmptyTelemetry"
     3>Target "_CollectTargetFrameworkForTelemetry" in file "/usr/share/dotnet/sdk/9.0.110/Sdks/Microsoft.NET.Sdk/targets/Microsoft.NET.TargetFrameworkInference.targets" from project "/home/mostafa/Documents/Projects/hr-management-system/backend/HRManagementSystem/src/Core/HRManagementSystem.Application/HRManagementSystem.Application.csproj" (target "_CheckForInvalidConfigurationAndPlatform" depends on it):
     3>Using "AllowEmptyTelemetry" task from assembly "/usr/share/dotnet/sdk/9.0.110/Sdks/Microsoft.NET.Sdk/targets/../tools/net9.0/Microsoft.NET.Build.Tasks.dll".
       Task "AllowEmptyTelemetry"
     4>Done executing task "AllowEmptyTelemetry".
     4>Done building target "_CollectTargetFrameworkForTelemetry" in project "HRManagementSystem.Infrastructure.csproj".
     3>Done executing task "AllowEmptyTelemetry".
     3>Done building target "_CollectTargetFrameworkForTelemetry" in project "HRManagementSystem.Application.csproj".
       Target "_CheckForUnsupportedTargetPlatformIdentifier" skipped, due to false condition; ('$(TargetPlatformIdentifier)' != '' and '$(TargetFrameworkIdentifier)' == '.NETCoreApp' and $([MSBuild]::VersionGreaterThanOrEquals($(TargetFrameworkVersion), 5.0)) And ('$(DesignTimeBuild)' != 'true' Or '@(MissingWorkloadPack)' == '')) was evaluated as ('' != '' and '.NETCoreApp' == '.NETCoreApp' and True And ('' != 'true' Or '' == '')).
     4>Target "_CheckForUnsupportedTargetPlatformIdentifier" skipped, due to false condition; ('$(TargetPlatformIdentifier)' != '' and '$(TargetFrameworkIdentifier)' == '.NETCoreApp' and $([MSBuild]::VersionGreaterThanOrEquals($(TargetFrameworkVersion), 5.0)) And ('$(DesignTimeBuild)' != 'true' Or '@(MissingWorkloadPack)' == '')) was evaluated as ('' != '' and '.NETCoreApp' == '.NETCoreApp' and True And ('' != 'true' Or '' == '')).
     3>Target "_CheckForMissingWorkload" skipped, due to false condition; ('@(MissingWorkloadPack)' != '' And '$(DesignTimeBuild)' != 'true') was evaluated as ('' != '' And '' != 'true').
     4>Target "_CheckForMissingWorkload" skipped, due to false condition; ('@(MissingWorkloadPack)' != '' And '$(DesignTimeBuild)' != 'true') was evaluated as ('' != '' And '' != 'true').
     3>Target "_CheckForUnsupportedNETCoreVersion" in file "/usr/share/dotnet/sdk/9.0.110/Sdks/Microsoft.NET.Sdk/targets/Microsoft.NET.TargetFrameworkInference.targets" from project "/home/mostafa/Documents/Projects/hr-management-system/backend/HRManagementSystem/src/Core/HRManagementSystem.Application/HRManagementSystem.Application.csproj" (target "_CheckForInvalidConfigurationAndPlatform" depends on it):
     3>Task "NETSdkError" skipped, due to false condition; ('$(_TargetFrameworkVersionWithoutV)' > '$(NETCoreAppMaximumVersion)' and '$(DisplayVSMessage)' != 'true') was evaluated as ('8.0' > '9.0' and '' != 'true').
     4>Target "_CheckForUnsupportedNETCoreVersion" in file "/usr/share/dotnet/sdk/9.0.110/Sdks/Microsoft.NET.Sdk/targets/Microsoft.NET.TargetFrameworkInference.targets" from project "/home/mostafa/Documents/Projects/hr-management-system/backend/HRManagementSystem/src/Infrastructure/HRManagementSystem.Infrastructure/HRManagementSystem.Infrastructure.csproj" (target "_CheckForInvalidConfigurationAndPlatform" depends on it):
     4>Task "NETSdkError" skipped, due to false condition; ('$(_TargetFrameworkVersionWithoutV)' > '$(NETCoreAppMaximumVersion)' and '$(DisplayVSMessage)' != 'true') was evaluated as ('8.0' > '9.0' and '' != 'true').
     3>_CheckForUnsupportedNETCoreVersion:
       Task "NETSdkError" skipped, due to false condition; ('$(DisplayVSMessage)' == 'true') was evaluated as ('' == 'true').
     4>_CheckForUnsupportedNETCoreVersion:
       Task "NETSdkError" skipped, due to false condition; ('$(DisplayVSMessage)' == 'true') was evaluated as ('' == 'true').
     4>Done building target "_CheckForUnsupportedNETCoreVersion" in project "HRManagementSystem.Infrastructure.csproj".
     3>Done building target "_CheckForUnsupportedNETCoreVersion" in project "HRManagementSystem.Application.csproj".
     4>Target "_CheckForEolTargetFrameworks" skipped, due to false condition; ('@(_EolNetCoreTargetFrameworkVersions->AnyHaveMetadataValue('Identity', '$(_TargetFrameworkVersionWithoutV)'))' and '$(TargetFrameworkIdentifier)' == '.NETCoreApp' and '$(CheckEolTargetFramework)' == 'true') was evaluated as ('false' and '.NETCoreApp' == '.NETCoreApp' and '' == 'true').
     3>Target "_CheckForEolTargetFrameworks" skipped, due to false condition; ('@(_EolNetCoreTargetFrameworkVersions->AnyHaveMetadataValue('Identity', '$(_TargetFrameworkVersionWithoutV)'))' and '$(TargetFrameworkIdentifier)' == '.NETCoreApp' and '$(CheckEolTargetFramework)' == 'true') was evaluated as ('false' and '.NETCoreApp' == '.NETCoreApp' and '' == 'true').
     4>Target "_CheckForEolWorkloads" skipped, due to false condition; ('@(EolWorkload)' != '' and '$(CheckEolWorkloads)' == 'true') was evaluated as ('' != '' and 'true' == 'true').
       Target "_CheckForNotRecommendedNETStandardVersion" skipped, due to false condition; ('$(TargetFrameworkIdentifier)' == '.NETStandard' and $([MSBuild]::VersionLessThan($(TargetFrameworkVersion), '2.0'))) was evaluated as ('.NETCoreApp' == '.NETStandard' and False).
     3>Target "_CheckForEolWorkloads" skipped, due to false condition; ('@(EolWorkload)' != '' and '$(CheckEolWorkloads)' == 'true') was evaluated as ('' != '' and 'true' == 'true').
       Target "_CheckForNotRecommendedNETStandardVersion" skipped, due to false condition; ('$(TargetFrameworkIdentifier)' == '.NETStandard' and $([MSBuild]::VersionLessThan($(TargetFrameworkVersion), '2.0'))) was evaluated as ('.NETCoreApp' == '.NETStandard' and False).
     4>Target "_CheckForUnsupportedCppNETCoreVersion" in file "/usr/share/dotnet/sdk/9.0.110/Sdks/Microsoft.NET.Sdk/targets/Microsoft.NET.TargetFrameworkInference.targets" from project "/home/mostafa/Documents/Projects/hr-management-system/backend/HRManagementSystem/src/Infrastructure/HRManagementSystem.Infrastructure/HRManagementSystem.Infrastructure.csproj" (target "_CheckForInvalidConfigurationAndPlatform" depends on it):
     4>Task "NETSdkError" skipped, due to false condition; ('$(TargetFrameworkIdentifier)' == '.NETCoreApp' and '$(_TargetFrameworkVersionWithoutV)' < '3.1' and ('$(Language)' == 'C++' and '$(_EnablePackageReferencesInVCProjects)' != 'true')) was evaluated as ('.NETCoreApp' == '.NETCoreApp' and '8.0' < '3.1' and ('C#' == 'C++' and '' != 'true')).
     4>Done building target "_CheckForUnsupportedCppNETCoreVersion" in project "HRManagementSystem.Infrastructure.csproj".
       Target "_CheckForUnsupportedNETStandardVersion" skipped, due to false condition; ('$(TargetFrameworkIdentifier)' == '.NETStandard' And '$(NETStandardMaximumVersion)' != '') was evaluated as ('.NETCoreApp' == '.NETStandard' And '' != '').
       Target "_CheckForUnsupportedTargetFrameworkAndFeatureCombination" skipped, due to false condition; ('$(TargetFrameworkIdentifier)' == '.NETFramework') was evaluated as ('.NETCoreApp' == '.NETFramework').
     3>Target "_CheckForUnsupportedCppNETCoreVersion" in file "/usr/share/dotnet/sdk/9.0.110/Sdks/Microsoft.NET.Sdk/targets/Microsoft.NET.TargetFrameworkInference.targets" from project "/home/mostafa/Documents/Projects/hr-management-system/backend/HRManagementSystem/src/Core/HRManagementSystem.Application/HRManagementSystem.Application.csproj" (target "_CheckForInvalidConfigurationAndPlatform" depends on it):
     3>Task "NETSdkError" skipped, due to false condition; ('$(TargetFrameworkIdentifier)' == '.NETCoreApp' and '$(_TargetFrameworkVersionWithoutV)' < '3.1' and ('$(Language)' == 'C++' and '$(_EnablePackageReferencesInVCProjects)' != 'true')) was evaluated as ('.NETCoreApp' == '.NETCoreApp' and '8.0' < '3.1' and ('C#' == 'C++' and '' != 'true')).
     4>Target "_CheckForSupportedOSPlatformVersionHigherThanTargetPlatformVersion" skipped, due to false condition; ('$(TargetPlatformVersion)' != '' and '$(TargetFrameworkIdentifier)' == '.NETCoreApp' and $([MSBuild]::VersionGreaterThanOrEquals($(TargetFrameworkVersion), 5.0))) was evaluated as ('' != '' and '.NETCoreApp' == '.NETCoreApp' and True).
       Target "_CheckForInvalidTargetPlatformVersion" skipped, due to false condition; ('$(TargetPlatformVersion)' != '' and '$(TargetFrameworkIdentifier)' == '.NETCoreApp' and $([MSBuild]::VersionGreaterThanOrEquals($(TargetFrameworkVersion), 5.0)) and ('$(Language)' != 'C++' or '$(_EnablePackageReferencesInVCProjects)' == 'true')) was evaluated as ('' != '' and '.NETCoreApp' == '.NETCoreApp' and True and ('C#' != 'C++' or '' == 'true')).
     3>Done building target "_CheckForUnsupportedCppNETCoreVersion" in project "HRManagementSystem.Application.csproj".
     4>Target "_CheckForUnsupportedArtifactsPath" in file "/usr/share/dotnet/sdk/9.0.110/Sdks/Microsoft.NET.Sdk/targets/Microsoft.NET.DefaultOutputPaths.targets" from project "/home/mostafa/Documents/Projects/hr-management-system/backend/HRManagementSystem/src/Infrastructure/HRManagementSystem.Infrastructure/HRManagementSystem.Infrastructure.csproj" (target "_CheckForInvalidConfigurationAndPlatform" depends on it):
     4>Task "NetSdkError" skipped, due to false condition; ('$(UseArtifactsOutput)' == 'true' and '$(_ArtifactsPathSetEarly)' != 'true') was evaluated as ('' == 'true' and '' != 'true').
     3>Target "_CheckForUnsupportedNETStandardVersion" skipped, due to false condition; ('$(TargetFrameworkIdentifier)' == '.NETStandard' And '$(NETStandardMaximumVersion)' != '') was evaluated as ('.NETCoreApp' == '.NETStandard' And '' != '').
     4>_CheckForUnsupportedArtifactsPath:
       Task "NetSdkError" skipped, due to false condition; ('$(_ArtifactsPathLocationType)' == 'ProjectFolder') was evaluated as ('' == 'ProjectFolder').
     3>Target "_CheckForUnsupportedTargetFrameworkAndFeatureCombination" skipped, due to false condition; ('$(TargetFrameworkIdentifier)' == '.NETFramework') was evaluated as ('.NETCoreApp' == '.NETFramework').
     4>Done building target "_CheckForUnsupportedArtifactsPath" in project "HRManagementSystem.Infrastructure.csproj".
       Target "_CheckForMissingWorkload" skipped, due to false condition; ('@(MissingWorkloadPack)' != '' And '$(DesignTimeBuild)' != 'true') was evaluated as ('' != '' And '' != 'true').
     3>Target "_CheckForSupportedOSPlatformVersionHigherThanTargetPlatformVersion" skipped, due to false condition; ('$(TargetPlatformVersion)' != '' and '$(TargetFrameworkIdentifier)' == '.NETCoreApp' and $([MSBuild]::VersionGreaterThanOrEquals($(TargetFrameworkVersion), 5.0))) was evaluated as ('' != '' and '.NETCoreApp' == '.NETCoreApp' and True).
     4>Target "_CheckForUnsupportedAppHostUsage" skipped, due to false condition; ('$(TargetFrameworkIdentifier)' == '.NETCoreApp' and '$(HasRuntimeOutput)' == 'true') was evaluated as ('.NETCoreApp' == '.NETCoreApp' and '' == 'true').
     3>Target "_CheckForInvalidTargetPlatformVersion" skipped, due to false condition; ('$(TargetPlatformVersion)' != '' and '$(TargetFrameworkIdentifier)' == '.NETCoreApp' and $([MSBuild]::VersionGreaterThanOrEquals($(TargetFrameworkVersion), 5.0)) and ('$(Language)' != 'C++' or '$(_EnablePackageReferencesInVCProjects)' == 'true')) was evaluated as ('' != '' and '.NETCoreApp' == '.NETCoreApp' and True and ('C#' != 'C++' or '' == 'true')).
     4>Target "_CheckForUnsupportedHostingUsage" in file "/usr/share/dotnet/sdk/9.0.110/Sdks/Microsoft.NET.Sdk/targets/Microsoft.NET.RuntimeIdentifierInference.targets" from project "/home/mostafa/Documents/Projects/hr-management-system/backend/HRManagementSystem/src/Infrastructure/HRManagementSystem.Infrastructure/HRManagementSystem.Infrastructure.csproj" (target "_CheckForInvalidConfigurationAndPlatform" depends on it):
     4>Task "NETSdkWarning" skipped, due to false condition; ('$(SelfContained)' == 'true' and '$(EnableComHosting)' == 'true') was evaluated as ('' == 'true' and '' == 'true').
     4>Done building target "_CheckForUnsupportedHostingUsage" in project "HRManagementSystem.Infrastructure.csproj".
     3>Target "_CheckForUnsupportedArtifactsPath" in file "/usr/share/dotnet/sdk/9.0.110/Sdks/Microsoft.NET.Sdk/targets/Microsoft.NET.DefaultOutputPaths.targets" from project "/home/mostafa/Documents/Projects/hr-management-system/backend/HRManagementSystem/src/Core/HRManagementSystem.Application/HRManagementSystem.Application.csproj" (target "_CheckForInvalidConfigurationAndPlatform" depends on it):
     3>Task "NetSdkError" skipped, due to false condition; ('$(UseArtifactsOutput)' == 'true' and '$(_ArtifactsPathSetEarly)' != 'true') was evaluated as ('' == 'true' and '' != 'true').
       Task "NetSdkError" skipped, due to false condition; ('$(_ArtifactsPathLocationType)' == 'ProjectFolder') was evaluated as ('' == 'ProjectFolder').
     4>Target "_CheckAndUnsetUnsupportedPrefer32Bit" in file "/usr/share/dotnet/sdk/9.0.110/Sdks/Microsoft.NET.Sdk/targets/Microsoft.NET.RuntimeIdentifierInference.targets" from project "/home/mostafa/Documents/Projects/hr-management-system/backend/HRManagementSystem/src/Infrastructure/HRManagementSystem.Infrastructure/HRManagementSystem.Infrastructure.csproj" (target "_CheckForInvalidConfigurationAndPlatform" depends on it):
     4>Task "NETSdkWarning" skipped, due to false condition; ('$(Prefer32Bit)' == 'true') was evaluated as ('false' == 'true').
     4>Done building target "_CheckAndUnsetUnsupportedPrefer32Bit" in project "HRManagementSystem.Infrastructure.csproj".
       Target "_CheckAndUnsetUnsupportedPreferNativeArm64" skipped, due to false condition; ('$(TargetFrameworkIdentifier)' == '.NETCoreApp' and '$(PreferNativeArm64)' == 'true') was evaluated as ('.NETCoreApp' == '.NETCoreApp' and 'false' == 'true').
       Target "_CheckForMismatchingPlatform" skipped, due to false condition; ('$(RuntimeIdentifier)' != '' and '$(PlatformTarget)' != '') was evaluated as ('' != '' and 'x64' != '').
     4>Target "_CheckForLanguageAndFeatureCombinationSupport" in file "/usr/share/dotnet/sdk/9.0.110/Sdks/Microsoft.NET.Sdk/targets/Microsoft.NET.RuntimeIdentifierInference.targets" from project "/home/mostafa/Documents/Projects/hr-management-system/backend/HRManagementSystem/src/Infrastructure/HRManagementSystem.Infrastructure/HRManagementSystem.Infrastructure.csproj" (target "_CheckForInvalidConfigurationAndPlatform" depends on it):
       Task "NETSdkError" skipped, due to false condition; (('$(Language)' == 'C++' and '$(_EnablePackageReferencesInVCProjects)' != 'true') and $(OutputType) != 'library' and '$(TargetFrameworkIdentifier)' == '.NETCoreApp') was evaluated as (('C#' == 'C++' and '' != 'true') and Library != 'library' and '.NETCoreApp' == '.NETCoreApp').
       Task "NETSdkError" skipped, due to false condition; (('$(Language)' == 'C++' and '$(_EnablePackageReferencesInVCProjects)' != 'true') and $(EnableComHosting) == 'true') was evaluated as (('C#' == 'C++' and '' != 'true') and  == 'true').
       Task "NETSdkError" skipped, due to false condition; (('$(Language)' == 'C++' and '$(_EnablePackageReferencesInVCProjects)' != 'true') and $(SelfContained) == 'true') was evaluated as (('C#' == 'C++' and '' != 'true') and  == 'true').
     4>Done building target "_CheckForLanguageAndFeatureCombinationSupport" in project "HRManagementSystem.Infrastructure.csproj".
     3>Done building target "_CheckForUnsupportedArtifactsPath" in project "HRManagementSystem.Application.csproj".
     4>Target "_CheckForNETCoreSdkIsPreview" skipped, due to false condition; ( '$(_NETCoreSdkIsPreview)' == 'true' AND '$(SuppressNETCoreSdkPreviewMessage)' != 'true' ) was evaluated as ( 'false' == 'true' AND '' != 'true' ).
     3>Target "_CheckForMissingWorkload" skipped, due to false condition; ('@(MissingWorkloadPack)' != '' And '$(DesignTimeBuild)' != 'true') was evaluated as ('' != '' And '' != 'true').
       Target "_CheckForUnsupportedAppHostUsage" skipped, due to false condition; ('$(TargetFrameworkIdentifier)' == '.NETCoreApp' and '$(HasRuntimeOutput)' == 'true') was evaluated as ('.NETCoreApp' == '.NETCoreApp' and '' == 'true').
     4>Target "_GetProjectJsonPath" in file "/usr/share/dotnet/sdk/9.0.110/NuGet.targets" from project "/home/mostafa/Documents/Projects/hr-management-system/backend/HRManagementSystem/src/Infrastructure/HRManagementSystem.Infrastructure/HRManagementSystem.Infrastructure.csproj" (target "_GetRestoreProjectStyle" depends on it):
     4>Task "GetRestoreProjectJsonPathTask" skipped, due to false condition; ( '$(RestoreProjectStyle)' == 'ProjectJson' OR '$(RestoreProjectStyle)' == '' ) was evaluated as ( 'PackageReference' == 'ProjectJson' OR 'PackageReference' == '' ).
     3>Target "_CheckForUnsupportedHostingUsage" in file "/usr/share/dotnet/sdk/9.0.110/Sdks/Microsoft.NET.Sdk/targets/Microsoft.NET.RuntimeIdentifierInference.targets" from project "/home/mostafa/Documents/Projects/hr-management-system/backend/HRManagementSystem/src/Core/HRManagementSystem.Application/HRManagementSystem.Application.csproj" (target "_CheckForInvalidConfigurationAndPlatform" depends on it):
     3>Task "NETSdkWarning" skipped, due to false condition; ('$(SelfContained)' == 'true' and '$(EnableComHosting)' == 'true') was evaluated as ('' == 'true' and '' == 'true').
     4>Done building target "_GetProjectJsonPath" in project "HRManagementSystem.Infrastructure.csproj".
     3>Done building target "_CheckForUnsupportedHostingUsage" in project "HRManagementSystem.Application.csproj".
     4>Target "_CheckForUnsupportedTargetPlatformIdentifier" skipped, due to false condition; ('$(TargetPlatformIdentifier)' != '' and '$(TargetFrameworkIdentifier)' == '.NETCoreApp' and $([MSBuild]::VersionGreaterThanOrEquals($(TargetFrameworkVersion), 5.0)) And ('$(DesignTimeBuild)' != 'true' Or '@(MissingWorkloadPack)' == '')) was evaluated as ('' != '' and '.NETCoreApp' == '.NETCoreApp' and True And ('' != 'true' Or '' == '')).
       Target "_CheckForMissingWorkload" skipped, due to false condition; ('@(MissingWorkloadPack)' != '' And '$(DesignTimeBuild)' != 'true') was evaluated as ('' != '' And '' != 'true').
     3>Target "_CheckAndUnsetUnsupportedPrefer32Bit" in file "/usr/share/dotnet/sdk/9.0.110/Sdks/Microsoft.NET.Sdk/targets/Microsoft.NET.RuntimeIdentifierInference.targets" from project "/home/mostafa/Documents/Projects/hr-management-system/backend/HRManagementSystem/src/Core/HRManagementSystem.Application/HRManagementSystem.Application.csproj" (target "_CheckForInvalidConfigurationAndPlatform" depends on it):
     3>Task "NETSdkWarning" skipped, due to false condition; ('$(Prefer32Bit)' == 'true') was evaluated as ('false' == 'true').
     4>Target "_CheckForNotRecommendedNETStandardVersion" skipped, due to false condition; ('$(TargetFrameworkIdentifier)' == '.NETStandard' and $([MSBuild]::VersionLessThan($(TargetFrameworkVersion), '2.0'))) was evaluated as ('.NETCoreApp' == '.NETStandard' and False).
       Target "_CheckForUnsupportedNETStandardVersion" skipped, due to false condition; ('$(TargetFrameworkIdentifier)' == '.NETStandard' And '$(NETStandardMaximumVersion)' != '') was evaluated as ('.NETCoreApp' == '.NETStandard' And '' != '').
     3>Done building target "_CheckAndUnsetUnsupportedPrefer32Bit" in project "HRManagementSystem.Application.csproj".
     4>Target "_CheckForUnsupportedTargetFrameworkAndFeatureCombination" skipped, due to false condition; ('$(TargetFrameworkIdentifier)' == '.NETFramework') was evaluated as ('.NETCoreApp' == '.NETFramework').
     3>Target "_CheckAndUnsetUnsupportedPreferNativeArm64" skipped, due to false condition; ('$(TargetFrameworkIdentifier)' == '.NETCoreApp' and '$(PreferNativeArm64)' == 'true') was evaluated as ('.NETCoreApp' == '.NETCoreApp' and 'false' == 'true').
       Target "_CheckForMismatchingPlatform" skipped, due to false condition; ('$(RuntimeIdentifier)' != '' and '$(PlatformTarget)' != '') was evaluated as ('' != '' and '' != '').
     4>Target "UpdateAspNetToFrameworkReference" in file "/usr/share/dotnet/sdk/9.0.110/Sdks/Microsoft.NET.Sdk/targets/Microsoft.NET.Sdk.DefaultItems.Shared.targets" from project "/home/mostafa/Documents/Projects/hr-management-system/backend/HRManagementSystem/src/Infrastructure/HRManagementSystem.Infrastructure/HRManagementSystem.Infrastructure.csproj" (target "ApplyImplicitVersions" depends on it):
     4>Using "CheckIfPackageReferenceShouldBeFrameworkReference" task from assembly "/usr/share/dotnet/sdk/9.0.110/Sdks/Microsoft.NET.Sdk/targets/../tools/net9.0/Microsoft.NET.Build.Tasks.dll".
     3>Target "_CheckForLanguageAndFeatureCombinationSupport" in file "/usr/share/dotnet/sdk/9.0.110/Sdks/Microsoft.NET.Sdk/targets/Microsoft.NET.RuntimeIdentifierInference.targets" from project "/home/mostafa/Documents/Projects/hr-management-system/backend/HRManagementSystem/src/Core/HRManagementSystem.Application/HRManagementSystem.Application.csproj" (target "_CheckForInvalidConfigurationAndPlatform" depends on it):
     3>Task "NETSdkError" skipped, due to false condition; (('$(Language)' == 'C++' and '$(_EnablePackageReferencesInVCProjects)' != 'true') and $(OutputType) != 'library' and '$(TargetFrameworkIdentifier)' == '.NETCoreApp') was evaluated as (('C#' == 'C++' and '' != 'true') and Library != 'library' and '.NETCoreApp' == '.NETCoreApp').
       Task "NETSdkError" skipped, due to false condition; (('$(Language)' == 'C++' and '$(_EnablePackageReferencesInVCProjects)' != 'true') and $(EnableComHosting) == 'true') was evaluated as (('C#' == 'C++' and '' != 'true') and  == 'true').
     4>Task "CheckIfPackageReferenceShouldBeFrameworkReference"
     3>_CheckForLanguageAndFeatureCombinationSupport:
       Task "NETSdkError" skipped, due to false condition; (('$(Language)' == 'C++' and '$(_EnablePackageReferencesInVCProjects)' != 'true') and $(SelfContained) == 'true') was evaluated as (('C#' == 'C++' and '' != 'true') and  == 'true').
     4>Done executing task "CheckIfPackageReferenceShouldBeFrameworkReference".
       Task "NETSdkError" skipped, due to false condition; ('$(_ShouldRemoveAspNetCoreAll)' == 'true') was evaluated as ('False' == 'true').
     3>Done building target "_CheckForLanguageAndFeatureCombinationSupport" in project "HRManagementSystem.Application.csproj".
       Target "_CheckForNETCoreSdkIsPreview" skipped, due to false condition; ( '$(_NETCoreSdkIsPreview)' == 'true' AND '$(SuppressNETCoreSdkPreviewMessage)' != 'true' ) was evaluated as ( 'false' == 'true' AND '' != 'true' ).
     4>Task "CheckIfPackageReferenceShouldBeFrameworkReference"
     3>Target "_GetProjectJsonPath" in file "/usr/share/dotnet/sdk/9.0.110/NuGet.targets" from project "/home/mostafa/Documents/Projects/hr-management-system/backend/HRManagementSystem/src/Core/HRManagementSystem.Application/HRManagementSystem.Application.csproj" (target "_GetRestoreProjectStyle" depends on it):
     3>Task "GetRestoreProjectJsonPathTask" skipped, due to false condition; ( '$(RestoreProjectStyle)' == 'ProjectJson' OR '$(RestoreProjectStyle)' == '' ) was evaluated as ( 'PackageReference' == 'ProjectJson' OR 'PackageReference' == '' ).
     3>Done building target "_GetProjectJsonPath" in project "HRManagementSystem.Application.csproj".
       Target "_CheckForUnsupportedTargetPlatformIdentifier" skipped, due to false condition; ('$(TargetPlatformIdentifier)' != '' and '$(TargetFrameworkIdentifier)' == '.NETCoreApp' and $([MSBuild]::VersionGreaterThanOrEquals($(TargetFrameworkVersion), 5.0)) And ('$(DesignTimeBuild)' != 'true' Or '@(MissingWorkloadPack)' == '')) was evaluated as ('' != '' and '.NETCoreApp' == '.NETCoreApp' and True And ('' != 'true' Or '' == '')).
       Target "_CheckForMissingWorkload" skipped, due to false condition; ('@(MissingWorkloadPack)' != '' And '$(DesignTimeBuild)' != 'true') was evaluated as ('' != '' And '' != 'true').
       Target "_CheckForNotRecommendedNETStandardVersion" skipped, due to false condition; ('$(TargetFrameworkIdentifier)' == '.NETStandard' and $([MSBuild]::VersionLessThan($(TargetFrameworkVersion), '2.0'))) was evaluated as ('.NETCoreApp' == '.NETStandard' and False).
       Target "_CheckForUnsupportedNETStandardVersion" skipped, due to false condition; ('$(TargetFrameworkIdentifier)' == '.NETStandard' And '$(NETStandardMaximumVersion)' != '') was evaluated as ('.NETCoreApp' == '.NETStandard' And '' != '').
       Target "_CheckForUnsupportedTargetFrameworkAndFeatureCombination" skipped, due to false condition; ('$(TargetFrameworkIdentifier)' == '.NETFramework') was evaluated as ('.NETCoreApp' == '.NETFramework').
     3>Target "UpdateAspNetToFrameworkReference" in file "/usr/share/dotnet/sdk/9.0.110/Sdks/Microsoft.NET.Sdk/targets/Microsoft.NET.Sdk.DefaultItems.Shared.targets" from project "/home/mostafa/Documents/Projects/hr-management-system/backend/HRManagementSystem/src/Core/HRManagementSystem.Application/HRManagementSystem.Application.csproj" (target "ApplyImplicitVersions" depends on it):
       Using "CheckIfPackageReferenceShouldBeFrameworkReference" task from assembly "/usr/share/dotnet/sdk/9.0.110/Sdks/Microsoft.NET.Sdk/targets/../tools/net9.0/Microsoft.NET.Build.Tasks.dll".
       Task "CheckIfPackageReferenceShouldBeFrameworkReference"
       Done executing task "CheckIfPackageReferenceShouldBeFrameworkReference".
       Task "NETSdkError" skipped, due to false condition; ('$(_ShouldRemoveAspNetCoreAll)' == 'true') was evaluated as ('False' == 'true').
       Task "CheckIfPackageReferenceShouldBeFrameworkReference"
     4>Done executing task "CheckIfPackageReferenceShouldBeFrameworkReference".
       Task "NETSdkWarning" skipped, due to false condition; ('$(_ShouldRemoveAspNetCoreApp)' == 'true') was evaluated as ('False' == 'true').
     3>Done executing task "CheckIfPackageReferenceShouldBeFrameworkReference".
     4>Done building target "UpdateAspNetToFrameworkReference" in project "HRManagementSystem.Infrastructure.csproj".
       Target "IncludeTargetingPackReference" skipped, due to false condition; ('$(TargetFrameworkMoniker)' != '' and '$(TargetFrameworkIdentifier)' == '.NETFramework' and '$(AutomaticallyUseReferenceAssemblyPackages)' == 'true') was evaluated as ('.NETCoreApp,Version=v8.0' != '' and '.NETCoreApp' == '.NETFramework' and 'true' == 'true').
     3>UpdateAspNetToFrameworkReference:
       Task "NETSdkWarning" skipped, due to false condition; ('$(_ShouldRemoveAspNetCoreApp)' == 'true') was evaluated as ('False' == 'true').
     3>Done building target "UpdateAspNetToFrameworkReference" in project "HRManagementSystem.Application.csproj".
     4>Target "CheckForImplicitPackageReferenceOverrides" in file "/usr/share/dotnet/sdk/9.0.110/Sdks/Microsoft.NET.Sdk/targets/Microsoft.NET.Sdk.DefaultItems.Shared.targets" from project "/home/mostafa/Documents/Projects/hr-management-system/backend/HRManagementSystem/src/Infrastructure/HRManagementSystem.Infrastructure/HRManagementSystem.Infrastructure.csproj" (target "ApplyImplicitVersions" depends on it):
     4>Using "CheckForImplicitPackageReferenceOverrides" task from assembly "/usr/share/dotnet/sdk/9.0.110/Sdks/Microsoft.NET.Sdk/targets/../tools/net9.0/Microsoft.NET.Build.Tasks.dll".
     3>Target "IncludeTargetingPackReference" skipped, due to false condition; ('$(TargetFrameworkMoniker)' != '' and '$(TargetFrameworkIdentifier)' == '.NETFramework' and '$(AutomaticallyUseReferenceAssemblyPackages)' == 'true') was evaluated as ('.NETCoreApp,Version=v8.0' != '' and '.NETCoreApp' == '.NETFramework' and 'true' == 'true').
     3>Target "CheckForImplicitPackageReferenceOverrides" in file "/usr/share/dotnet/sdk/9.0.110/Sdks/Microsoft.NET.Sdk/targets/Microsoft.NET.Sdk.DefaultItems.Shared.targets" from project "/home/mostafa/Documents/Projects/hr-management-system/backend/HRManagementSystem/src/Core/HRManagementSystem.Application/HRManagementSystem.Application.csproj" (target "ApplyImplicitVersions" depends on it):
       Using "CheckForImplicitPackageReferenceOverrides" task from assembly "/usr/share/dotnet/sdk/9.0.110/Sdks/Microsoft.NET.Sdk/targets/../tools/net9.0/Microsoft.NET.Build.Tasks.dll".
       Task "CheckForImplicitPackageReferenceOverrides"
     4>Task "CheckForImplicitPackageReferenceOverrides"
       Done executing task "CheckForImplicitPackageReferenceOverrides".
     3>Done executing task "CheckForImplicitPackageReferenceOverrides".
     4>Done building target "CheckForImplicitPackageReferenceOverrides" in project "HRManagementSystem.Infrastructure.csproj".
     4>Target "ApplyImplicitVersions" in file "/usr/share/dotnet/sdk/9.0.110/Sdks/Microsoft.NET.Sdk/targets/Microsoft.NET.Sdk.DefaultItems.Shared.targets" from project "/home/mostafa/Documents/Projects/hr-management-system/backend/HRManagementSystem/src/Infrastructure/HRManagementSystem.Infrastructure/HRManagementSystem.Infrastructure.csproj" (target "CollectPackageReferences" depends on it):
       Using "ApplyImplicitVersions" task from assembly "/usr/share/dotnet/sdk/9.0.110/Sdks/Microsoft.NET.Sdk/targets/../tools/net9.0/Microsoft.NET.Build.Tasks.dll".
       Task "ApplyImplicitVersions"
       Done executing task "ApplyImplicitVersions".
     3>Done building target "CheckForImplicitPackageReferenceOverrides" in project "HRManagementSystem.Application.csproj".
     3>Target "ApplyImplicitVersions" in file "/usr/share/dotnet/sdk/9.0.110/Sdks/Microsoft.NET.Sdk/targets/Microsoft.NET.Sdk.DefaultItems.Shared.targets" from project "/home/mostafa/Documents/Projects/hr-management-system/backend/HRManagementSystem/src/Core/HRManagementSystem.Application/HRManagementSystem.Application.csproj" (target "CollectPackageReferences" depends on it):
       Using "ApplyImplicitVersions" task from assembly "/usr/share/dotnet/sdk/9.0.110/Sdks/Microsoft.NET.Sdk/targets/../tools/net9.0/Microsoft.NET.Build.Tasks.dll".
       Task "ApplyImplicitVersions"
       Done executing task "ApplyImplicitVersions".
     0>Assembly loaded during Evaluation: System.Numerics.Vectors, Version=9.0.0.0, Culture=neutral, PublicKeyToken=b03f5f7f11d50a3a (location: /usr/share/dotnet/shared/Microsoft.NETCore.App/9.0.9/System.Numerics.Vectors.dll, MVID: f68ee704-66b4-4ef3-bbbd-8fd02519cc5a, AssemblyLoadContext: Default)
     4>Done building target "ApplyImplicitVersions" in project "HRManagementSystem.Infrastructure.csproj".
       Target "CheckForImplicitPackageReferenceOverrides" skipped. Previously built successfully.
       Target "AddWindowsSdkKnownFrameworkReferences" skipped, due to false condition; ('$(TargetFrameworkIdentifier)' == '.NETCoreApp' And '$(TargetPlatformIdentifier)' == 'Windows') was evaluated as ('.NETCoreApp' == '.NETCoreApp' And '' == 'Windows').
       Target "_NormalizeTargetPlatformVersion" skipped, due to false condition; ('$(TargetPlatformVersion)' != '' and '$(TargetFrameworkIdentifier)' == '.NETCoreApp' and $([MSBuild]::VersionGreaterThanOrEquals($(TargetFrameworkVersion), 5.0)) and ('$(Language)' != 'C++' or '$(_EnablePackageReferencesInVCProjects)' == 'true')) was evaluated as ('' != '' and '.NETCoreApp' == '.NETCoreApp' and True and ('C#' != 'C++' or '' == 'true')).
     3>Done building target "ApplyImplicitVersions" in project "HRManagementSystem.Application.csproj".
       Target "CheckForImplicitPackageReferenceOverrides" skipped. Previously built successfully.
       Target "AddWindowsSdkKnownFrameworkReferences" skipped, due to false condition; ('$(TargetFrameworkIdentifier)' == '.NETCoreApp' And '$(TargetPlatformIdentifier)' == 'Windows') was evaluated as ('.NETCoreApp' == '.NETCoreApp' And '' == 'Windows').
       Target "_NormalizeTargetPlatformVersion" skipped, due to false condition; ('$(TargetPlatformVersion)' != '' and '$(TargetFrameworkIdentifier)' == '.NETCoreApp' and $([MSBuild]::VersionGreaterThanOrEquals($(TargetFrameworkVersion), 5.0)) and ('$(Language)' != 'C++' or '$(_EnablePackageReferencesInVCProjects)' == 'true')) was evaluated as ('' != '' and '.NETCoreApp' == '.NETCoreApp' and True and ('C#' != 'C++' or '' == 'true')).
     4>Target "_ComputeToolPackInputsToProcessFrameworkReferences" in file "/usr/share/dotnet/sdk/9.0.110/Sdks/Microsoft.NET.Sdk/targets/Microsoft.NET.Publish.targets" from project "/home/mostafa/Documents/Projects/hr-management-system/backend/HRManagementSystem/src/Infrastructure/HRManagementSystem.Infrastructure/HRManagementSystem.Infrastructure.csproj" (target "ProcessFrameworkReferences" depends on it):
     4>Done building target "_ComputeToolPackInputsToProcessFrameworkReferences" in project "HRManagementSystem.Infrastructure.csproj".
     4>Target "ProcessFrameworkReferences" in file "/usr/share/dotnet/sdk/9.0.110/Sdks/Microsoft.NET.Sdk/targets/Microsoft.NET.Sdk.FrameworkReferenceResolution.targets" from project "/home/mostafa/Documents/Projects/hr-management-system/backend/HRManagementSystem/src/Infrastructure/HRManagementSystem.Infrastructure/HRManagementSystem.Infrastructure.csproj" (target "CollectPackageReferences" depends on it):
       Using "CheckForDuplicateFrameworkReferences" task from assembly "/usr/share/dotnet/sdk/9.0.110/Sdks/Microsoft.NET.Sdk/targets/../tools/net9.0/Microsoft.NET.Build.Tasks.dll".
       Task "CheckForDuplicateFrameworkReferences"
       Done executing task "CheckForDuplicateFrameworkReferences".
     3>Target "_ComputeToolPackInputsToProcessFrameworkReferences" in file "/usr/share/dotnet/sdk/9.0.110/Sdks/Microsoft.NET.Sdk/targets/Microsoft.NET.Publish.targets" from project "/home/mostafa/Documents/Projects/hr-management-system/backend/HRManagementSystem/src/Core/HRManagementSystem.Application/HRManagementSystem.Application.csproj" (target "ProcessFrameworkReferences" depends on it):
     3>Done building target "_ComputeToolPackInputsToProcessFrameworkReferences" in project "HRManagementSystem.Application.csproj".
     3>Target "ProcessFrameworkReferences" in file "/usr/share/dotnet/sdk/9.0.110/Sdks/Microsoft.NET.Sdk/targets/Microsoft.NET.Sdk.FrameworkReferenceResolution.targets" from project "/home/mostafa/Documents/Projects/hr-management-system/backend/HRManagementSystem/src/Core/HRManagementSystem.Application/HRManagementSystem.Application.csproj" (target "CollectPackageReferences" depends on it):
       Using "CheckForDuplicateFrameworkReferences" task from assembly "/usr/share/dotnet/sdk/9.0.110/Sdks/Microsoft.NET.Sdk/targets/../tools/net9.0/Microsoft.NET.Build.Tasks.dll".
       Task "CheckForDuplicateFrameworkReferences"
       Done executing task "CheckForDuplicateFrameworkReferences".
       Using "ProcessFrameworkReferences" task from assembly "/usr/share/dotnet/sdk/9.0.110/Sdks/Microsoft.NET.Sdk/targets/../tools/net9.0/Microsoft.NET.Build.Tasks.dll".
       Task "ProcessFrameworkReferences"
     2>Done executing task "Microsoft.Build.Tasks.Git.LocateRepository".
     2>Done building target "InitializeSourceControlInformationFromSourceControlManager" in project "HRManagementSystem.Domain.csproj".
     2>Target "_SourceLinkHasSingleProvider" in file "/usr/share/dotnet/sdk/9.0.110/Sdks/Microsoft.SourceLink.Common/build/InitializeSourceControlInformation.targets" from project "/home/mostafa/Documents/Projects/hr-management-system/backend/HRManagementSystem/src/Core/HRManagementSystem.Domain/HRManagementSystem.Domain.csproj" (target "_InitializeSourceControlInformationFromSourceControlManager" depends on it):
       Assembly loaded during TaskRun: Microsoft.SourceLink.Common, Version=9.0.11.11701, Culture=neutral, PublicKeyToken=31bf3856ad364e35 (location: /usr/share/dotnet/sdk/9.0.110/Sdks/Microsoft.SourceLink.Common/tools/net/Microsoft.SourceLink.Common.dll, MVID: 733934fc-7fc4-4e79-b908-af322f7f3dce, AssemblyLoadContext: MSBuild plugin /usr/share/dotnet/sdk/9.0.110/Sdks/Microsoft.SourceLink.Common/tools/net/Microsoft.SourceLink.Common.dll)
       Using "Microsoft.SourceLink.Common.SourceLinkHasSingleProvider" task from assembly "/usr/share/dotnet/sdk/9.0.110/Sdks/Microsoft.SourceLink.Common/build/../tools/net/Microsoft.SourceLink.Common.dll".
       Task "Microsoft.SourceLink.Common.SourceLinkHasSingleProvider"
       Done executing task "Microsoft.SourceLink.Common.SourceLinkHasSingleProvider".
     2>Done building target "_SourceLinkHasSingleProvider" in project "HRManagementSystem.Domain.csproj".
     2>Target "TranslateGitHubUrlsInSourceControlInformation" in file "/usr/share/dotnet/sdk/9.0.110/Sdks/Microsoft.SourceLink.GitHub/build/Microsoft.SourceLink.GitHub.targets" from project "/home/mostafa/Documents/Projects/hr-management-system/backend/HRManagementSystem/src/Core/HRManagementSystem.Domain/HRManagementSystem.Domain.csproj" (target "_InitializeSourceControlInformationFromSourceControlManager" depends on it):
       Assembly loaded during TaskRun: Microsoft.SourceLink.GitHub, Version=9.0.11.11701, Culture=neutral, PublicKeyToken=31bf3856ad364e35 (location: /usr/share/dotnet/sdk/9.0.110/Sdks/Microsoft.SourceLink.GitHub/tools/net/Microsoft.SourceLink.GitHub.dll, MVID: 56bda39d-13af-4165-a836-13e45f451c3b, AssemblyLoadContext: MSBuild plugin /usr/share/dotnet/sdk/9.0.110/Sdks/Microsoft.SourceLink.GitHub/tools/net/Microsoft.SourceLink.GitHub.dll)
       Using "Microsoft.SourceLink.GitHub.TranslateRepositoryUrls" task from assembly "/usr/share/dotnet/sdk/9.0.110/Sdks/Microsoft.SourceLink.GitHub/build/../tools/net/Microsoft.SourceLink.GitHub.dll".
       Task "Microsoft.SourceLink.GitHub.TranslateRepositoryUrls"
     0>Overriding target "ResolveFrameworkReferences" in project "/usr/share/dotnet/sdk/9.0.110/Microsoft.Common.CurrentVersion.targets" with target "ResolveFrameworkReferences" from project "/usr/share/dotnet/sdk/9.0.110/Sdks/Microsoft.NET.Sdk/targets/Microsoft.NET.Sdk.FrameworkReferenceResolution.targets".
       Overriding target "Run" in project "/usr/share/dotnet/sdk/9.0.110/Microsoft.Common.CurrentVersion.targets" with target "Run" from project "/usr/share/dotnet/sdk/9.0.110/Sdks/Microsoft.NET.Sdk/targets/Microsoft.NET.Sdk.targets".
     2>Done executing task "Microsoft.SourceLink.GitHub.TranslateRepositoryUrls".
     2>Done building target "TranslateGitHubUrlsInSourceControlInformation" in project "HRManagementSystem.Domain.csproj".
     0>Overriding target "GenerateSupportedTargetFrameworkAlias" in project "/usr/share/dotnet/sdk/9.0.110/Microsoft.Common.CurrentVersion.targets" with target "GenerateSupportedTargetFrameworkAlias" from project "/usr/share/dotnet/sdk/9.0.110/Sdks/Microsoft.NET.Sdk/targets/Microsoft.NET.Sdk.targets".
       Overriding target "GetReferenceAssemblyPaths" in project "/usr/share/dotnet/sdk/9.0.110/Microsoft.Common.CurrentVersion.targets" with target "GetReferenceAssemblyPaths" from project "/usr/share/dotnet/sdk/9.0.110/Sdks/Microsoft.NET.Sdk/targets/Microsoft.NET.DisableStandardFrameworkResolution.targets".
       Overriding target "GetFrameworkPaths" in project "/usr/share/dotnet/sdk/9.0.110/Microsoft.Common.CurrentVersion.targets" with target "GetFrameworkPaths" from project "/usr/share/dotnet/sdk/9.0.110/Sdks/Microsoft.NET.Sdk/targets/Microsoft.NET.DisableStandardFrameworkResolution.targets".
       Overriding target "DesignerRuntimeImplementationProjectOutputGroup" in project "/usr/share/dotnet/sdk/9.0.110/Microsoft.Common.CurrentVersion.targets" with target "DesignerRuntimeImplementationProjectOutputGroup" from project "/usr/share/dotnet/sdk/9.0.110/Sdks/Microsoft.NET.Sdk/targets/Microsoft.NET.DesignerSupport.targets".
     2>Target "TranslateGitLabUrlsInSourceControlInformation" in file "/usr/share/dotnet/sdk/9.0.110/Sdks/Microsoft.SourceLink.GitLab/build/Microsoft.SourceLink.GitLab.targets" from project "/home/mostafa/Documents/Projects/hr-management-system/backend/HRManagementSystem/src/Core/HRManagementSystem.Domain/HRManagementSystem.Domain.csproj" (target "_InitializeSourceControlInformationFromSourceControlManager" depends on it):
     2>Assembly loaded during TaskRun: Microsoft.SourceLink.GitLab, Version=9.0.11.11701, Culture=neutral, PublicKeyToken=31bf3856ad364e35 (location: /usr/share/dotnet/sdk/9.0.110/Sdks/Microsoft.SourceLink.GitLab/tools/net/Microsoft.SourceLink.GitLab.dll, MVID: 22958409-e028-4dc5-a2b8-07e70ec0cf43, AssemblyLoadContext: MSBuild plugin /usr/share/dotnet/sdk/9.0.110/Sdks/Microsoft.SourceLink.GitLab/tools/net/Microsoft.SourceLink.GitLab.dll)
       Using "Microsoft.SourceLink.GitLab.TranslateRepositoryUrls" task from assembly "/usr/share/dotnet/sdk/9.0.110/Sdks/Microsoft.SourceLink.GitLab/build/../tools/net/Microsoft.SourceLink.GitLab.dll".
       Task "Microsoft.SourceLink.GitLab.TranslateRepositoryUrls"
     0>Overriding target "Publish" in project "/usr/share/dotnet/sdk/9.0.110/Microsoft.Common.CurrentVersion.targets" with target "Publish" from project "/usr/share/dotnet/sdk/9.0.110/Sdks/Microsoft.NET.Sdk/targets/Microsoft.NET.Publish.targets".
       Overriding target "ResolveReadyToRunCompilers" in project "/usr/share/dotnet/sdk/9.0.110/Sdks/Microsoft.NET.Sdk/targets/Microsoft.NET.CrossGen.targets" with target "ResolveReadyToRunCompilers" from project "/usr/share/dotnet/sdk/9.0.110/Sdks/Microsoft.NET.Sdk/targets/Microsoft.NET.Publish.targets".
       Overriding target "GetCopyToPublishDirectoryItems" in project "/usr/share/dotnet/sdk/9.0.110/Microsoft.Common.CurrentVersion.targets" with target "GetCopyToPublishDirectoryItems" from project "/usr/share/dotnet/sdk/9.0.110/Sdks/Microsoft.NET.Sdk/targets/Microsoft.NET.Publish.targets".
     4>ProcessFrameworkReferences:
       Using "ProcessFrameworkReferences" task from assembly "/usr/share/dotnet/sdk/9.0.110/Sdks/Microsoft.NET.Sdk/targets/../tools/net9.0/Microsoft.NET.Build.Tasks.dll".
       Task "ProcessFrameworkReferences"
     2>Done executing task "Microsoft.SourceLink.GitLab.TranslateRepositoryUrls".
     2>Done building target "TranslateGitLabUrlsInSourceControlInformation" in project "HRManagementSystem.Domain.csproj".
     2>Target "TranslateAzureReposGitUrlsInSourceControlInformation" in file "/usr/share/dotnet/sdk/9.0.110/Sdks/Microsoft.SourceLink.AzureRepos.Git/build/Microsoft.SourceLink.AzureRepos.Git.targets" from project "/home/mostafa/Documents/Projects/hr-management-system/backend/HRManagementSystem/src/Core/HRManagementSystem.Domain/HRManagementSystem.Domain.csproj" (target "_InitializeSourceControlInformationFromSourceControlManager" depends on it):
       Assembly loaded during TaskRun: Microsoft.SourceLink.AzureRepos.Git, Version=9.0.11.11701, Culture=neutral, PublicKeyToken=31bf3856ad364e35 (location: /usr/share/dotnet/sdk/9.0.110/Sdks/Microsoft.SourceLink.AzureRepos.Git/tools/net/Microsoft.SourceLink.AzureRepos.Git.dll, MVID: 871afd86-a1b6-4c75-9a0c-f4a1adb9a2d6, AssemblyLoadContext: MSBuild plugin /usr/share/dotnet/sdk/9.0.110/Sdks/Microsoft.SourceLink.AzureRepos.Git/tools/net/Microsoft.SourceLink.AzureRepos.Git.dll)
       Using "Microsoft.SourceLink.AzureRepos.Git.TranslateRepositoryUrls" task from assembly "/usr/share/dotnet/sdk/9.0.110/Sdks/Microsoft.SourceLink.AzureRepos.Git/build/../tools/net/Microsoft.SourceLink.AzureRepos.Git.dll".
       Task "Microsoft.SourceLink.AzureRepos.Git.TranslateRepositoryUrls"
     0>Overriding target "BeforePublish" in project "/usr/share/dotnet/sdk/9.0.110/Microsoft.Common.CurrentVersion.targets" with target "BeforePublish" from project "/usr/share/dotnet/sdk/9.0.110/Sdks/Microsoft.NET.Sdk.Publish/targets/Microsoft.NET.Sdk.Publish.targets".
       Overriding target "AfterPublish" in project "/usr/share/dotnet/sdk/9.0.110/Microsoft.Common.CurrentVersion.targets" with target "AfterPublish" from project "/usr/share/dotnet/sdk/9.0.110/Sdks/Microsoft.NET.Sdk.Publish/targets/Microsoft.NET.Sdk.Publish.targets".
       The target "ResolveNuGetPackageAssets" listed in an AfterTargets attribute at "/home/mostafa/.nuget/packages/microsoft.extensions.logging.abstractions/9.0.10/buildTransitive/net8.0/Microsoft.Extensions.Logging.Abstractions.targets (11,11)" does not exist in the project, and will be ignored.
       The target "ResolveNuGetPackageAssets" listed in an AfterTargets attribute at "/home/mostafa/.nuget/packages/microsoft.extensions.logging.abstractions/9.0.10/buildTransitive/net8.0/Microsoft.Extensions.Logging.Abstractions.targets (23,11)" does not exist in the project, and will be ignored.
       The target "ResolveNuGetPackageAssets" listed in an AfterTargets attribute at "/home/mostafa/.nuget/packages/microsoft.extensions.options/9.0.10/buildTransitive/net8.0/Microsoft.Extensions.Options.targets (11,11)" does not exist in the project, and will be ignored.
       The target "ResolveNuGetPackageAssets" listed in an AfterTargets attribute at "/home/mostafa/.nuget/packages/microsoft.extensions.options/9.0.10/buildTransitive/net8.0/Microsoft.Extensions.Options.targets (23,11)" does not exist in the project, and will be ignored.
       The target "CollectUpToDateCheckInputDesignTime" listed in a BeforeTargets attribute at "/usr/share/dotnet/sdk/9.0.110/Sdks/Microsoft.NET.Sdk.StaticWebAssets/targets/Microsoft.NET.Sdk.StaticWebAssets.ScopedCss.targets (171,5)" does not exist in the project, and will be ignored.
       The target "CollectUpToDateCheckBuiltDesignTime" listed in a BeforeTargets attribute at "/usr/share/dotnet/sdk/9.0.110/Sdks/Microsoft.NET.Sdk.StaticWebAssets/targets/Microsoft.NET.Sdk.StaticWebAssets.ScopedCss.targets (171,5)" does not exist in the project, and will be ignored.
       The target "RazorGenerateComponentDeclaration" listed in an AfterTargets attribute at "/usr/share/dotnet/sdk/9.0.110/Sdks/Microsoft.NET.Sdk.Razor/targets/Microsoft.NET.Sdk.Razor.DesignTime.targets (55,53)" does not exist in the project, and will be ignored.
     2>Done executing task "Microsoft.SourceLink.AzureRepos.Git.TranslateRepositoryUrls".
     2>Done building target "TranslateAzureReposGitUrlsInSourceControlInformation" in project "HRManagementSystem.Domain.csproj".
     2>Target "TranslateBitbucketGitUrlsInSourceControlInformation" in file "/usr/share/dotnet/sdk/9.0.110/Sdks/Microsoft.SourceLink.Bitbucket.Git/build/Microsoft.SourceLink.Bitbucket.Git.targets" from project "/home/mostafa/Documents/Projects/hr-management-system/backend/HRManagementSystem/src/Core/HRManagementSystem.Domain/HRManagementSystem.Domain.csproj" (target "_InitializeSourceControlInformationFromSourceControlManager" depends on it):
       Assembly loaded during TaskRun: Microsoft.SourceLink.Bitbucket.Git, Version=9.0.11.11701, Culture=neutral, PublicKeyToken=31bf3856ad364e35 (location: /usr/share/dotnet/sdk/9.0.110/Sdks/Microsoft.SourceLink.Bitbucket.Git/tools/net/Microsoft.SourceLink.Bitbucket.Git.dll, MVID: 46d309f9-a03c-4f64-b9e0-a229a0e239c8, AssemblyLoadContext: MSBuild plugin /usr/share/dotnet/sdk/9.0.110/Sdks/Microsoft.SourceLink.Bitbucket.Git/tools/net/Microsoft.SourceLink.Bitbucket.Git.dll)
       Using "Microsoft.SourceLink.Bitbucket.Git.TranslateRepositoryUrls" task from assembly "/usr/share/dotnet/sdk/9.0.110/Sdks/Microsoft.SourceLink.Bitbucket.Git/build/../tools/net/Microsoft.SourceLink.Bitbucket.Git.dll".
       Task "Microsoft.SourceLink.Bitbucket.Git.TranslateRepositoryUrls"
       Done executing task "Microsoft.SourceLink.Bitbucket.Git.TranslateRepositoryUrls".
     2>Done building target "TranslateBitbucketGitUrlsInSourceControlInformation" in project "HRManagementSystem.Domain.csproj".
     2>Target "SourceControlManagerPublishTranslatedUrls" in file "/usr/share/dotnet/sdk/9.0.110/Sdks/Microsoft.SourceLink.Common/build/InitializeSourceControlInformation.targets" from project "/home/mostafa/Documents/Projects/hr-management-system/backend/HRManagementSystem/src/Core/HRManagementSystem.Domain/HRManagementSystem.Domain.csproj" (target "_InitializeSourceControlInformationFromSourceControlManager" depends on it):
     2>Done building target "SourceControlManagerPublishTranslatedUrls" in project "HRManagementSystem.Domain.csproj".
     2>Target "_InitializeSourceControlInformationFromSourceControlManager" in file "/usr/share/dotnet/sdk/9.0.110/Sdks/Microsoft.SourceLink.Common/build/InitializeSourceControlInformation.targets" from project "/home/mostafa/Documents/Projects/hr-management-system/backend/HRManagementSystem/src/Core/HRManagementSystem.Domain/HRManagementSystem.Domain.csproj" (target "InitializeSourceControlInformation" depends on it):
     2>Done building target "_InitializeSourceControlInformationFromSourceControlManager" in project "HRManagementSystem.Domain.csproj".
     2>Target "InitializeSourceControlInformation" in file "/usr/share/dotnet/sdk/9.0.110/Microsoft.Common.CurrentVersion.targets" from project "/home/mostafa/Documents/Projects/hr-management-system/backend/HRManagementSystem/src/Core/HRManagementSystem.Domain/HRManagementSystem.Domain.csproj" (target "AddSourceRevisionToInformationalVersion" depends on it):
     2>Done building target "InitializeSourceControlInformation" in project "HRManagementSystem.Domain.csproj".
     2>Target "AddSourceRevisionToInformationalVersion" in file "/usr/share/dotnet/sdk/9.0.110/Sdks/Microsoft.NET.Sdk/targets/Microsoft.NET.GenerateAssemblyInfo.targets" from project "/home/mostafa/Documents/Projects/hr-management-system/backend/HRManagementSystem/src/Core/HRManagementSystem.Domain/HRManagementSystem.Domain.csproj" (target "GetAssemblyAttributes" depends on it):
     2>Done building target "AddSourceRevisionToInformationalVersion" in project "HRManagementSystem.Domain.csproj".
       Target "_GetUserSecretsAssemblyAttribute" skipped, due to false condition; ( '$(UserSecretsId)' != '' AND '$(GenerateUserSecretsAttribute)' != 'false' AND '$(GeneratedUserSecretsAttributeFile)' == '' ) was evaluated as ( '' != '' AND '' != 'false' AND '' == '' ).
     2>Target "GetAssemblyAttributes" in file "/usr/share/dotnet/sdk/9.0.110/Sdks/Microsoft.NET.Sdk/targets/Microsoft.NET.GenerateAssemblyInfo.targets" from project "/home/mostafa/Documents/Projects/hr-management-system/backend/HRManagementSystem/src/Core/HRManagementSystem.Domain/HRManagementSystem.Domain.csproj" (target "CreateGeneratedAssemblyInfoInputsCacheFile" depends on it):
     2>Done building target "GetAssemblyAttributes" in project "HRManagementSystem.Domain.csproj".
     2>Target "CreateGeneratedAssemblyInfoInputsCacheFile" in file "/usr/share/dotnet/sdk/9.0.110/Sdks/Microsoft.NET.Sdk/targets/Microsoft.NET.GenerateAssemblyInfo.targets" from project "/home/mostafa/Documents/Projects/hr-management-system/backend/HRManagementSystem/src/Core/HRManagementSystem.Domain/HRManagementSystem.Domain.csproj" (target "CoreGenerateAssemblyInfo" depends on it):
       Using "Hash" task from assembly "Microsoft.Build.Tasks.Core, Version=15.1.0.0, Culture=neutral, PublicKeyToken=b03f5f7f11d50a3a".
       Task "Hash"
       Done executing task "Hash".
       Task "WriteLinesToFile"
         Skipping write to file "obj/Debug/net8.0/HRManagementSystem.Domain.AssemblyInfoInputs.cache" because content would not change.
       Done executing task "WriteLinesToFile".
     2>Done building target "CreateGeneratedAssemblyInfoInputsCacheFile" in project "HRManagementSystem.Domain.csproj".
     2>Target "CoreGenerateAssemblyInfo" in file "/usr/share/dotnet/sdk/9.0.110/Sdks/Microsoft.NET.Sdk/targets/Microsoft.NET.GenerateAssemblyInfo.targets" from project "/home/mostafa/Documents/Projects/hr-management-system/backend/HRManagementSystem/src/Core/HRManagementSystem.Domain/HRManagementSystem.Domain.csproj" (target "GenerateAssemblyInfo" depends on it):
       Skipping target "CoreGenerateAssemblyInfo" because all output files are up-to-date with respect to the input files.
       Input files: obj/Debug/net8.0/HRManagementSystem.Domain.AssemblyInfoInputs.cache
       Output files: obj/Debug/net8.0/HRManagementSystem.Domain.AssemblyInfo.cs
     2>Done building target "CoreGenerateAssemblyInfo" in project "HRManagementSystem.Domain.csproj".
     2>Target "GenerateAssemblyInfo" in file "/usr/share/dotnet/sdk/9.0.110/Sdks/Microsoft.NET.Sdk/targets/Microsoft.NET.GenerateAssemblyInfo.targets" from project "/home/mostafa/Documents/Projects/hr-management-system/backend/HRManagementSystem/src/Core/HRManagementSystem.Domain/HRManagementSystem.Domain.csproj" (target "BeforeCompile" depends on it):
     2>Done building target "GenerateAssemblyInfo" in project "HRManagementSystem.Domain.csproj".
     2>Target "BeforeCompile" in file "/usr/share/dotnet/sdk/9.0.110/Microsoft.Common.CurrentVersion.targets" from project "/home/mostafa/Documents/Projects/hr-management-system/backend/HRManagementSystem/src/Core/HRManagementSystem.Domain/HRManagementSystem.Domain.csproj" (target "Compile" depends on it):
     2>Done building target "BeforeCompile" in project "HRManagementSystem.Domain.csproj".
       Target "_TimeStampBeforeCompile" skipped, due to false condition; ('$(RunPostBuildEvent)'=='OnOutputUpdated' or ('$(RegisterForComInterop)'=='true' and '$(OutputType)'=='library')) was evaluated as (''=='OnOutputUpdated' or (''=='true' and 'Library'=='library')).
       Target "ResolveAssemblyReferences" skipped. Previously built successfully.
     2>Target "_GenerateCompileDependencyCache" in file "/usr/share/dotnet/sdk/9.0.110/Microsoft.Common.CurrentVersion.targets" from project "/home/mostafa/Documents/Projects/hr-management-system/backend/HRManagementSystem/src/Core/HRManagementSystem.Domain/HRManagementSystem.Domain.csproj" (target "Compile" depends on it):
       Task "Hash"
       Done executing task "Hash".
       Task "WriteLinesToFile"
         Skipping write to file "obj/Debug/net8.0/HRManagementSystem.Domain.csproj.CoreCompileInputs.cache" because content would not change.
       Done executing task "WriteLinesToFile".
     2>Done building target "_GenerateCompileDependencyCache" in project "HRManagementSystem.Domain.csproj".
       Target "_ComputeNonExistentFileProperty" skipped, due to false condition; (('$(BuildingInsideVisualStudio)' == 'true') and ('$(BuildingOutOfProcess)' != 'true') and (('$(BuildingProject)' == 'false') or ('$(UseHostCompilerIfAvailable)' == 'true'))) was evaluated as (('' == 'true') and ('' != 'true') and (('true' == 'false') or ('true' == 'true'))).
       Target "ResolveCodeAnalysisRuleSet" skipped, due to false condition; ('$(CodeAnalysisRuleSet)' != '') was evaluated as ('' != '').
       Target "ShimReferencePathsWhenCommonTargetsDoesNotUnderstandReferenceAssemblies" skipped, due to false condition; ('@(ReferencePathWithRefAssemblies)' == '') was evaluated as ('/home/mostafa/.nuget/packages/hangfire.aspnetcore/1.8.22/lib/netcoreapp3.0/Hangfire.AspNetCore.dll;/home/mostafa/.nuget/packages/hangfire.core/1.8.22/lib/netstandard2.0/Hangfire.Core.dll;/home/mostafa/.nuget/packages/hangfire.netcore/1.8.22/lib/netstandard2.1/Hangfire.NetCore.dll;...' == '').
     2>Target "_BeforeVBCSCoreCompile" in file "/usr/share/dotnet/sdk/9.0.110/Roslyn/Microsoft.Managed.Core.targets" from project "/home/mostafa/Documents/Projects/hr-management-system/backend/HRManagementSystem/src/Core/HRManagementSystem.Domain/HRManagementSystem.Domain.csproj" (target "CoreCompile" depends on it):
     2>Done building target "_BeforeVBCSCoreCompile" in project "HRManagementSystem.Domain.csproj".
       Target "AdjustDefaultPlatformTargetForNetFrameworkExeWithNoNativeCopyLocalItems" skipped, due to false condition; ('$(_UsingDefaultPlatformTarget)' == 'true' and
                            '$(_UsingDefaultRuntimeIdentifier)' == 'true') was evaluated as ('true' == 'true' and
                            '' == 'true').
       Target "_DisableDiagnosticTracing" skipped, due to false condition; ('$(DisableDiagnosticTracing)' == 'true') was evaluated as ('' == 'true').
       Target "GenerateTargetPlatformDefineConstants" skipped, due to false condition; ( '$(DisableImplicitFrameworkDefines)' != 'true' and '$(TargetPlatformIdentifier)' != '' and '$(TargetFrameworkIdentifier)' == '.NETCoreApp' and $([MSBuild]::VersionGreaterThanOrEquals($(TargetFrameworkVersion), 5.0)) ) was evaluated as ( '' != 'true' and '' != '' and '.NETCoreApp' == '.NETCoreApp' and True ).
     1>Project "/home/mostafa/Documents/Projects/hr-management-system/backend/HRManagementSystem/HRManagementSystem.sln" (1) is building "/home/mostafa/Documents/Projects/hr-management-system/backend/HRManagementSystem/src/Presentation/HRManagementSystem.WebApi/HRManagementSystem.WebApi.csproj" (5) on node 2 (default targets).
     5>Target "_CheckForUnsupportedTargetFramework" skipped, due to false condition; ('$(_UnsupportedTargetFrameworkError)' == 'true') was evaluated as ('' == 'true').
     2>Target "GenerateNETCompatibleDefineConstants" in file "/usr/share/dotnet/sdk/9.0.110/Sdks/Microsoft.NET.Sdk/targets/Microsoft.NET.Sdk.BeforeCommon.targets" from project "/home/mostafa/Documents/Projects/hr-management-system/backend/HRManagementSystem/src/Core/HRManagementSystem.Domain/HRManagementSystem.Domain.csproj" (target "AddImplicitDefineConstants" depends on it):
     2>Done building target "GenerateNETCompatibleDefineConstants" in project "HRManagementSystem.Domain.csproj".
       Target "GeneratePlatformCompatibleDefineConstants" skipped, due to false condition; ( '$(DisableImplicitFrameworkDefines)' != 'true' and '$(TargetPlatformIdentifier)' != '' and '$(TargetFrameworkIdentifier)' == '.NETCoreApp' and $([MSBuild]::VersionGreaterThanOrEquals($(TargetFrameworkVersion), 5.0)) ) was evaluated as ( '' != 'true' and '' != '' and '.NETCoreApp' == '.NETCoreApp' and True ).
       Target "_DisableDiagnosticTracing" skipped, due to false condition; ('$(DisableDiagnosticTracing)' == 'true') was evaluated as ('' == 'true').
     2>Target "AddImplicitDefineConstants" in file "/usr/share/dotnet/sdk/9.0.110/Sdks/Microsoft.NET.Sdk/targets/Microsoft.NET.Sdk.BeforeCommon.targets" from project "/home/mostafa/Documents/Projects/hr-management-system/backend/HRManagementSystem/src/Core/HRManagementSystem.Domain/HRManagementSystem.Domain.csproj" (target "CoreCompile" depends on it):
     2>Done building target "AddImplicitDefineConstants" in project "HRManagementSystem.Domain.csproj".
       Target "ShimReferencePathsWhenCommonTargetsDoesNotUnderstandReferenceAssemblies" skipped, due to false condition; ('@(ReferencePathWithRefAssemblies)' == '') was evaluated as ('/home/mostafa/.nuget/packages/hangfire.aspnetcore/1.8.22/lib/netcoreapp3.0/Hangfire.AspNetCore.dll;/home/mostafa/.nuget/packages/hangfire.core/1.8.22/lib/netstandard2.0/Hangfire.Core.dll;/home/mostafa/.nuget/packages/hangfire.netcore/1.8.22/lib/netstandard2.1/Hangfire.NetCore.dll;...' == '').
     2>Target "_ComputeSkipAnalyzers" in file "/usr/share/dotnet/sdk/9.0.110/Roslyn/Microsoft.Managed.Core.targets" from project "/home/mostafa/Documents/Projects/hr-management-system/backend/HRManagementSystem/src/Core/HRManagementSystem.Domain/HRManagementSystem.Domain.csproj" (target "CoreCompile" depends on it):
       Task "ShowMessageForImplicitlySkipAnalyzers" skipped, due to false condition; ('$(_ImplicitlySkipAnalyzers)' == 'true') was evaluated as ('' == 'true').
     2>Done building target "_ComputeSkipAnalyzers" in project "HRManagementSystem.Domain.csproj".
       Target "_SetPathMapFromSourceRoots" skipped, due to false condition; ('$(DeterministicSourcePaths)' == 'true') was evaluated as ('' == 'true').
       Target "CreateCompilerGeneratedFilesOutputPath" skipped, due to false condition; ('$(EmitCompilerGeneratedFiles)' == 'true' and !('$(DesignTimeBuild)' == 'true' OR '$(BuildingProject)' != 'true')) was evaluated as ('false' == 'true' and !('' == 'true' OR 'true' != 'true')).
       Target "_CheckMicrosoftNetSdkCompilersToolsetPackageExists" skipped, due to false condition; ('$(_NeedToDownloadMicrosoftNetSdkCompilersToolsetPackage)' == 'true' and '$(DesignTimeBuild)' != 'true') was evaluated as ('' == 'true' and '' != 'true').
       Target "BeforeCompile" skipped. Previously built successfully.
       Target "InitializeSourceControlInformationFromSourceControlManager" skipped. Previously built successfully.
     5>Target "_CollectTargetFrameworkForTelemetry" in file "/usr/share/dotnet/sdk/9.0.110/Sdks/Microsoft.NET.Sdk/targets/Microsoft.NET.TargetFrameworkInference.targets" from project "/home/mostafa/Documents/Projects/hr-management-system/backend/HRManagementSystem/src/Presentation/HRManagementSystem.WebApi/HRManagementSystem.WebApi.csproj" (target "_CheckForInvalidConfigurationAndPlatform" depends on it):
     5>Using "AllowEmptyTelemetry" task from assembly "/usr/share/dotnet/sdk/9.0.110/Sdks/Microsoft.NET.Sdk/targets/../tools/net9.0/Microsoft.NET.Build.Tasks.dll".
       Task "AllowEmptyTelemetry"
     2>Target "SetEmbeddedFilesFromSourceControlManagerUntrackedFiles" in file "/usr/share/dotnet/sdk/9.0.110/Sdks/Microsoft.Build.Tasks.Git/build/Microsoft.Build.Tasks.Git.targets" from project "/home/mostafa/Documents/Projects/hr-management-system/backend/HRManagementSystem/src/Core/HRManagementSystem.Domain/HRManagementSystem.Domain.csproj" (target "_SetEmbeddedFilesFromSourceControlManagerUntrackedFiles" depends on it):
     2>Using "Microsoft.Build.Tasks.Git.GetUntrackedFiles" task from assembly "/usr/share/dotnet/sdk/9.0.110/Sdks/Microsoft.Build.Tasks.Git/build/../tools/net/Microsoft.Build.Tasks.Git.dll".
       Task "Microsoft.Build.Tasks.Git.GetUntrackedFiles"
         SourceLink: Reusing cached git repository information.
     5>Done executing task "AllowEmptyTelemetry".
     5>Done building target "_CollectTargetFrameworkForTelemetry" in project "HRManagementSystem.WebApi.csproj".
       Target "_CheckForUnsupportedTargetPlatformIdentifier" skipped, due to false condition; ('$(TargetPlatformIdentifier)' != '' and '$(TargetFrameworkIdentifier)' == '.NETCoreApp' and $([MSBuild]::VersionGreaterThanOrEquals($(TargetFrameworkVersion), 5.0)) And ('$(DesignTimeBuild)' != 'true' Or '@(MissingWorkloadPack)' == '')) was evaluated as ('' != '' and '.NETCoreApp' == '.NETCoreApp' and True And ('' != 'true' Or '' == '')).
       Target "_CheckForMissingWorkload" skipped, due to false condition; ('@(MissingWorkloadPack)' != '' And '$(DesignTimeBuild)' != 'true') was evaluated as ('' != '' And '' != 'true').
     5>Target "_CheckForUnsupportedNETCoreVersion" in file "/usr/share/dotnet/sdk/9.0.110/Sdks/Microsoft.NET.Sdk/targets/Microsoft.NET.TargetFrameworkInference.targets" from project "/home/mostafa/Documents/Projects/hr-management-system/backend/HRManagementSystem/src/Presentation/HRManagementSystem.WebApi/HRManagementSystem.WebApi.csproj" (target "_CheckForInvalidConfigurationAndPlatform" depends on it):
       Task "NETSdkError" skipped, due to false condition; ('$(_TargetFrameworkVersionWithoutV)' > '$(NETCoreAppMaximumVersion)' and '$(DisplayVSMessage)' != 'true') was evaluated as ('8.0' > '9.0' and '' != 'true').
       Task "NETSdkError" skipped, due to false condition; ('$(DisplayVSMessage)' == 'true') was evaluated as ('' == 'true').
     5>Done building target "_CheckForUnsupportedNETCoreVersion" in project "HRManagementSystem.WebApi.csproj".
       Target "_CheckForEolTargetFrameworks" skipped, due to false condition; ('@(_EolNetCoreTargetFrameworkVersions->AnyHaveMetadataValue('Identity', '$(_TargetFrameworkVersionWithoutV)'))' and '$(TargetFrameworkIdentifier)' == '.NETCoreApp' and '$(CheckEolTargetFramework)' == 'true') was evaluated as ('false' and '.NETCoreApp' == '.NETCoreApp' and 'true' == 'true').
       Target "_CheckForEolWorkloads" skipped, due to false condition; ('@(EolWorkload)' != '' and '$(CheckEolWorkloads)' == 'true') was evaluated as ('' != '' and 'true' == 'true').
       Target "_CheckForNotRecommendedNETStandardVersion" skipped, due to false condition; ('$(TargetFrameworkIdentifier)' == '.NETStandard' and $([MSBuild]::VersionLessThan($(TargetFrameworkVersion), '2.0'))) was evaluated as ('.NETCoreApp' == '.NETStandard' and False).
     5>Target "_CheckForUnsupportedCppNETCoreVersion" in file "/usr/share/dotnet/sdk/9.0.110/Sdks/Microsoft.NET.Sdk/targets/Microsoft.NET.TargetFrameworkInference.targets" from project "/home/mostafa/Documents/Projects/hr-management-system/backend/HRManagementSystem/src/Presentation/HRManagementSystem.WebApi/HRManagementSystem.WebApi.csproj" (target "_CheckForInvalidConfigurationAndPlatform" depends on it):
       Task "NETSdkError" skipped, due to false condition; ('$(TargetFrameworkIdentifier)' == '.NETCoreApp' and '$(_TargetFrameworkVersionWithoutV)' < '3.1' and ('$(Language)' == 'C++' and '$(_EnablePackageReferencesInVCProjects)' != 'true')) was evaluated as ('.NETCoreApp' == '.NETCoreApp' and '8.0' < '3.1' and ('C#' == 'C++' and '' != 'true')).
     5>Done building target "_CheckForUnsupportedCppNETCoreVersion" in project "HRManagementSystem.WebApi.csproj".
       Target "_CheckForUnsupportedNETStandardVersion" skipped, due to false condition; ('$(TargetFrameworkIdentifier)' == '.NETStandard' And '$(NETStandardMaximumVersion)' != '') was evaluated as ('.NETCoreApp' == '.NETStandard' And '' != '').
       Target "_CheckForUnsupportedTargetFrameworkAndFeatureCombination" skipped, due to false condition; ('$(TargetFrameworkIdentifier)' == '.NETFramework') was evaluated as ('.NETCoreApp' == '.NETFramework').
       Target "_CheckForSupportedOSPlatformVersionHigherThanTargetPlatformVersion" skipped, due to false condition; ('$(TargetPlatformVersion)' != '' and '$(TargetFrameworkIdentifier)' == '.NETCoreApp' and $([MSBuild]::VersionGreaterThanOrEquals($(TargetFrameworkVersion), 5.0))) was evaluated as ('' != '' and '.NETCoreApp' == '.NETCoreApp' and True).
       Target "_CheckForInvalidTargetPlatformVersion" skipped, due to false condition; ('$(TargetPlatformVersion)' != '' and '$(TargetFrameworkIdentifier)' == '.NETCoreApp' and $([MSBuild]::VersionGreaterThanOrEquals($(TargetFrameworkVersion), 5.0)) and ('$(Language)' != 'C++' or '$(_EnablePackageReferencesInVCProjects)' == 'true')) was evaluated as ('' != '' and '.NETCoreApp' == '.NETCoreApp' and True and ('C#' != 'C++' or '' == 'true')).
     5>Target "_CheckForUnsupportedArtifactsPath" in file "/usr/share/dotnet/sdk/9.0.110/Sdks/Microsoft.NET.Sdk/targets/Microsoft.NET.DefaultOutputPaths.targets" from project "/home/mostafa/Documents/Projects/hr-management-system/backend/HRManagementSystem/src/Presentation/HRManagementSystem.WebApi/HRManagementSystem.WebApi.csproj" (target "_CheckForInvalidConfigurationAndPlatform" depends on it):
       Task "NetSdkError" skipped, due to false condition; ('$(UseArtifactsOutput)' == 'true' and '$(_ArtifactsPathSetEarly)' != 'true') was evaluated as ('' == 'true' and '' != 'true').
       Task "NetSdkError" skipped, due to false condition; ('$(_ArtifactsPathLocationType)' == 'ProjectFolder') was evaluated as ('' == 'ProjectFolder').
     5>Done building target "_CheckForUnsupportedArtifactsPath" in project "HRManagementSystem.WebApi.csproj".
       Target "_CheckForMissingWorkload" skipped, due to false condition; ('@(MissingWorkloadPack)' != '' And '$(DesignTimeBuild)' != 'true') was evaluated as ('' != '' And '' != 'true').
     5>Target "_CheckForUnsupportedAppHostUsage" in file "/usr/share/dotnet/sdk/9.0.110/Sdks/Microsoft.NET.Sdk/targets/Microsoft.NET.RuntimeIdentifierInference.targets" from project "/home/mostafa/Documents/Projects/hr-management-system/backend/HRManagementSystem/src/Presentation/HRManagementSystem.WebApi/HRManagementSystem.WebApi.csproj" (target "_CheckForInvalidConfigurationAndPlatform" depends on it):
       Task "NETSdkError" skipped, due to false condition; ('$(SelfContained)' == 'true' and '$(RuntimeIdentifier)' == '' and '$(AllowSelfContainedWithoutRuntimeIdentifier)' != 'true') was evaluated as ('false' == 'true' and '' == '' and '' != 'true').
       Task "NETSdkError" skipped, due to false condition; ('$(PublishReadyToRun)' == 'true' and '$(RuntimeIdentifier)' == '' and '$(_IsPublishing)' == 'true') was evaluated as ('' == 'true' and '' == '' and '' == 'true').
       Task "NETSdkError" skipped, due to false condition; ('$(PublishSingleFile)' == 'true' and '$(RuntimeIdentifier)' == '' and '$(_IsPublishing)' == 'true') was evaluated as ('' == 'true' and '' == '' and '' == 'true').
       Task "NETSdkError" skipped, due to false condition; ('$(PublishAot)' == 'true' and '$(RuntimeIdentifier)' == '' and '$(_IsPublishing)' == 'true' and '$(AllowPublishAotWithoutRuntimeIdentifier)' != 'true') was evaluated as ('' == 'true' and '' == '' and '' == 'true' and '' != 'true').
       Task "NETSdkError" skipped, due to false condition; ('$(PublishSelfContained)' != 'true' and '$(PublishSelfContained)' != 'false' and '$(PublishSelfContained)' != '') was evaluated as ('' != 'true' and '' != 'false' and '' != '').
       Task "NETSdkError" skipped, due to false condition; ('$(SelfContained)' == 'true' and '$(UseAppHost)' != 'true' and '$(_RuntimeIdentifierUsesAppHost)' == 'true') was evaluated as ('false' == 'true' and 'true' != 'true' and 'true' == 'true').
       Task "NETSdkError" skipped, due to false condition; ('$(SelfContained)' != 'true' and '$(UseAppHost)' == 'true' and '$(_TargetFrameworkVersionWithoutV)' < '2.1') was evaluated as ('false' != 'true' and 'true' == 'true' and '8.0' < '2.1').
       Task "NETSdkError" skipped, due to false condition; ('$(PublishSingleFile)' == 'true' and '$(_TargetFrameworkVersionWithoutV)' < '3.0') was evaluated as ('' == 'true' and '8.0' < '3.0').
       Task "NETSdkWarning" skipped, due to false condition; ('$(PublishReadyToRun)' == 'true' and '$(_TargetFrameworkVersionWithoutV)' < '3.0') was evaluated as ('' == 'true' and '8.0' < '3.0').
       Task "NETSdkWarning" skipped, due to false condition; ('$(RuntimeIdentifier)' != '' and '$(_TargetFrameworkVersionWithoutV)' != '' and $([MSBuild]::VersionLessThan($(_TargetFrameworkVersionWithoutV), '8.0')) and '$(_SelfContainedWasSpecified)' != 'true') was evaluated as ('' != '' and '8.0' != '' and False and '' != 'true').
       Task "NetSdkError" skipped, due to false condition; (('$(UseWindowsForms)' == 'true') and ('$(PublishTrimmed)' == 'true') and ('$(_SuppressWinFormsTrimError)' != 'true')) was evaluated as (('' == 'true') and ('' == 'true') and ('' != 'true')).
       Task "NetSdkError" skipped, due to false condition; (('$(UseWpf)' == 'true') and ('$(PublishTrimmed)' == 'true') and ('$(_SuppressWpfTrimError)' != 'true')) was evaluated as (('' == 'true') and ('' == 'true') and ('' != 'true')).
     5>Done building target "_CheckForUnsupportedAppHostUsage" in project "HRManagementSystem.WebApi.csproj".
     5>Target "_CheckForUnsupportedHostingUsage" in file "/usr/share/dotnet/sdk/9.0.110/Sdks/Microsoft.NET.Sdk/targets/Microsoft.NET.RuntimeIdentifierInference.targets" from project "/home/mostafa/Documents/Projects/hr-management-system/backend/HRManagementSystem/src/Presentation/HRManagementSystem.WebApi/HRManagementSystem.WebApi.csproj" (target "_CheckForInvalidConfigurationAndPlatform" depends on it):
       Task "NETSdkWarning" skipped, due to false condition; ('$(SelfContained)' == 'true' and '$(EnableComHosting)' == 'true') was evaluated as ('false' == 'true' and '' == 'true').
     5>Done building target "_CheckForUnsupportedHostingUsage" in project "HRManagementSystem.WebApi.csproj".
     5>Target "_CheckAndUnsetUnsupportedPrefer32Bit" in file "/usr/share/dotnet/sdk/9.0.110/Sdks/Microsoft.NET.Sdk/targets/Microsoft.NET.RuntimeIdentifierInference.targets" from project "/home/mostafa/Documents/Projects/hr-management-system/backend/HRManagementSystem/src/Presentation/HRManagementSystem.WebApi/HRManagementSystem.WebApi.csproj" (target "_CheckForInvalidConfigurationAndPlatform" depends on it):
       Task "NETSdkWarning" skipped, due to false condition; ('$(Prefer32Bit)' == 'true') was evaluated as ('false' == 'true').
     5>Done building target "_CheckAndUnsetUnsupportedPrefer32Bit" in project "HRManagementSystem.WebApi.csproj".
       Target "_CheckAndUnsetUnsupportedPreferNativeArm64" skipped, due to false condition; ('$(TargetFrameworkIdentifier)' == '.NETCoreApp' and '$(PreferNativeArm64)' == 'true') was evaluated as ('.NETCoreApp' == '.NETCoreApp' and 'false' == 'true').
       Target "_CheckForMismatchingPlatform" skipped, due to false condition; ('$(RuntimeIdentifier)' != '' and '$(PlatformTarget)' != '') was evaluated as ('' != '' and '' != '').
     5>Target "_CheckForLanguageAndFeatureCombinationSupport" in file "/usr/share/dotnet/sdk/9.0.110/Sdks/Microsoft.NET.Sdk/targets/Microsoft.NET.RuntimeIdentifierInference.targets" from project "/home/mostafa/Documents/Projects/hr-management-system/backend/HRManagementSystem/src/Presentation/HRManagementSystem.WebApi/HRManagementSystem.WebApi.csproj" (target "_CheckForInvalidConfigurationAndPlatform" depends on it):
       Task "NETSdkError" skipped, due to false condition; (('$(Language)' == 'C++' and '$(_EnablePackageReferencesInVCProjects)' != 'true') and $(OutputType) != 'library' and '$(TargetFrameworkIdentifier)' == '.NETCoreApp') was evaluated as (('C#' == 'C++' and '' != 'true') and Exe != 'library' and '.NETCoreApp' == '.NETCoreApp').
       Task "NETSdkError" skipped, due to false condition; (('$(Language)' == 'C++' and '$(_EnablePackageReferencesInVCProjects)' != 'true') and $(EnableComHosting) == 'true') was evaluated as (('C#' == 'C++' and '' != 'true') and  == 'true').
       Task "NETSdkError" skipped, due to false condition; (('$(Language)' == 'C++' and '$(_EnablePackageReferencesInVCProjects)' != 'true') and $(SelfContained) == 'true') was evaluated as (('C#' == 'C++' and '' != 'true') and false == 'true').
     5>Done building target "_CheckForLanguageAndFeatureCombinationSupport" in project "HRManagementSystem.WebApi.csproj".
       Target "_CheckForNETCoreSdkIsPreview" skipped, due to false condition; ( '$(_NETCoreSdkIsPreview)' == 'true' AND '$(SuppressNETCoreSdkPreviewMessage)' != 'true' ) was evaluated as ( 'false' == 'true' AND '' != 'true' ).
     5>Target "_GetProjectJsonPath" in file "/usr/share/dotnet/sdk/9.0.110/NuGet.targets" from project "/home/mostafa/Documents/Projects/hr-management-system/backend/HRManagementSystem/src/Presentation/HRManagementSystem.WebApi/HRManagementSystem.WebApi.csproj" (target "_GetRestoreProjectStyle" depends on it):
       Task "GetRestoreProjectJsonPathTask" skipped, due to false condition; ( '$(RestoreProjectStyle)' == 'ProjectJson' OR '$(RestoreProjectStyle)' == '' ) was evaluated as ( 'PackageReference' == 'ProjectJson' OR 'PackageReference' == '' ).
     5>Done building target "_GetProjectJsonPath" in project "HRManagementSystem.WebApi.csproj".
       Target "_CheckForUnsupportedTargetPlatformIdentifier" skipped, due to false condition; ('$(TargetPlatformIdentifier)' != '' and '$(TargetFrameworkIdentifier)' == '.NETCoreApp' and $([MSBuild]::VersionGreaterThanOrEquals($(TargetFrameworkVersion), 5.0)) And ('$(DesignTimeBuild)' != 'true' Or '@(MissingWorkloadPack)' == '')) was evaluated as ('' != '' and '.NETCoreApp' == '.NETCoreApp' and True And ('' != 'true' Or '' == '')).
       Target "_CheckForMissingWorkload" skipped, due to false condition; ('@(MissingWorkloadPack)' != '' And '$(DesignTimeBuild)' != 'true') was evaluated as ('' != '' And '' != 'true').
       Target "_CheckForNotRecommendedNETStandardVersion" skipped, due to false condition; ('$(TargetFrameworkIdentifier)' == '.NETStandard' and $([MSBuild]::VersionLessThan($(TargetFrameworkVersion), '2.0'))) was evaluated as ('.NETCoreApp' == '.NETStandard' and False).
       Target "_CheckForUnsupportedNETStandardVersion" skipped, due to false condition; ('$(TargetFrameworkIdentifier)' == '.NETStandard' And '$(NETStandardMaximumVersion)' != '') was evaluated as ('.NETCoreApp' == '.NETStandard' And '' != '').
       Target "_CheckForUnsupportedTargetFrameworkAndFeatureCombination" skipped, due to false condition; ('$(TargetFrameworkIdentifier)' == '.NETFramework') was evaluated as ('.NETCoreApp' == '.NETFramework').
     5>Target "UpdateAspNetToFrameworkReference" in file "/usr/share/dotnet/sdk/9.0.110/Sdks/Microsoft.NET.Sdk/targets/Microsoft.NET.Sdk.DefaultItems.Shared.targets" from project "/home/mostafa/Documents/Projects/hr-management-system/backend/HRManagementSystem/src/Presentation/HRManagementSystem.WebApi/HRManagementSystem.WebApi.csproj" (target "ApplyImplicitVersions" depends on it):
       Using "CheckIfPackageReferenceShouldBeFrameworkReference" task from assembly "/usr/share/dotnet/sdk/9.0.110/Sdks/Microsoft.NET.Sdk/targets/../tools/net9.0/Microsoft.NET.Build.Tasks.dll".
       Task "CheckIfPackageReferenceShouldBeFrameworkReference"
       Done executing task "CheckIfPackageReferenceShouldBeFrameworkReference".
       Task "NETSdkError" skipped, due to false condition; ('$(_ShouldRemoveAspNetCoreAll)' == 'true') was evaluated as ('False' == 'true').
       Task "CheckIfPackageReferenceShouldBeFrameworkReference"
       Done executing task "CheckIfPackageReferenceShouldBeFrameworkReference".
       Task "NETSdkWarning" skipped, due to false condition; ('$(_ShouldRemoveAspNetCoreApp)' == 'true') was evaluated as ('False' == 'true').
     5>Done building target "UpdateAspNetToFrameworkReference" in project "HRManagementSystem.WebApi.csproj".
       Target "IncludeTargetingPackReference" skipped, due to false condition; ('$(TargetFrameworkMoniker)' != '' and '$(TargetFrameworkIdentifier)' == '.NETFramework' and '$(AutomaticallyUseReferenceAssemblyPackages)' == 'true') was evaluated as ('.NETCoreApp,Version=v8.0' != '' and '.NETCoreApp' == '.NETFramework' and 'true' == 'true').
     5>Target "CheckForImplicitPackageReferenceOverrides" in file "/usr/share/dotnet/sdk/9.0.110/Sdks/Microsoft.NET.Sdk/targets/Microsoft.NET.Sdk.DefaultItems.Shared.targets" from project "/home/mostafa/Documents/Projects/hr-management-system/backend/HRManagementSystem/src/Presentation/HRManagementSystem.WebApi/HRManagementSystem.WebApi.csproj" (target "ApplyImplicitVersions" depends on it):
       Using "CheckForImplicitPackageReferenceOverrides" task from assembly "/usr/share/dotnet/sdk/9.0.110/Sdks/Microsoft.NET.Sdk/targets/../tools/net9.0/Microsoft.NET.Build.Tasks.dll".
       Task "CheckForImplicitPackageReferenceOverrides"
       Done executing task "CheckForImplicitPackageReferenceOverrides".
     5>Done building target "CheckForImplicitPackageReferenceOverrides" in project "HRManagementSystem.WebApi.csproj".
     5>Target "ApplyImplicitVersions" in file "/usr/share/dotnet/sdk/9.0.110/Sdks/Microsoft.NET.Sdk/targets/Microsoft.NET.Sdk.DefaultItems.Shared.targets" from project "/home/mostafa/Documents/Projects/hr-management-system/backend/HRManagementSystem/src/Presentation/HRManagementSystem.WebApi/HRManagementSystem.WebApi.csproj" (target "CollectPackageReferences" depends on it):
       Using "ApplyImplicitVersions" task from assembly "/usr/share/dotnet/sdk/9.0.110/Sdks/Microsoft.NET.Sdk/targets/../tools/net9.0/Microsoft.NET.Build.Tasks.dll".
       Task "ApplyImplicitVersions"
       Done executing task "ApplyImplicitVersions".
     5>Done building target "ApplyImplicitVersions" in project "HRManagementSystem.WebApi.csproj".
       Target "CheckForImplicitPackageReferenceOverrides" skipped. Previously built successfully.
       Target "AddWindowsSdkKnownFrameworkReferences" skipped, due to false condition; ('$(TargetFrameworkIdentifier)' == '.NETCoreApp' And '$(TargetPlatformIdentifier)' == 'Windows') was evaluated as ('.NETCoreApp' == '.NETCoreApp' And '' == 'Windows').
       Target "_NormalizeTargetPlatformVersion" skipped, due to false condition; ('$(TargetPlatformVersion)' != '' and '$(TargetFrameworkIdentifier)' == '.NETCoreApp' and $([MSBuild]::VersionGreaterThanOrEquals($(TargetFrameworkVersion), 5.0)) and ('$(Language)' != 'C++' or '$(_EnablePackageReferencesInVCProjects)' == 'true')) was evaluated as ('' != '' and '.NETCoreApp' == '.NETCoreApp' and True and ('C#' != 'C++' or '' == 'true')).
     3>Done executing task "ProcessFrameworkReferences".
       Using "ResolveAppHosts" task from assembly "/usr/share/dotnet/sdk/9.0.110/Sdks/Microsoft.NET.Sdk/targets/../tools/net9.0/Microsoft.NET.Build.Tasks.dll".
       Task "ResolveAppHosts"
       Done executing task "ResolveAppHosts".
     2>Done executing task "Microsoft.Build.Tasks.Git.GetUntrackedFiles".
     2>Done building target "SetEmbeddedFilesFromSourceControlManagerUntrackedFiles" in project "HRManagementSystem.Domain.csproj".
     2>Target "_SetEmbeddedFilesFromSourceControlManagerUntrackedFiles" in file "/usr/share/dotnet/sdk/9.0.110/Sdks/Microsoft.SourceLink.Common/build/Microsoft.SourceLink.Common.targets" from project "/home/mostafa/Documents/Projects/hr-management-system/backend/HRManagementSystem/src/Core/HRManagementSystem.Domain/HRManagementSystem.Domain.csproj" (target "CoreCompile" depends on it):
     2>Done building target "_SetEmbeddedFilesFromSourceControlManagerUntrackedFiles" in project "HRManagementSystem.Domain.csproj".
       Target "InitializeSourceControlInformation" skipped. Previously built successfully.
     3>Done building target "ProcessFrameworkReferences" in project "HRManagementSystem.Application.csproj".
       Target "IncludeTargetingPackReference" skipped, due to false condition; ('$(TargetFrameworkMoniker)' != '' and '$(TargetFrameworkIdentifier)' == '.NETFramework' and '$(AutomaticallyUseReferenceAssemblyPackages)' == 'true') was evaluated as ('.NETCoreApp,Version=v8.0' != '' and '.NETCoreApp' == '.NETFramework' and 'true' == 'true').
       Target "_CheckMicrosoftNetCompilersToolsetFrameworkPackageReference" skipped, due to false condition; ('$(MSBuildRuntimeType)' == 'Full') was evaluated as ('Core' == 'Full').
     3>Target "_CheckForObsoleteDotNetCliToolReferences" in file "/usr/share/dotnet/sdk/9.0.110/Sdks/Microsoft.NET.Sdk/targets/Microsoft.NET.ObsoleteReferences.targets" from project "/home/mostafa/Documents/Projects/hr-management-system/backend/HRManagementSystem/src/Core/HRManagementSystem.Application/HRManagementSystem.Application.csproj" (target "CollectPackageReferences" depends on it):
       Task "NETSdkWarning" skipped, due to false condition; ( '%(_ReferenceToObsoleteDotNetCliTool.Identity)' != '' ) was evaluated as ( '' != '' ).
     2>Target "_SetSourceLinkFilePath" in file "/usr/share/dotnet/sdk/9.0.110/Sdks/Microsoft.SourceLink.Common/build/Microsoft.SourceLink.Common.targets" from project "/home/mostafa/Documents/Projects/hr-management-system/backend/HRManagementSystem/src/Core/HRManagementSystem.Domain/HRManagementSystem.Domain.csproj" (target "_GenerateSourceLinkFile" depends on it):
     2>Done building target "_SetSourceLinkFilePath" in project "HRManagementSystem.Domain.csproj".
     3>Done building target "_CheckForObsoleteDotNetCliToolReferences" in project "HRManagementSystem.Application.csproj".
     2>Target "InitializeSourceControlInformation" skipped. Previously built successfully.
     2>Target "_InitializeSourceRootMappedPathsFromSourceControl" in file "/usr/share/dotnet/sdk/9.0.110/Roslyn/Microsoft.Managed.Core.targets" from project "/home/mostafa/Documents/Projects/hr-management-system/backend/HRManagementSystem/src/Core/HRManagementSystem.Domain/HRManagementSystem.Domain.csproj" (target "InitializeSourceRootMappedPaths" depends on it):
     2>Done building target "_InitializeSourceRootMappedPathsFromSourceControl" in project "HRManagementSystem.Domain.csproj".
     2>Target "InitializeSourceRootMappedPaths" in file "/usr/share/dotnet/sdk/9.0.110/Roslyn/Microsoft.Managed.Core.targets" from project "/home/mostafa/Documents/Projects/hr-management-system/backend/HRManagementSystem/src/Core/HRManagementSystem.Domain/HRManagementSystem.Domain.csproj" (target "_InitializeSourceRootMappedPathsOpt" depends on it):
       Using "Microsoft.CodeAnalysis.BuildTasks.MapSourceRoots" task from assembly "/usr/share/dotnet/sdk/9.0.110/Roslyn/Microsoft.Build.Tasks.CodeAnalysis.dll".
       Task "Microsoft.CodeAnalysis.BuildTasks.MapSourceRoots"
       Done executing task "Microsoft.CodeAnalysis.BuildTasks.MapSourceRoots".
     2>Done building target "InitializeSourceRootMappedPaths" in project "HRManagementSystem.Domain.csproj".
     2>Target "_InitializeSourceRootMappedPathsOpt" in file "/usr/share/dotnet/sdk/9.0.110/Sdks/Microsoft.SourceLink.Common/build/Microsoft.SourceLink.Common.targets" from project "/home/mostafa/Documents/Projects/hr-management-system/backend/HRManagementSystem/src/Core/HRManagementSystem.Domain/HRManagementSystem.Domain.csproj" (target "_GenerateSourceLinkFile" depends on it):
     2>Done building target "_InitializeSourceRootMappedPathsOpt" in project "HRManagementSystem.Domain.csproj".
     2>Target "_InitializeGitHubSourceLinkUrl" in file "/usr/share/dotnet/sdk/9.0.110/Sdks/Microsoft.SourceLink.GitHub/build/Microsoft.SourceLink.GitHub.targets" from project "/home/mostafa/Documents/Projects/hr-management-system/backend/HRManagementSystem/src/Core/HRManagementSystem.Domain/HRManagementSystem.Domain.csproj" (target "_GenerateSourceLinkFile" depends on it):
       Building target "_InitializeGitHubSourceLinkUrl" completely.
       No input files were specified.
     5>Target "_ComputeToolPackInputsToProcessFrameworkReferences" in file "/usr/share/dotnet/sdk/9.0.110/Sdks/Microsoft.NET.Sdk/targets/Microsoft.NET.Publish.targets" from project "/home/mostafa/Documents/Projects/hr-management-system/backend/HRManagementSystem/src/Presentation/HRManagementSystem.WebApi/HRManagementSystem.WebApi.csproj" (target "ProcessFrameworkReferences" depends on it):
     5>Done building target "_ComputeToolPackInputsToProcessFrameworkReferences" in project "HRManagementSystem.WebApi.csproj".
     5>Target "ProcessFrameworkReferences" in file "/usr/share/dotnet/sdk/9.0.110/Sdks/Microsoft.NET.Sdk/targets/Microsoft.NET.Sdk.FrameworkReferenceResolution.targets" from project "/home/mostafa/Documents/Projects/hr-management-system/backend/HRManagementSystem/src/Presentation/HRManagementSystem.WebApi/HRManagementSystem.WebApi.csproj" (target "CollectPackageReferences" depends on it):
       Using "CheckForDuplicateFrameworkReferences" task from assembly "/usr/share/dotnet/sdk/9.0.110/Sdks/Microsoft.NET.Sdk/targets/../tools/net9.0/Microsoft.NET.Build.Tasks.dll".
       Task "CheckForDuplicateFrameworkReferences"
     2>_InitializeGitHubSourceLinkUrl:
       Using "Microsoft.SourceLink.GitHub.GetSourceLinkUrl" task from assembly "/usr/share/dotnet/sdk/9.0.110/Sdks/Microsoft.SourceLink.GitHub/build/../tools/net/Microsoft.SourceLink.GitHub.dll".
       Task "Microsoft.SourceLink.GitHub.GetSourceLinkUrl"
       Done executing task "Microsoft.SourceLink.GitHub.GetSourceLinkUrl".
     2>Done building target "_InitializeGitHubSourceLinkUrl" in project "HRManagementSystem.Domain.csproj".
     2>Target "_InitializeGitHubSourceLinkUrl" in file "/usr/share/dotnet/sdk/9.0.110/Sdks/Microsoft.SourceLink.GitHub/build/Microsoft.SourceLink.GitHub.targets" from project "/home/mostafa/Documents/Projects/hr-management-system/backend/HRManagementSystem/src/Core/HRManagementSystem.Domain/HRManagementSystem.Domain.csproj" (target "_GenerateSourceLinkFile" depends on it):
       Building target "_InitializeGitHubSourceLinkUrl" completely.
       No input files were specified.
     5>Done executing task "CheckForDuplicateFrameworkReferences".
       Using "ProcessFrameworkReferences" task from assembly "/usr/share/dotnet/sdk/9.0.110/Sdks/Microsoft.NET.Sdk/targets/../tools/net9.0/Microsoft.NET.Build.Tasks.dll".
     2>Task "Microsoft.SourceLink.GitHub.GetSourceLinkUrl"
     5>Task "ProcessFrameworkReferences"
     3>Target "CollectPackageReferences" in file "/usr/share/dotnet/sdk/9.0.110/NuGet.targets" from project "/home/mostafa/Documents/Projects/hr-management-system/backend/HRManagementSystem/src/Core/HRManagementSystem.Application/HRManagementSystem.Application.csproj" (target "_GetRestoreProjectStyle" depends on it):
     3>Assembly loaded during TaskRun: NuGet.Build.Tasks, Version=6.12.4.32767, Culture=neutral, PublicKeyToken=31bf3856ad364e35 (location: /usr/share/dotnet/sdk/9.0.110/NuGet.Build.Tasks.dll, MVID: 6a543de4-2238-4135-9864-c463b6cb5831, AssemblyLoadContext: MSBuild plugin /usr/share/dotnet/sdk/9.0.110/NuGet.Build.Tasks.dll)
       Assembly loaded during TaskRun: NuGet.Common, Version=6.12.4.32767, Culture=neutral, PublicKeyToken=31bf3856ad364e35 (location: /usr/share/dotnet/sdk/9.0.110/NuGet.Common.dll, MVID: 13c97386-33e1-4db0-9fd0-9b7567324670, AssemblyLoadContext: MSBuild plugin /usr/share/dotnet/sdk/9.0.110/NuGet.Build.Tasks.dll)
       Assembly loaded during TaskRun: NuGet.Commands, Version=6.12.4.32767, Culture=neutral, PublicKeyToken=31bf3856ad364e35 (location: /usr/share/dotnet/sdk/9.0.110/NuGet.Commands.dll, MVID: 0f5e76bb-d137-45d9-b522-d97d396e2b89, AssemblyLoadContext: MSBuild plugin /usr/share/dotnet/sdk/9.0.110/NuGet.Build.Tasks.dll)
       Assembly loaded during TaskRun: NuGet.ProjectModel, Version=6.12.4.32767, Culture=neutral, PublicKeyToken=31bf3856ad364e35 (location: /usr/share/dotnet/sdk/9.0.110/NuGet.ProjectModel.dll, MVID: 73ff4b58-cb52-4aa8-9028-4e73eee9ec35, AssemblyLoadContext: MSBuild plugin /usr/share/dotnet/sdk/9.0.110/NuGet.Build.Tasks.dll)
     2>Done executing task "Microsoft.SourceLink.GitHub.GetSourceLinkUrl".
     3>CollectPackageReferences:
       Using "CheckForDuplicateNuGetItemsTask" task from assembly "/usr/share/dotnet/sdk/9.0.110/NuGet.Build.Tasks.dll".
       Task "CheckForDuplicateNuGetItemsTask"
     2>Done building target "_InitializeGitHubSourceLinkUrl" in project "HRManagementSystem.Domain.csproj".
     2>Target "_InitializeGitLabSourceLinkUrl" in file "/usr/share/dotnet/sdk/9.0.110/Sdks/Microsoft.SourceLink.GitLab/build/Microsoft.SourceLink.GitLab.targets" from project "/home/mostafa/Documents/Projects/hr-management-system/backend/HRManagementSystem/src/Core/HRManagementSystem.Domain/HRManagementSystem.Domain.csproj" (target "_GenerateSourceLinkFile" depends on it):
       Building target "_InitializeGitLabSourceLinkUrl" completely.
       No input files were specified.
       Using "Microsoft.SourceLink.GitLab.GetSourceLinkUrl" task from assembly "/usr/share/dotnet/sdk/9.0.110/Sdks/Microsoft.SourceLink.GitLab/build/../tools/net/Microsoft.SourceLink.GitLab.dll".
       Task "Microsoft.SourceLink.GitLab.GetSourceLinkUrl"
       Done executing task "Microsoft.SourceLink.GitLab.GetSourceLinkUrl".
     2>Done building target "_InitializeGitLabSourceLinkUrl" in project "HRManagementSystem.Domain.csproj".
     2>Target "_InitializeGitLabSourceLinkUrl" in file "/usr/share/dotnet/sdk/9.0.110/Sdks/Microsoft.SourceLink.GitLab/build/Microsoft.SourceLink.GitLab.targets" from project "/home/mostafa/Documents/Projects/hr-management-system/backend/HRManagementSystem/src/Core/HRManagementSystem.Domain/HRManagementSystem.Domain.csproj" (target "_GenerateSourceLinkFile" depends on it):
       Building target "_InitializeGitLabSourceLinkUrl" completely.
       No input files were specified.
       Task "Microsoft.SourceLink.GitLab.GetSourceLinkUrl"
     4>Done executing task "ProcessFrameworkReferences".
     2>Done executing task "Microsoft.SourceLink.GitLab.GetSourceLinkUrl".
     3>Done executing task "CheckForDuplicateNuGetItemsTask".
     2>Done building target "_InitializeGitLabSourceLinkUrl" in project "HRManagementSystem.Domain.csproj".
     3>Done building target "CollectPackageReferences" in project "HRManagementSystem.Application.csproj".
     4>ProcessFrameworkReferences:
       Using "ResolveAppHosts" task from assembly "/usr/share/dotnet/sdk/9.0.110/Sdks/Microsoft.NET.Sdk/targets/../tools/net9.0/Microsoft.NET.Build.Tasks.dll".
     2>Target "_InitializeAzureReposGitSourceLinkUrl" in file "/usr/share/dotnet/sdk/9.0.110/Sdks/Microsoft.SourceLink.AzureRepos.Git/build/Microsoft.SourceLink.AzureRepos.Git.targets" from project "/home/mostafa/Documents/Projects/hr-management-system/backend/HRManagementSystem/src/Core/HRManagementSystem.Domain/HRManagementSystem.Domain.csproj" (target "_GenerateSourceLinkFile" depends on it):
     2>Building target "_InitializeAzureReposGitSourceLinkUrl" completely.
       No input files were specified.
     4>Task "ResolveAppHosts"
     3>Target "_GetRestoreProjectStyle" in file "/usr/share/dotnet/sdk/9.0.110/NuGet.targets" from project "/home/mostafa/Documents/Projects/hr-management-system/backend/HRManagementSystem/src/Core/HRManagementSystem.Application/HRManagementSystem.Application.csproj" (target "EnableIntermediateOutputPathMismatchWarning" depends on it):
     3>Using "GetRestoreProjectStyleTask" task from assembly "/usr/share/dotnet/sdk/9.0.110/NuGet.Build.Tasks.dll".
       Task "GetRestoreProjectStyleTask"
     2>_InitializeAzureReposGitSourceLinkUrl:
       Using "Microsoft.SourceLink.AzureRepos.Git.GetSourceLinkUrl" task from assembly "/usr/share/dotnet/sdk/9.0.110/Sdks/Microsoft.SourceLink.AzureRepos.Git/build/../tools/net/Microsoft.SourceLink.AzureRepos.Git.dll".
       Task "Microsoft.SourceLink.AzureRepos.Git.GetSourceLinkUrl"
     3>Done executing task "GetRestoreProjectStyleTask".
     3>Done building target "_GetRestoreProjectStyle" in project "HRManagementSystem.Application.csproj".
     3>Target "EnableIntermediateOutputPathMismatchWarning" in file "/usr/share/dotnet/sdk/9.0.110/NuGet.targets" from project "/home/mostafa/Documents/Projects/hr-management-system/backend/HRManagementSystem/src/Core/HRManagementSystem.Application/HRManagementSystem.Application.csproj" (target "_CheckForInvalidConfigurationAndPlatform" depends on it):
     3>Done building target "EnableIntermediateOutputPathMismatchWarning" in project "HRManagementSystem.Application.csproj".
       Target "ApplyImplicitVersions" skipped. Previously built successfully.
       Target "CheckForImplicitPackageReferenceOverrides" skipped. Previously built successfully.
     3>Target "CheckForDuplicateItems" in file "/usr/share/dotnet/sdk/9.0.110/Sdks/Microsoft.NET.Sdk/targets/Microsoft.NET.Sdk.DefaultItems.Shared.targets" from project "/home/mostafa/Documents/Projects/hr-management-system/backend/HRManagementSystem/src/Core/HRManagementSystem.Application/HRManagementSystem.Application.csproj" (target "_CheckForInvalidConfigurationAndPlatform" depends on it):
       Using "CheckForDuplicateItems" task from assembly "/usr/share/dotnet/sdk/9.0.110/Sdks/Microsoft.NET.Sdk/targets/../tools/net9.0/Microsoft.NET.Build.Tasks.dll".
       Task "CheckForDuplicateItems"
     4>Done executing task "ResolveAppHosts".
     4>Done building target "ProcessFrameworkReferences" in project "HRManagementSystem.Infrastructure.csproj".
     3>Done executing task "CheckForDuplicateItems".
     4>Target "IncludeTargetingPackReference" skipped, due to false condition; ('$(TargetFrameworkMoniker)' != '' and '$(TargetFrameworkIdentifier)' == '.NETFramework' and '$(AutomaticallyUseReferenceAssemblyPackages)' == 'true') was evaluated as ('.NETCoreApp,Version=v8.0' != '' and '.NETCoreApp' == '.NETFramework' and 'true' == 'true').
       Target "_CheckMicrosoftNetCompilersToolsetFrameworkPackageReference" skipped, due to false condition; ('$(MSBuildRuntimeType)' == 'Full') was evaluated as ('Core' == 'Full').
     4>Target "_CheckForObsoleteDotNetCliToolReferences" in file "/usr/share/dotnet/sdk/9.0.110/Sdks/Microsoft.NET.Sdk/targets/Microsoft.NET.ObsoleteReferences.targets" from project "/home/mostafa/Documents/Projects/hr-management-system/backend/HRManagementSystem/src/Infrastructure/HRManagementSystem.Infrastructure/HRManagementSystem.Infrastructure.csproj" (target "CollectPackageReferences" depends on it):
       Task "NETSdkWarning" skipped, due to false condition; ( '%(_ReferenceToObsoleteDotNetCliTool.Identity)' != '' ) was evaluated as ( '' != '' ).
     3>Task "CheckForDuplicateItems"
     4>Done building target "_CheckForObsoleteDotNetCliToolReferences" in project "HRManagementSystem.Infrastructure.csproj".
     2>Done executing task "Microsoft.SourceLink.AzureRepos.Git.GetSourceLinkUrl".
     2>Done building target "_InitializeAzureReposGitSourceLinkUrl" in project "HRManagementSystem.Domain.csproj".
     2>Target "_InitializeAzureReposGitSourceLinkUrl" in file "/usr/share/dotnet/sdk/9.0.110/Sdks/Microsoft.SourceLink.AzureRepos.Git/build/Microsoft.SourceLink.AzureRepos.Git.targets" from project "/home/mostafa/Documents/Projects/hr-management-system/backend/HRManagementSystem/src/Core/HRManagementSystem.Domain/HRManagementSystem.Domain.csproj" (target "_GenerateSourceLinkFile" depends on it):
       Building target "_InitializeAzureReposGitSourceLinkUrl" completely.
       No input files were specified.
       Task "Microsoft.SourceLink.AzureRepos.Git.GetSourceLinkUrl"
     3>Done executing task "CheckForDuplicateItems".
       Task "CheckForDuplicateItems"
     2>Done executing task "Microsoft.SourceLink.AzureRepos.Git.GetSourceLinkUrl".
     2>Done building target "_InitializeAzureReposGitSourceLinkUrl" in project "HRManagementSystem.Domain.csproj".
     2>Target "_InitializeBitbucketGitSourceLinkUrl" in file "/usr/share/dotnet/sdk/9.0.110/Sdks/Microsoft.SourceLink.Bitbucket.Git/build/Microsoft.SourceLink.Bitbucket.Git.targets" from project "/home/mostafa/Documents/Projects/hr-management-system/backend/HRManagementSystem/src/Core/HRManagementSystem.Domain/HRManagementSystem.Domain.csproj" (target "_GenerateSourceLinkFile" depends on it):
       Building target "_InitializeBitbucketGitSourceLinkUrl" completely.
     3>Done executing task "CheckForDuplicateItems".
     2>_InitializeBitbucketGitSourceLinkUrl:
       No input files were specified.
     3>Done building target "CheckForDuplicateItems" in project "HRManagementSystem.Application.csproj".
       Target "WarnForExplicitVersions" skipped, due to false condition; ('@(SdkBuildWarning)' != '') was evaluated as ('' != '').
       Target "_CheckForFailedSDKResolution" skipped, due to false condition; ('$(SdkResolverHonoredGlobalJson)' == 'false') was evaluated as ('' == 'false').
       Target "_WarnWhenUsingNET9AndVSPriorTo1712" skipped, due to false condition; ($([MSBuild]::VersionLessThan($(MSBuildVersion), '17.12.0')) and '$(TargetFrameworkIdentifier)' == '.NETCoreApp' and $([MSBuild]::VersionGreaterThanOrEquals($(_TargetFrameworkVersionWithoutV), '9.0'))) was evaluated as (False and '.NETCoreApp' == '.NETCoreApp' and False).
     2>_InitializeBitbucketGitSourceLinkUrl:
       Using "Microsoft.SourceLink.Bitbucket.Git.GetSourceLinkUrl" task from assembly "/usr/share/dotnet/sdk/9.0.110/Sdks/Microsoft.SourceLink.Bitbucket.Git/build/../tools/net/Microsoft.SourceLink.Bitbucket.Git.dll".
       Task "Microsoft.SourceLink.Bitbucket.Git.GetSourceLinkUrl"
     3>Target "_CheckForInvalidWindowsDesktopTargetingConfiguration" skipped, due to false condition; ('$(TargetFrameworkIdentifier)' == '.NETCoreApp' and $([MSBuild]::VersionGreaterThanOrEquals($(_TargetFrameworkVersionWithoutV), '5.0')) and ('$(UseWindowsForms)' == 'true' or '$(UseWPF)' == 'true')) was evaluated as ('.NETCoreApp' == '.NETCoreApp' and True and ('' == 'true' or '' == 'true')).
       Target "_CheckForUnnecessaryWindowsDesktopSDK" skipped, due to false condition; ('$(TargetFrameworkIdentifier)' == '.NETCoreApp' and $([MSBuild]::VersionGreaterThanOrEquals($(_TargetFrameworkVersionWithoutV), '5.0')) and '$(_MicrosoftWindowsDesktopSdkImported)' == 'true' and '$(TargetFrameworks)' == '') was evaluated as ('.NETCoreApp' == '.NETCoreApp' and True and '' == 'true' and '' == '').
       Target "ProcessFrameworkReferences" skipped. Previously built successfully.
       Target "IncludeTargetingPackReference" skipped, due to false condition; ('$(TargetFrameworkMoniker)' != '' and '$(TargetFrameworkIdentifier)' == '.NETFramework' and '$(AutomaticallyUseReferenceAssemblyPackages)' == 'true') was evaluated as ('.NETCoreApp,Version=v8.0' != '' and '.NETCoreApp' == '.NETFramework' and 'true' == 'true').
     3>Target "_CheckForInvalidConfigurationAndPlatform" in file "/usr/share/dotnet/sdk/9.0.110/Microsoft.Common.CurrentVersion.targets" from project "/home/mostafa/Documents/Projects/hr-management-system/backend/HRManagementSystem/src/Core/HRManagementSystem.Application/HRManagementSystem.Application.csproj" (target "BeforeBuild" depends on it):
       Task "Error" skipped, due to false condition; ( '$(_InvalidConfigurationError)' == 'true' ) was evaluated as ( '' == 'true' ).
       Task "Warning" skipped, due to false condition; ( '$(_InvalidConfigurationWarning)' == 'true' ) was evaluated as ( '' == 'true' ).
       Using "Message" task from assembly "Microsoft.Build.Tasks.Core, Version=15.1.0.0, Culture=neutral, PublicKeyToken=b03f5f7f11d50a3a".
       Task "Message"
     2>Done executing task "Microsoft.SourceLink.Bitbucket.Git.GetSourceLinkUrl".
     2>Done building target "_InitializeBitbucketGitSourceLinkUrl" in project "HRManagementSystem.Domain.csproj".
     2>Target "_InitializeBitbucketGitSourceLinkUrl" in file "/usr/share/dotnet/sdk/9.0.110/Sdks/Microsoft.SourceLink.Bitbucket.Git/build/Microsoft.SourceLink.Bitbucket.Git.targets" from project "/home/mostafa/Documents/Projects/hr-management-system/backend/HRManagementSystem/src/Core/HRManagementSystem.Domain/HRManagementSystem.Domain.csproj" (target "_GenerateSourceLinkFile" depends on it):
       Building target "_InitializeBitbucketGitSourceLinkUrl" completely.
       No input files were specified.
       Task "Microsoft.SourceLink.Bitbucket.Git.GetSourceLinkUrl"
     3>_CheckForInvalidConfigurationAndPlatform:
         Configuration=Debug
       Done executing task "Message".
       Task "Message"
     2>Done executing task "Microsoft.SourceLink.Bitbucket.Git.GetSourceLinkUrl".
     3>_CheckForInvalidConfigurationAndPlatform:
         Platform=AnyCPU
     2>Done building target "_InitializeBitbucketGitSourceLinkUrl" in project "HRManagementSystem.Domain.csproj".
     3>Done executing task "Message".
       Task "Error" skipped, due to false condition; ('$(OutDir)' != '' and !HasTrailingSlash('$(OutDir)')) was evaluated as ('bin/Debug/net8.0/' != '' and !HasTrailingSlash('bin/Debug/net8.0/')).
     2>Target "_GenerateSourceLinkFile" in file "/usr/share/dotnet/sdk/9.0.110/Sdks/Microsoft.SourceLink.Common/build/Microsoft.SourceLink.Common.targets" from project "/home/mostafa/Documents/Projects/hr-management-system/backend/HRManagementSystem/src/Core/HRManagementSystem.Domain/HRManagementSystem.Domain.csproj" (target "GenerateSourceLinkFile" depends on it):
     2>Building target "_GenerateSourceLinkFile" completely.
       No input files were specified.
       Using "Microsoft.SourceLink.Common.GenerateSourceLinkFile" task from assembly "/usr/share/dotnet/sdk/9.0.110/Sdks/Microsoft.SourceLink.Common/build/../tools/net/Microsoft.SourceLink.Common.dll".
       Task "Microsoft.SourceLink.Common.GenerateSourceLinkFile"
     3>_CheckForInvalidConfigurationAndPlatform:
       Task "Error" skipped, due to false condition; ('$(IntermediateOutputPath)' != '' and !HasTrailingSlash('$(IntermediateOutputPath)')) was evaluated as ('obj/Debug/net8.0/' != '' and !HasTrailingSlash('obj/Debug/net8.0/')).
       Task "Error" skipped, due to false condition; ('$(BaseIntermediateOutputPath)' != '' and !HasTrailingSlash('$(BaseIntermediateOutputPath)')) was evaluated as ('obj/' != '' and !HasTrailingSlash('obj/')).
       Task "MSBuildInternalMessage" skipped, due to false condition; ( '$(Prefer32Bit)' == 'true' and '$(PreferNativeArm64)' == 'true' ) was evaluated as ( 'false' == 'true' and 'false' == 'true' ).
       Task "MSBuildInternalMessage" skipped, due to false condition; ( '$(NoWin32Manifest)' == 'true' and '$(PreferNativeArm64)' == 'true' ) was evaluated as ( '' == 'true' and 'false' == 'true' ).
       Task "MSBuildInternalMessage" skipped, due to false condition; ( '$(PreferNativeArm64)' == 'true' and '$(Platform)' != 'AnyCPU' ) was evaluated as ( 'false' == 'true' and 'AnyCPU' != 'AnyCPU' ).
     4>Target "CollectPackageReferences" in file "/usr/share/dotnet/sdk/9.0.110/NuGet.targets" from project "/home/mostafa/Documents/Projects/hr-management-system/backend/HRManagementSystem/src/Infrastructure/HRManagementSystem.Infrastructure/HRManagementSystem.Infrastructure.csproj" (target "_GetRestoreProjectStyle" depends on it):
     4>Assembly loaded during TaskRun: NuGet.Build.Tasks, Version=6.12.4.32767, Culture=neutral, PublicKeyToken=31bf3856ad364e35 (location: /usr/share/dotnet/sdk/9.0.110/NuGet.Build.Tasks.dll, MVID: 6a543de4-2238-4135-9864-c463b6cb5831, AssemblyLoadContext: MSBuild plugin /usr/share/dotnet/sdk/9.0.110/NuGet.Build.Tasks.dll)
       Assembly loaded during TaskRun: NuGet.Common, Version=6.12.4.32767, Culture=neutral, PublicKeyToken=31bf3856ad364e35 (location: /usr/share/dotnet/sdk/9.0.110/NuGet.Common.dll, MVID: 13c97386-33e1-4db0-9fd0-9b7567324670, AssemblyLoadContext: MSBuild plugin /usr/share/dotnet/sdk/9.0.110/NuGet.Build.Tasks.dll)
     3>_CheckForInvalidConfigurationAndPlatform:
       Task "Error" skipped, due to false condition; ( '$(_InitialMSBuildProjectExtensionsPath)' != '' And '$(MSBuildProjectExtensionsPath)' != '$(_InitialMSBuildProjectExtensionsPath)' ) was evaluated as ( '/home/mostafa/Documents/Projects/hr-management-system/backend/HRManagementSystem/src/Core/HRManagementSystem.Application/obj/' != '' And '/home/mostafa/Documents/Projects/hr-management-system/backend/HRManagementSystem/src/Core/HRManagementSystem.Application/obj/' != '/home/mostafa/Documents/Projects/hr-management-system/backend/HRManagementSystem/src/Core/HRManagementSystem.Application/obj/' ).
       Task "Warning" skipped, due to false condition; ( '$(EnableBaseIntermediateOutputPathMismatchWarning)' == 'true' And '$(_InitialBaseIntermediateOutputPath)' != '$(BaseIntermediateOutputPath)' And '$(BaseIntermediateOutputPath)' != '$(MSBuildProjectExtensionsPath)' ) was evaluated as ( 'true' == 'true' And 'obj/' != 'obj/' And 'obj/' != '/home/mostafa/Documents/Projects/hr-management-system/backend/HRManagementSystem/src/Core/HRManagementSystem.Application/obj/' ).
     3>Done building target "_CheckForInvalidConfigurationAndPlatform" in project "HRManagementSystem.Application.csproj".
     3>Target "ValidateCommandLineProperties" in file "/usr/share/dotnet/sdk/9.0.110/Sdks/Microsoft.NET.Sdk/targets/Microsoft.NET.Sdk.targets" from project "/home/mostafa/Documents/Projects/hr-management-system/backend/HRManagementSystem/src/Core/HRManagementSystem.Application/HRManagementSystem.Application.csproj" (target "BeforeBuild" depends on it):
     3>Done building target "ValidateCommandLineProperties" in project "HRManagementSystem.Application.csproj".
     4>CollectPackageReferences:
       Assembly loaded during TaskRun: NuGet.Commands, Version=6.12.4.32767, Culture=neutral, PublicKeyToken=31bf3856ad364e35 (location: /usr/share/dotnet/sdk/9.0.110/NuGet.Commands.dll, MVID: 0f5e76bb-d137-45d9-b522-d97d396e2b89, AssemblyLoadContext: MSBuild plugin /usr/share/dotnet/sdk/9.0.110/NuGet.Build.Tasks.dll)
     3>Target "BeforeBuild" in file "/usr/share/dotnet/sdk/9.0.110/Microsoft.Common.CurrentVersion.targets" from project "/home/mostafa/Documents/Projects/hr-management-system/backend/HRManagementSystem/src/Core/HRManagementSystem.Application/HRManagementSystem.Application.csproj" (target "Build" depends on it):
     3>Done building target "BeforeBuild" in project "HRManagementSystem.Application.csproj".
       Target "_CheckForBuildWithNoBuild" skipped, due to false condition; ('$(NoBuild)' == 'true' and '$(GeneratePackageOnBuild)' != 'true') was evaluated as ('' == 'true' and 'false' != 'true').
     3>Target "BuildOnlySettings" in file "/usr/share/dotnet/sdk/9.0.110/Microsoft.Common.CurrentVersion.targets" from project "/home/mostafa/Documents/Projects/hr-management-system/backend/HRManagementSystem/src/Core/HRManagementSystem.Application/HRManagementSystem.Application.csproj" (target "CoreBuild" depends on it):
     3>Done building target "BuildOnlySettings" in project "HRManagementSystem.Application.csproj".
       Target "_CheckForUnsupportedTargetFramework" skipped, due to false condition; ('$(_UnsupportedTargetFrameworkError)' == 'true') was evaluated as ('' == 'true').
     4>CollectPackageReferences:
       Assembly loaded during TaskRun: NuGet.ProjectModel, Version=6.12.4.32767, Culture=neutral, PublicKeyToken=31bf3856ad364e35 (location: /usr/share/dotnet/sdk/9.0.110/NuGet.ProjectModel.dll, MVID: 73ff4b58-cb52-4aa8-9028-4e73eee9ec35, AssemblyLoadContext: MSBuild plugin /usr/share/dotnet/sdk/9.0.110/NuGet.Build.Tasks.dll)
     3>Target "_CheckForUnsupportedTargetPlatformIdentifier" skipped, due to false condition; ('$(TargetPlatformIdentifier)' != '' and '$(TargetFrameworkIdentifier)' == '.NETCoreApp' and $([MSBuild]::VersionGreaterThanOrEquals($(TargetFrameworkVersion), 5.0)) And ('$(DesignTimeBuild)' != 'true' Or '@(MissingWorkloadPack)' == '')) was evaluated as ('' != '' and '.NETCoreApp' == '.NETCoreApp' and True And ('' != 'true' Or '' == '')).
       Target "_CheckForMissingWorkload" skipped, due to false condition; ('@(MissingWorkloadPack)' != '' And '$(DesignTimeBuild)' != 'true') was evaluated as ('' != '' And '' != 'true').
     2>_GenerateSourceLinkFile:
         Source Link file 'obj/Debug/net8.0/HRManagementSystem.Domain.sourcelink.json' is up-to-date.
       Done executing task "Microsoft.SourceLink.Common.GenerateSourceLinkFile".
     3>Target "GetFrameworkPaths" in file "/usr/share/dotnet/sdk/9.0.110/Sdks/Microsoft.NET.Sdk/targets/Microsoft.NET.DisableStandardFrameworkResolution.targets" from project "/home/mostafa/Documents/Projects/hr-management-system/backend/HRManagementSystem/src/Core/HRManagementSystem.Application/HRManagementSystem.Application.csproj" (target "PrepareForBuild" depends on it):
     3>Done building target "GetFrameworkPaths" in project "HRManagementSystem.Application.csproj".
       Target "_CheckForUnsupportedTargetFramework" skipped, due to false condition; ('$(_UnsupportedTargetFrameworkError)' == 'true') was evaluated as ('' == 'true').
       Target "_CheckForUnsupportedTargetPlatformIdentifier" skipped, due to false condition; ('$(TargetPlatformIdentifier)' != '' and '$(TargetFrameworkIdentifier)' == '.NETCoreApp' and $([MSBuild]::VersionGreaterThanOrEquals($(TargetFrameworkVersion), 5.0)) And ('$(DesignTimeBuild)' != 'true' Or '@(MissingWorkloadPack)' == '')) was evaluated as ('' != '' and '.NETCoreApp' == '.NETCoreApp' and True And ('' != 'true' Or '' == '')).
       Target "_CheckForMissingWorkload" skipped, due to false condition; ('@(MissingWorkloadPack)' != '' And '$(DesignTimeBuild)' != 'true') was evaluated as ('' != '' And '' != 'true').
     2>Done building target "_GenerateSourceLinkFile" in project "HRManagementSystem.Domain.csproj".
     3>Target "GetReferenceAssemblyPaths" in file "/usr/share/dotnet/sdk/9.0.110/Sdks/Microsoft.NET.Sdk/targets/Microsoft.NET.DisableStandardFrameworkResolution.targets" from project "/home/mostafa/Documents/Projects/hr-management-system/backend/HRManagementSystem/src/Core/HRManagementSystem.Application/HRManagementSystem.Application.csproj" (target "PrepareForBuild" depends on it):
     3>Done building target "GetReferenceAssemblyPaths" in project "HRManagementSystem.Application.csproj".
     2>Target "GenerateSourceLinkFile" in file "/usr/share/dotnet/sdk/9.0.110/Sdks/Microsoft.SourceLink.Common/build/Microsoft.SourceLink.Common.targets" from project "/home/mostafa/Documents/Projects/hr-management-system/backend/HRManagementSystem/src/Core/HRManagementSystem.Domain/HRManagementSystem.Domain.csproj" (target "CoreCompile" depends on it):
     2>Done building target "GenerateSourceLinkFile" in project "HRManagementSystem.Domain.csproj".
     3>Target "AssignLinkMetadata" skipped, due to false condition; ( '$(SynthesizeLinkMetadata)' == 'true' ) was evaluated as ( '' == 'true' ).
     4>CollectPackageReferences:
       Using "CheckForDuplicateNuGetItemsTask" task from assembly "/usr/share/dotnet/sdk/9.0.110/NuGet.Build.Tasks.dll".
     3>Target "_VerifyPackReleaseConfigurations" skipped, due to false condition; ('$(_IsPacking)' == 'true' and '$(DOTNET_CLI_DISABLE_PUBLISH_AND_PACK_RELEASE)' != 'true' and '$(DOTNET_CLI_LAZY_PUBLISH_AND_PACK_RELEASE_FOR_SOLUTIONS)' == 'true') was evaluated as ('' == 'true' and '' != 'true' and '' == 'true').
     3>Target "PrepareForBuild" in file "/usr/share/dotnet/sdk/9.0.110/Microsoft.Common.CurrentVersion.targets" from project "/home/mostafa/Documents/Projects/hr-management-system/backend/HRManagementSystem/src/Core/HRManagementSystem.Application/HRManagementSystem.Application.csproj" (target "CoreBuild" depends on it):
       Using "FindAppConfigFile" task from assembly "Microsoft.Build.Tasks.Core, Version=15.1.0.0, Culture=neutral, PublicKeyToken=b03f5f7f11d50a3a".
       Task "FindAppConfigFile"
       Done executing task "FindAppConfigFile".
     4>Task "CheckForDuplicateNuGetItemsTask"
     3>PrepareForBuild:
       Using "MakeDir" task from assembly "Microsoft.Build.Tasks.Core, Version=15.1.0.0, Culture=neutral, PublicKeyToken=b03f5f7f11d50a3a".
       Task "MakeDir"
     4>Done executing task "CheckForDuplicateNuGetItemsTask".
     4>Done building target "CollectPackageReferences" in project "HRManagementSystem.Infrastructure.csproj".
     4>Target "_GetRestoreProjectStyle" in file "/usr/share/dotnet/sdk/9.0.110/NuGet.targets" from project "/home/mostafa/Documents/Projects/hr-management-system/backend/HRManagementSystem/src/Infrastructure/HRManagementSystem.Infrastructure/HRManagementSystem.Infrastructure.csproj" (target "EnableIntermediateOutputPathMismatchWarning" depends on it):
       Using "GetRestoreProjectStyleTask" task from assembly "/usr/share/dotnet/sdk/9.0.110/NuGet.Build.Tasks.dll".
       Task "GetRestoreProjectStyleTask"
     3>Done executing task "MakeDir".
     3>Done building target "PrepareForBuild" in project "HRManagementSystem.Application.csproj".
     2>Target "AddGlobalAnalyzerConfigForPackage_MicrosoftCodeAnalysisNetAnalyzers" in file "/usr/share/dotnet/sdk/9.0.110/Sdks/Microsoft.NET.Sdk/analyzers/build/Microsoft.CodeAnalysis.NetAnalyzers.targets" from project "/home/mostafa/Documents/Projects/hr-management-system/backend/HRManagementSystem/src/Core/HRManagementSystem.Domain/HRManagementSystem.Domain.csproj" (target "CoreCompile" depends on it):
     2>Done building target "AddGlobalAnalyzerConfigForPackage_MicrosoftCodeAnalysisNetAnalyzers" in project "HRManagementSystem.Domain.csproj".
       Target "AddGlobalAnalyzerConfigForPackage_MicrosoftCodeAnalysisNetAnalyzersDesign" skipped, due to false condition; ('$(SkipGlobalAnalyzerConfigForPackage)' != 'true' and ('$(AnalysisLevelDesign)' != '' or '$(AnalysisModeDesign)' != '')) was evaluated as ('' != 'true' and ('' != '' or '' != '')).
       Target "AddGlobalAnalyzerConfigForPackage_MicrosoftCodeAnalysisNetAnalyzersDocumentation" skipped, due to false condition; ('$(SkipGlobalAnalyzerConfigForPackage)' != 'true' and ('$(AnalysisLevelDocumentation)' != '' or '$(AnalysisModeDocumentation)' != '')) was evaluated as ('' != 'true' and ('' != '' or '' != '')).
       Target "AddGlobalAnalyzerConfigForPackage_MicrosoftCodeAnalysisNetAnalyzersGlobalization" skipped, due to false condition; ('$(SkipGlobalAnalyzerConfigForPackage)' != 'true' and ('$(AnalysisLevelGlobalization)' != '' or '$(AnalysisModeGlobalization)' != '')) was evaluated as ('' != 'true' and ('' != '' or '' != '')).
       Target "AddGlobalAnalyzerConfigForPackage_MicrosoftCodeAnalysisNetAnalyzersInteroperability" skipped, due to false condition; ('$(SkipGlobalAnalyzerConfigForPackage)' != 'true' and ('$(AnalysisLevelInteroperability)' != '' or '$(AnalysisModeInteroperability)' != '')) was evaluated as ('' != 'true' and ('' != '' or '' != '')).
       Target "AddGlobalAnalyzerConfigForPackage_MicrosoftCodeAnalysisNetAnalyzersMaintainability" skipped, due to false condition; ('$(SkipGlobalAnalyzerConfigForPackage)' != 'true' and ('$(AnalysisLevelMaintainability)' != '' or '$(AnalysisModeMaintainability)' != '')) was evaluated as ('' != 'true' and ('' != '' or '' != '')).
       Target "AddGlobalAnalyzerConfigForPackage_MicrosoftCodeAnalysisNetAnalyzersNaming" skipped, due to false condition; ('$(SkipGlobalAnalyzerConfigForPackage)' != 'true' and ('$(AnalysisLevelNaming)' != '' or '$(AnalysisModeNaming)' != '')) was evaluated as ('' != 'true' and ('' != '' or '' != '')).
       Target "AddGlobalAnalyzerConfigForPackage_MicrosoftCodeAnalysisNetAnalyzersPerformance" skipped, due to false condition; ('$(SkipGlobalAnalyzerConfigForPackage)' != 'true' and ('$(AnalysisLevelPerformance)' != '' or '$(AnalysisModePerformance)' != '')) was evaluated as ('' != 'true' and ('' != '' or '' != '')).
       Target "AddGlobalAnalyzerConfigForPackage_MicrosoftCodeAnalysisNetAnalyzersReliability" skipped, due to false condition; ('$(SkipGlobalAnalyzerConfigForPackage)' != 'true' and ('$(AnalysisLevelReliability)' != '' or '$(AnalysisModeReliability)' != '')) was evaluated as ('' != 'true' and ('' != '' or '' != '')).
       Target "AddGlobalAnalyzerConfigForPackage_MicrosoftCodeAnalysisNetAnalyzersSecurity" skipped, due to false condition; ('$(SkipGlobalAnalyzerConfigForPackage)' != 'true' and ('$(AnalysisLevelSecurity)' != '' or '$(AnalysisModeSecurity)' != '')) was evaluated as ('' != 'true' and ('' != '' or '' != '')).
       Target "AddGlobalAnalyzerConfigForPackage_MicrosoftCodeAnalysisNetAnalyzersUsage" skipped, due to false condition; ('$(SkipGlobalAnalyzerConfigForPackage)' != 'true' and ('$(AnalysisLevelUsage)' != '' or '$(AnalysisModeUsage)' != '')) was evaluated as ('' != 'true' and ('' != '' or '' != '')).
     3>Target "GenerateGlobalUsings" in file "/usr/share/dotnet/sdk/9.0.110/Sdks/Microsoft.NET.Sdk/targets/Microsoft.NET.GenerateGlobalUsings.targets" from project "/home/mostafa/Documents/Projects/hr-management-system/backend/HRManagementSystem/src/Core/HRManagementSystem.Application/HRManagementSystem.Application.csproj" (target "CoreBuild" depends on it):
     3>Using "GenerateGlobalUsings" task from assembly "/usr/share/dotnet/sdk/9.0.110/Sdks/Microsoft.NET.Sdk/targets/../tools/net9.0/Microsoft.NET.Build.Tasks.dll".
     2>Target "_CodeAnalysisTreatWarningsAsErrors" skipped, due to false condition; ('$(DesignTimeBuild)' == 'true' OR '$(BuildingProject)' != 'true') was evaluated as ('' == 'true' OR 'true' != 'true').
     3>Task "GenerateGlobalUsings"
     4>Done executing task "GetRestoreProjectStyleTask".
     2>Target "CoreCompile" in file "/usr/share/dotnet/sdk/9.0.110/Roslyn/Microsoft.CSharp.Core.targets" from project "/home/mostafa/Documents/Projects/hr-management-system/backend/HRManagementSystem/src/Core/HRManagementSystem.Domain/HRManagementSystem.Domain.csproj" (target "Compile" depends on it):
     2>Building target "CoreCompile" completely.
       Output file "obj/Debug/net8.0/HRManagementSystem.Domain.dll" does not exist.
     4>Done building target "_GetRestoreProjectStyle" in project "HRManagementSystem.Infrastructure.csproj".
     4>Target "EnableIntermediateOutputPathMismatchWarning" in file "/usr/share/dotnet/sdk/9.0.110/NuGet.targets" from project "/home/mostafa/Documents/Projects/hr-management-system/backend/HRManagementSystem/src/Infrastructure/HRManagementSystem.Infrastructure/HRManagementSystem.Infrastructure.csproj" (target "_CheckForInvalidConfigurationAndPlatform" depends on it):
     4>Done building target "EnableIntermediateOutputPathMismatchWarning" in project "HRManagementSystem.Infrastructure.csproj".
       Target "ApplyImplicitVersions" skipped. Previously built successfully.
       Target "CheckForImplicitPackageReferenceOverrides" skipped. Previously built successfully.
     4>Target "CheckForDuplicateItems" in file "/usr/share/dotnet/sdk/9.0.110/Sdks/Microsoft.NET.Sdk/targets/Microsoft.NET.Sdk.DefaultItems.Shared.targets" from project "/home/mostafa/Documents/Projects/hr-management-system/backend/HRManagementSystem/src/Infrastructure/HRManagementSystem.Infrastructure/HRManagementSystem.Infrastructure.csproj" (target "_CheckForInvalidConfigurationAndPlatform" depends on it):
       Using "CheckForDuplicateItems" task from assembly "/usr/share/dotnet/sdk/9.0.110/Sdks/Microsoft.NET.Sdk/targets/../tools/net9.0/Microsoft.NET.Build.Tasks.dll".
       Task "CheckForDuplicateItems"
       Done executing task "CheckForDuplicateItems".
       Task "CheckForDuplicateItems"
     2>CoreCompile:
       Using "Csc" task from assembly "/usr/share/dotnet/sdk/9.0.110/Roslyn/Microsoft.Build.Tasks.CodeAnalysis.dll".
       Task "Csc"
     4>Done executing task "CheckForDuplicateItems".
       Task "CheckForDuplicateItems"
       Done executing task "CheckForDuplicateItems".
     4>Done building target "CheckForDuplicateItems" in project "HRManagementSystem.Infrastructure.csproj".
       Target "WarnForExplicitVersions" skipped, due to false condition; ('@(SdkBuildWarning)' != '') was evaluated as ('' != '').
       Target "_CheckForFailedSDKResolution" skipped, due to false condition; ('$(SdkResolverHonoredGlobalJson)' == 'false') was evaluated as ('' == 'false').
       Target "_WarnWhenUsingNET9AndVSPriorTo1712" skipped, due to false condition; ($([MSBuild]::VersionLessThan($(MSBuildVersion), '17.12.0')) and '$(TargetFrameworkIdentifier)' == '.NETCoreApp' and $([MSBuild]::VersionGreaterThanOrEquals($(_TargetFrameworkVersionWithoutV), '9.0'))) was evaluated as (False and '.NETCoreApp' == '.NETCoreApp' and False).
       Target "_CheckForInvalidWindowsDesktopTargetingConfiguration" skipped, due to false condition; ('$(TargetFrameworkIdentifier)' == '.NETCoreApp' and $([MSBuild]::VersionGreaterThanOrEquals($(_TargetFrameworkVersionWithoutV), '5.0')) and ('$(UseWindowsForms)' == 'true' or '$(UseWPF)' == 'true')) was evaluated as ('.NETCoreApp' == '.NETCoreApp' and True and ('' == 'true' or '' == 'true')).
       Target "_CheckForUnnecessaryWindowsDesktopSDK" skipped, due to false condition; ('$(TargetFrameworkIdentifier)' == '.NETCoreApp' and $([MSBuild]::VersionGreaterThanOrEquals($(_TargetFrameworkVersionWithoutV), '5.0')) and '$(_MicrosoftWindowsDesktopSdkImported)' == 'true' and '$(TargetFrameworks)' == '') was evaluated as ('.NETCoreApp' == '.NETCoreApp' and True and '' == 'true' and '' == '').
       Target "ProcessFrameworkReferences" skipped. Previously built successfully.
       Target "IncludeTargetingPackReference" skipped, due to false condition; ('$(TargetFrameworkMoniker)' != '' and '$(TargetFrameworkIdentifier)' == '.NETFramework' and '$(AutomaticallyUseReferenceAssemblyPackages)' == 'true') was evaluated as ('.NETCoreApp,Version=v8.0' != '' and '.NETCoreApp' == '.NETFramework' and 'true' == 'true').
     4>Target "_CheckForInvalidConfigurationAndPlatform" in file "/usr/share/dotnet/sdk/9.0.110/Microsoft.Common.CurrentVersion.targets" from project "/home/mostafa/Documents/Projects/hr-management-system/backend/HRManagementSystem/src/Infrastructure/HRManagementSystem.Infrastructure/HRManagementSystem.Infrastructure.csproj" (target "BeforeBuild" depends on it):
       Task "Error" skipped, due to false condition; ( '$(_InvalidConfigurationError)' == 'true' ) was evaluated as ( '' == 'true' ).
       Task "Warning" skipped, due to false condition; ( '$(_InvalidConfigurationWarning)' == 'true' ) was evaluated as ( '' == 'true' ).
       Using "Message" task from assembly "Microsoft.Build.Tasks.Core, Version=15.1.0.0, Culture=neutral, PublicKeyToken=b03f5f7f11d50a3a".
       Task "Message"
         Configuration=Debug
       Done executing task "Message".
     3>Done executing task "GenerateGlobalUsings".
       Using "WriteLinesToFile" task from assembly "Microsoft.Build.Tasks.Core, Version=15.1.0.0, Culture=neutral, PublicKeyToken=b03f5f7f11d50a3a".
     4>Task "Message"
     3>Task "WriteLinesToFile"
     4>_CheckForInvalidConfigurationAndPlatform:
         Platform=AnyCPU
       Done executing task "Message".
       Task "Error" skipped, due to false condition; ('$(OutDir)' != '' and !HasTrailingSlash('$(OutDir)')) was evaluated as ('bin/Debug/net8.0/' != '' and !HasTrailingSlash('bin/Debug/net8.0/')).
       Task "Error" skipped, due to false condition; ('$(IntermediateOutputPath)' != '' and !HasTrailingSlash('$(IntermediateOutputPath)')) was evaluated as ('obj/Debug/net8.0/' != '' and !HasTrailingSlash('obj/Debug/net8.0/')).
       Task "Error" skipped, due to false condition; ('$(BaseIntermediateOutputPath)' != '' and !HasTrailingSlash('$(BaseIntermediateOutputPath)')) was evaluated as ('obj/' != '' and !HasTrailingSlash('obj/')).
       Task "MSBuildInternalMessage" skipped, due to false condition; ( '$(Prefer32Bit)' == 'true' and '$(PreferNativeArm64)' == 'true' ) was evaluated as ( 'false' == 'true' and 'false' == 'true' ).
       Task "MSBuildInternalMessage" skipped, due to false condition; ( '$(NoWin32Manifest)' == 'true' and '$(PreferNativeArm64)' == 'true' ) was evaluated as ( '' == 'true' and 'false' == 'true' ).
       Task "MSBuildInternalMessage" skipped, due to false condition; ( '$(PreferNativeArm64)' == 'true' and '$(Platform)' != 'AnyCPU' ) was evaluated as ( 'false' == 'true' and 'AnyCPU' != 'AnyCPU' ).
       Task "Error" skipped, due to false condition; ( '$(_InitialMSBuildProjectExtensionsPath)' != '' And '$(MSBuildProjectExtensionsPath)' != '$(_InitialMSBuildProjectExtensionsPath)' ) was evaluated as ( '/home/mostafa/Documents/Projects/hr-management-system/backend/HRManagementSystem/src/Infrastructure/HRManagementSystem.Infrastructure/obj/' != '' And '/home/mostafa/Documents/Projects/hr-management-system/backend/HRManagementSystem/src/Infrastructure/HRManagementSystem.Infrastructure/obj/' != '/home/mostafa/Documents/Projects/hr-management-system/backend/HRManagementSystem/src/Infrastructure/HRManagementSystem.Infrastructure/obj/' ).
       Task "Warning" skipped, due to false condition; ( '$(EnableBaseIntermediateOutputPathMismatchWarning)' == 'true' And '$(_InitialBaseIntermediateOutputPath)' != '$(BaseIntermediateOutputPath)' And '$(BaseIntermediateOutputPath)' != '$(MSBuildProjectExtensionsPath)' ) was evaluated as ( 'true' == 'true' And 'obj/' != 'obj/' And 'obj/' != '/home/mostafa/Documents/Projects/hr-management-system/backend/HRManagementSystem/src/Infrastructure/HRManagementSystem.Infrastructure/obj/' ).
     4>Done building target "_CheckForInvalidConfigurationAndPlatform" in project "HRManagementSystem.Infrastructure.csproj".
     4>Target "ValidateCommandLineProperties" in file "/usr/share/dotnet/sdk/9.0.110/Sdks/Microsoft.NET.Sdk/targets/Microsoft.NET.Sdk.targets" from project "/home/mostafa/Documents/Projects/hr-management-system/backend/HRManagementSystem/src/Infrastructure/HRManagementSystem.Infrastructure/HRManagementSystem.Infrastructure.csproj" (target "BeforeBuild" depends on it):
     4>Done building target "ValidateCommandLineProperties" in project "HRManagementSystem.Infrastructure.csproj".
     2>CoreCompile:
         /usr/share/dotnet/dotnet exec "/usr/share/dotnet/sdk/9.0.110/Roslyn/bincore/csc.dll" /noconfig /unsafe- /checked- /nowarn:1701,1702,1701,1702 /fullpaths /nostdlib+ /errorreport:prompt /warn:8 /define:TRACE;DEBUG;NET;NET8_0;NETCOREAPP;NET5_0_OR_GREATER;NET6_0_OR_GREATER;NET7_0_OR_GREATER;NET8_0_OR_GREATER;NETCOREAPP1_0_OR_GREATER;NETCOREAPP1_1_OR_GREATER;NETCOREAPP2_0_OR_GREATER;NETCOREAPP2_1_OR_GREATER;NETCOREAPP2_2_OR_GREATER;NETCOREAPP3_0_OR_GREATER;NETCOREAPP3_1_OR_GREATER /highentropyva+ /nullable:enable /reference:/home/mostafa/.nuget/packages/hangfire.aspnetcore/1.8.22/lib/netcoreapp3.0/Hangfire.AspNetCore.dll /reference:/home/mostafa/.nuget/packages/hangfire.core/1.8.22/lib/netstandard2.0/Hangfire.Core.dll /reference:/home/mostafa/.nuget/packages/hangfire.netcore/1.8.22/lib/netstandard2.1/Hangfire.NetCore.dll /reference:/home/mostafa/.nuget/packages/hangfire.sqlserver/1.8.22/lib/netstandard2.0/Hangfire.SqlServer.dll /reference:/home/mostafa/.nuget/packages/microsoft.aspnetcore.app.ref/8.0.20/ref/net8.0/Microsoft.AspNetCore.Antiforgery.dll /reference:/home/mostafa/.nuget/packages/microsoft.aspnetcore.app.ref/8.0.20/ref/net8.0/Microsoft.AspNetCore.Authentication.Abstractions.dll /reference:/home/mostafa/.nuget/packages/microsoft.aspnetcore.app.ref/8.0.20/ref/net8.0/Microsoft.AspNetCore.Authentication.BearerToken.dll /reference:/home/mostafa/.nuget/packages/microsoft.aspnetcore.app.ref/8.0.20/ref/net8.0/Microsoft.AspNetCore.Authentication.Cookies.dll /reference:/home/mostafa/.nuget/packages/microsoft.aspnetcore.app.ref/8.0.20/ref/net8.0/Microsoft.AspNetCore.Authentication.Core.dll /reference:/home/mostafa/.nuget/packages/microsoft.aspnetcore.app.ref/8.0.20/ref/net8.0/Microsoft.AspNetCore.Authentication.dll /reference:/home/mostafa/.nuget/packages/microsoft.aspnetcore.app.ref/8.0.20/ref/net8.0/Microsoft.AspNetCore.Authentication.OAuth.dll /reference:/home/mostafa/.nuget/packages/microsoft.aspnetcore.app.ref/8.0.20/ref/net8.0/Microsoft.AspNetCore.Authorization.dll /reference:/home/mostafa/.nuget/packages/microsoft.aspnetcore.app.ref/8.0.20/ref/net8.0/Microsoft.AspNetCore.Authorization.Policy.dll /reference:/home/mostafa/.nuget/packages/microsoft.aspnetcore.app.ref/8.0.20/ref/net8.0/Microsoft.AspNetCore.Components.Authorization.dll /reference:/home/mostafa/.nuget/packages/microsoft.aspnetcore.app.ref/8.0.20/ref/net8.0/Microsoft.AspNetCore.Components.dll /reference:/home/mostafa/.nuget/packages/microsoft.aspnetcore.app.ref/8.0.20/ref/net8.0/Microsoft.AspNetCore.Components.Endpoints.dll /reference:/home/mostafa/.nuget/packages/microsoft.aspnetcore.app.ref/8.0.20/ref/net8.0/Microsoft.AspNetCore.Components.Forms.dll /reference:/home/mostafa/.nuget/packages/microsoft.aspnetcore.app.ref/8.0.20/ref/net8.0/Microsoft.AspNetCore.Components.Server.dll /reference:/home/mostafa/.nuget/packages/microsoft.aspnetcore.app.ref/8.0.20/ref/net8.0/Microsoft.AspNetCore.Components.Web.dll /reference:/home/mostafa/.nuget/packages/microsoft.aspnetcore.app.ref/8.0.20/ref/net8.0/Microsoft.AspNetCore.Connections.Abstractions.dll /reference:/home/mostafa/.nuget/packages/microsoft.aspnetcore.app.ref/8.0.20/ref/net8.0/Microsoft.AspNetCore.CookiePolicy.dll /reference:/home/mostafa/.nuget/packages/microsoft.aspnetcore.app.ref/8.0.20/ref/net8.0/Microsoft.AspNetCore.Cors.dll /reference:/home/mostafa/.nuget/packages/microsoft.aspnetcore.app.ref/8.0.20/ref/net8.0/Microsoft.AspNetCore.Cryptography.Internal.dll /reference:/home/mostafa/.nuget/packages/microsoft.aspnetcore.app.ref/8.0.20/ref/net8.0/Microsoft.AspNetCore.Cryptography.KeyDerivation.dll /reference:/home/mostafa/.nuget/packages/microsoft.aspnetcore.app.ref/8.0.20/ref/net8.0/Microsoft.AspNetCore.DataProtection.Abstractions.dll /reference:/home/mostafa/.nuget/packages/microsoft.aspnetcore.app.ref/8.0.20/ref/net8.0/Microsoft.AspNetCore.DataProtection.dll /reference:/home/mostafa/.nuget/packages/microsoft.aspnetcore.app.ref/8.0.20/ref/net8.0/Microsoft.AspNetCore.DataProtection.Extensions.dll /reference:/home/mostafa/.nuget/packages/microsoft.aspnetcore.app.ref/8.0.20/ref/net8.0/Microsoft.AspNetCore.Diagnostics.Abstractions.dll /reference:/home/mostafa/.nuget/packages/microsoft.aspnetcore.app.ref/8.0.20/ref/net8.0/Microsoft.AspNetCore.Diagnostics.dll /reference:/home/mostafa/.nuget/packages/microsoft.aspnetcore.app.ref/8.0.20/ref/net8.0/Microsoft.AspNetCore.Diagnostics.HealthChecks.dll /reference:/home/mostafa/.nuget/packages/microsoft.aspnetcore.app.ref/8.0.20/ref/net8.0/Microsoft.AspNetCore.dll /reference:/home/mostafa/.nuget/packages/microsoft.aspnetcore.app.ref/8.0.20/ref/net8.0/Microsoft.AspNetCore.HostFiltering.dll /reference:/home/mostafa/.nuget/packages/microsoft.aspnetcore.app.ref/8.0.20/ref/net8.0/Microsoft.AspNetCore.Hosting.Abstractions.dll /reference:/home/mostafa/.nuget/packages/microsoft.aspnetcore.app.ref/8.0.20/ref/net8.0/Microsoft.AspNetCore.Hosting.dll /reference:/home/mostafa/.nuget/packages/microsoft.aspnetcore.app.ref/8.0.20/ref/net8.0/Microsoft.AspNetCore.Hosting.Server.Abstractions.dll /reference:/home/mostafa/.nuget/packages/microsoft.aspnetcore.app.ref/8.0.20/ref/net8.0/Microsoft.AspNetCore.Html.Abstractions.dll /reference:/home/mostafa/.nuget/packages/microsoft.aspnetcore.app.ref/8.0.20/ref/net8.0/Microsoft.AspNetCore.Http.Abstractions.dll /reference:/home/mostafa/.nuget/packages/microsoft.aspnetcore.app.ref/8.0.20/ref/net8.0/Microsoft.AspNetCore.Http.Connections.Common.dll /reference:/home/mostafa/.nuget/packages/microsoft.aspnetcore.app.ref/8.0.20/ref/net8.0/Microsoft.AspNetCore.Http.Connections.dll /reference:/home/mostafa/.nuget/packages/microsoft.aspnetcore.app.ref/8.0.20/ref/net8.0/Microsoft.AspNetCore.Http.dll /reference:/home/mostafa/.nuget/packages/microsoft.aspnetcore.app.ref/8.0.20/ref/net8.0/Microsoft.AspNetCore.Http.Extensions.dll /reference:/home/mostafa/.nuget/packages/microsoft.aspnetcore.app.ref/8.0.20/ref/net8.0/Microsoft.AspNetCore.Http.Features.dll /reference:/home/mostafa/.nuget/packages/microsoft.aspnetcore.app.ref/8.0.20/ref/net8.0/Microsoft.AspNetCore.Http.Results.dll /reference:/home/mostafa/.nuget/packages/microsoft.aspnetcore.app.ref/8.0.20/ref/net8.0/Microsoft.AspNetCore.HttpLogging.dll /reference:/home/mostafa/.nuget/packages/microsoft.aspnetcore.app.ref/8.0.20/ref/net8.0/Microsoft.AspNetCore.HttpOverrides.dll /reference:/home/mostafa/.nuget/packages/microsoft.aspnetcore.app.ref/8.0.20/ref/net8.0/Microsoft.AspNetCore.HttpsPolicy.dll /reference:/home/mostafa/.nuget/packages/microsoft.aspnetcore.app.ref/8.0.20/ref/net8.0/Microsoft.AspNetCore.Identity.dll /reference:/home/mostafa/.nuget/packages/microsoft.aspnetcore.app.ref/8.0.20/ref/net8.0/Microsoft.AspNetCore.Localization.dll /reference:/home/mostafa/.nuget/packages/microsoft.aspnetcore.app.ref/8.0.20/ref/net8.0/Microsoft.AspNetCore.Localization.Routing.dll /reference:/home/mostafa/.nuget/packages/microsoft.aspnetcore.app.ref/8.0.20/ref/net8.0/Microsoft.AspNetCore.Metadata.dll /reference:/home/mostafa/.nuget/packages/microsoft.aspnetcore.app.ref/8.0.20/ref/net8.0/Microsoft.AspNetCore.Mvc.Abstractions.dll /reference:/home/mostafa/.nuget/packages/microsoft.aspnetcore.app.ref/8.0.20/ref/net8.0/Microsoft.AspNetCore.Mvc.ApiExplorer.dll /reference:/home/mostafa/.nuget/packages/microsoft.aspnetcore.app.ref/8.0.20/ref/net8.0/Microsoft.AspNetCore.Mvc.Core.dll /reference:/home/mostafa/.nuget/packages/microsoft.aspnetcore.app.ref/8.0.20/ref/net8.0/Microsoft.AspNetCore.Mvc.Cors.dll /reference:/home/mostafa/.nuget/packages/microsoft.aspnetcore.app.ref/8.0.20/ref/net8.0/Microsoft.AspNetCore.Mvc.DataAnnotations.dll /reference:/home/mostafa/.nuget/packages/microsoft.aspnetcore.app.ref/8.0.20/ref/net8.0/Microsoft.AspNetCore.Mvc.dll /reference:/home/mostafa/.nuget/packages/microsoft.aspnetcore.app.ref/8.0.20/ref/net8.0/Microsoft.AspNetCore.Mvc.Formatters.Json.dll /reference:/home/mostafa/.nuget/packages/microsoft.aspnetcore.app.ref/8.0.20/ref/net8.0/Microsoft.AspNetCore.Mvc.Formatters.Xml.dll /reference:/home/mostafa/.nuget/packages/microsoft.aspnetcore.app.ref/8.0.20/ref/net8.0/Microsoft.AspNetCore.Mvc.Localization.dll /reference:/home/mostafa/.nuget/packages/microsoft.aspnetcore.app.ref/8.0.20/ref/net8.0/Microsoft.AspNetCore.Mvc.Razor.dll /reference:/home/mostafa/.nuget/packages/microsoft.aspnetcore.app.ref/8.0.20/ref/net8.0/Microsoft.AspNetCore.Mvc.RazorPages.dll /reference:/home/mostafa/.nuget/packages/microsoft.aspnetcore.app.ref/8.0.20/ref/net8.0/Microsoft.AspNetCore.Mvc.TagHelpers.dll /reference:/home/mostafa/.nuget/packages/microsoft.aspnetcore.app.ref/8.0.20/ref/net8.0/Microsoft.AspNetCore.Mvc.ViewFeatures.dll /reference:/home/mostafa/.nuget/packages/microsoft.aspnetcore.app.ref/8.0.20/ref/net8.0/Microsoft.AspNetCore.OutputCaching.dll /reference:/home/mostafa/.nuget/packages/microsoft.aspnetcore.app.ref/8.0.20/ref/net8.0/Microsoft.AspNetCore.RateLimiting.dll /reference:/home/mostafa/.nuget/packages/microsoft.aspnetcore.app.ref/8.0.20/ref/net8.0/Microsoft.AspNetCore.Razor.dll /reference:/home/mostafa/.nuget/packages/microsoft.aspnetcore.app.ref/8.0.20/ref/net8.0/Microsoft.AspNetCore.Razor.Runtime.dll /reference:/home/mostafa/.nuget/packages/microsoft.aspnetcore.app.ref/8.0.20/ref/net8.0/Microsoft.AspNetCore.RequestDecompression.dll /reference:/home/mostafa/.nuget/packages/microsoft.aspnetcore.app.ref/8.0.20/ref/net8.0/Microsoft.AspNetCore.ResponseCaching.Abstractions.dll /reference:/home/mostafa/.nuget/packages/microsoft.aspnetcore.app.ref/8.0.20/ref/net8.0/Microsoft.AspNetCore.ResponseCaching.dll /reference:/home/mostafa/.nuget/packages/microsoft.aspnetcore.app.ref/8.0.20/ref/net8.0/Microsoft.AspNetCore.ResponseCompression.dll /reference:/home/mostafa/.nuget/packages/microsoft.aspnetcore.app.ref/8.0.20/ref/net8.0/Microsoft.AspNetCore.Rewrite.dll /reference:/home/mostafa/.nuget/packages/microsoft.aspnetcore.app.ref/8.0.20/ref/net8.0/Microsoft.AspNetCore.Routing.Abstractions.dll /reference:/home/mostafa/.nuget/packages/microsoft.aspnetcore.app.ref/8.0.20/ref/net8.0/Microsoft.AspNetCore.Routing.dll /reference:/home/mostafa/.nuget/packages/microsoft.aspnetcore.app.ref/8.0.20/ref/net8.0/Microsoft.AspNetCore.Server.HttpSys.dll /reference:/home/mostafa/.nuget/packages/microsoft.aspnetcore.app.ref/8.0.20/ref/net8.0/Microsoft.AspNetCore.Server.IIS.dll /reference:/home/mostafa/.nuget/packages/microsoft.aspnetcore.app.ref/8.0.20/ref/net8.0/Microsoft.AspNetCore.Server.IISIntegration.dll /reference:/home/mostafa/.nuget/packages/microsoft.aspnetcore.app.ref/8.0.20/ref/net8.0/Microsoft.AspNetCore.Server.Kestrel.Core.dll /reference:/home/mostafa/.nuget/packages/microsoft.aspnetcore.app.ref/8.0.20/ref/net8.0/Microsoft.AspNetCore.Server.Kestrel.dll /reference:/home/mostafa/.nuget/packages/microsoft.aspnetcore.app.ref/8.0.20/ref/net8.0/Microsoft.AspNetCore.Server.Kestrel.Transport.NamedPipes.dll /reference:/home/mostafa/.nuget/packages/microsoft.aspnetcore.app.ref/8.0.20/ref/net8.0/Microsoft.AspNetCore.Server.Kestrel.Transport.Quic.dll /reference:/home/mostafa/.nuget/packages/microsoft.aspnetcore.app.ref/8.0.20/ref/net8.0/Microsoft.AspNetCore.Server.Kestrel.Transport.Sockets.dll /reference:/home/mostafa/.nuget/packages/microsoft.aspnetcore.app.ref/8.0.20/ref/net8.0/Microsoft.AspNetCore.Session.dll /reference:/home/mostafa/.nuget/packages/microsoft.aspnetcore.app.ref/8.0.20/ref/net8.0/Microsoft.AspNetCore.SignalR.Common.dll /reference:/home/mostafa/.nuget/packages/microsoft.aspnetcore.app.ref/8.0.20/ref/net8.0/Microsoft.AspNetCore.SignalR.Core.dll /reference:/home/mostafa/.nuget/packages/microsoft.aspnetcore.app.ref/8.0.20/ref/net8.0/Microsoft.AspNetCore.SignalR.dll /reference:/home/mostafa/.nuget/packages/microsoft.aspnetcore.app.ref/8.0.20/ref/net8.0/Microsoft.AspNetCore.SignalR.Protocols.Json.dll /reference:/home/mostafa/.nuget/packages/microsoft.aspnetcore.app.ref/8.0.20/ref/net8.0/Microsoft.AspNetCore.StaticFiles.dll /reference:/home/mostafa/.nuget/packages/microsoft.aspnetcore.app.ref/8.0.20/ref/net8.0/Microsoft.AspNetCore.WebSockets.dll /reference:/home/mostafa/.nuget/packages/microsoft.aspnetcore.app.ref/8.0.20/ref/net8.0/Microsoft.AspNetCore.WebUtilities.dll /reference:/usr/share/dotnet/packs/Microsoft.NETCore.App.Ref/8.0.20/ref/net8.0/Microsoft.CSharp.dll /reference:/home/mostafa/.nuget/packages/microsoft.aspnetcore.app.ref/8.0.20/ref/net8.0/Microsoft.Extensions.Caching.Abstractions.dll /reference:/home/mostafa/.nuget/packages/microsoft.aspnetcore.app.ref/8.0.20/ref/net8.0/Microsoft.Extensions.Caching.Memory.dll /reference:/home/mostafa/.nuget/packages/microsoft.aspnetcore.app.ref/8.0.20/ref/net8.0/Microsoft.Extensions.Configuration.Abstractions.dll /reference:/home/mostafa/.nuget/packages/microsoft.aspnetcore.app.ref/8.0.20/ref/net8.0/Microsoft.Extensions.Configuration.Binder.dll /reference:/home/mostafa/.nuget/packages/microsoft.aspnetcore.app.ref/8.0.20/ref/net8.0/Microsoft.Extensions.Configuration.CommandLine.dll /reference:/home/mostafa/.nuget/packages/microsoft.aspnetcore.app.ref/8.0.20/ref/net8.0/Microsoft.Extensions.Configuration.dll /reference:/home/mostafa/.nuget/packages/microsoft.aspnetcore.app.ref/8.0.20/ref/net8.0/Microsoft.Extensions.Configuration.EnvironmentVariables.dll /reference:/home/mostafa/.nuget/packages/microsoft.aspnetcore.app.ref/8.0.20/ref/net8.0/Microsoft.Extensions.Configuration.FileExtensions.dll /reference:/home/mostafa/.nuget/packages/microsoft.aspnetcore.app.ref/8.0.20/ref/net8.0/Microsoft.Extensions.Configuration.Ini.dll /reference:/home/mostafa/.nuget/packages/microsoft.aspnetcore.app.ref/8.0.20/ref/net8.0/Microsoft.Extensions.Configuration.Json.dll /reference:/home/mostafa/.nuget/packages/microsoft.aspnetcore.app.ref/8.0.20/ref/net8.0/Microsoft.Extensions.Configuration.KeyPerFile.dll /reference:/home/mostafa/.nuget/packages/microsoft.aspnetcore.app.ref/8.0.20/ref/net8.0/Microsoft.Extensions.Configuration.UserSecrets.dll /reference:/home/mostafa/.nuget/packages/microsoft.aspnetcore.app.ref/8.0.20/ref/net8.0/Microsoft.Extensions.Configuration.Xml.dll /reference:/home/mostafa/.nuget/packages/microsoft.aspnetcore.app.ref/8.0.20/ref/net8.0/Microsoft.Extensions.DependencyInjection.Abstractions.dll /reference:/home/mostafa/.nuget/packages/microsoft.aspnetcore.app.ref/8.0.20/ref/net8.0/Microsoft.Extensions.DependencyInjection.dll /reference:/home/mostafa/.nuget/packages/microsoft.aspnetcore.app.ref/8.0.20/ref/net8.0/Microsoft.Extensions.Diagnostics.Abstractions.dll /reference:/home/mostafa/.nuget/packages/microsoft.aspnetcore.app.ref/8.0.20/ref/net8.0/Microsoft.Extensions.Diagnostics.dll /reference:/home/mostafa/.nuget/packages/microsoft.aspnetcore.app.ref/8.0.20/ref/net8.0/Microsoft.Extensions.Diagnostics.HealthChecks.Abstractions.dll /reference:/home/mostafa/.nuget/packages/microsoft.aspnetcore.app.ref/8.0.20/ref/net8.0/Microsoft.Extensions.Diagnostics.HealthChecks.dll /reference:/home/mostafa/.nuget/packages/microsoft.aspnetcore.app.ref/8.0.20/ref/net8.0/Microsoft.Extensions.Features.dll /reference:/home/mostafa/.nuget/packages/microsoft.aspnetcore.app.ref/8.0.20/ref/net8.0/Microsoft.Extensions.FileProviders.Abstractions.dll /reference:/home/mostafa/.nuget/packages/microsoft.aspnetcore.app.ref/8.0.20/ref/net8.0/Microsoft.Extensions.FileProviders.Composite.dll /reference:/home/mostafa/.nuget/packages/microsoft.aspnetcore.app.ref/8.0.20/ref/net8.0/Microsoft.Extensions.FileProviders.Embedded.dll /reference:/home/mostafa/.nuget/packages/microsoft.aspnetcore.app.ref/8.0.20/ref/net8.0/Microsoft.Extensions.FileProviders.Physical.dll /reference:/home/mostafa/.nuget/packages/microsoft.aspnetcore.app.ref/8.0.20/ref/net8.0/Microsoft.Extensions.FileSystemGlobbing.dll /reference:/home/mostafa/.nuget/packages/microsoft.aspnetcore.app.ref/8.0.20/ref/net8.0/Microsoft.Extensions.Hosting.Abstractions.dll /reference:/home/mostafa/.nuget/packages/microsoft.aspnetcore.app.ref/8.0.20/ref/net8.0/Microsoft.Extensions.Hosting.dll /reference:/home/mostafa/.nuget/packages/microsoft.aspnetcore.app.ref/8.0.20/ref/net8.0/Microsoft.Extensions.Http.dll /reference:/home/mostafa/.nuget/packages/microsoft.aspnetcore.app.ref/8.0.20/ref/net8.0/Microsoft.Extensions.Identity.Core.dll /reference:/home/mostafa/.nuget/packages/microsoft.aspnetcore.app.ref/8.0.20/ref/net8.0/Microsoft.Extensions.Identity.Stores.dll /reference:/home/mostafa/.nuget/packages/microsoft.aspnetcore.app.ref/8.0.20/ref/net8.0/Microsoft.Extensions.Localization.Abstractions.dll /reference:/home/mostafa/.nuget/packages/microsoft.aspnetcore.app.ref/8.0.20/ref/net8.0/Microsoft.Extensions.Localization.dll /reference:/home/mostafa/.nuget/packages/microsoft.aspnetcore.app.ref/8.0.20/ref/net8.0/Microsoft.Extensions.Logging.Abstractions.dll /reference:/home/mostafa/.nuget/packages/microsoft.aspnetcore.app.ref/8.0.20/ref/net8.0/Microsoft.Extensions.Logging.Configuration.dll /reference:/home/mostafa/.nuget/packages/microsoft.aspnetcore.app.ref/8.0.20/ref/net8.0/Microsoft.Extensions.Logging.Console.dll /reference:/home/mostafa/.nuget/packages/microsoft.aspnetcore.app.ref/8.0.20/ref/net8.0/Microsoft.Extensions.Logging.Debug.dll /reference:/home/mostafa/.nuget/packages/microsoft.aspnetcore.app.ref/8.0.20/ref/net8.0/Microsoft.Extensions.Logging.dll /reference:/home/mostafa/.nuget/packages/microsoft.aspnetcore.app.ref/8.0.20/ref/net8.0/Microsoft.Extensions.Logging.EventLog.dll /reference:/home/mostafa/.nuget/packages/microsoft.aspnetcore.app.ref/8.0.20/ref/net8.0/Microsoft.Extensions.Logging.EventSource.dll /reference:/home/mostafa/.nuget/packages/microsoft.aspnetcore.app.ref/8.0.20/ref/net8.0/Microsoft.Extensions.Logging.TraceSource.dll /reference:/home/mostafa/.nuget/packages/microsoft.aspnetcore.app.ref/8.0.20/ref/net8.0/Microsoft.Extensions.ObjectPool.dll /reference:/home/mostafa/.nuget/packages/microsoft.aspnetcore.app.ref/8.0.20/ref/net8.0/Microsoft.Extensions.Options.ConfigurationExtensions.dll /reference:/home/mostafa/.nuget/packages/microsoft.aspnetcore.app.ref/8.0.20/ref/net8.0/Microsoft.Extensions.Options.DataAnnotations.dll /reference:/home/mostafa/.nuget/packages/microsoft.aspnetcore.app.ref/8.0.20/ref/net8.0/Microsoft.Extensions.Options.dll /reference:/home/mostafa/.nuget/packages/microsoft.aspnetcore.app.ref/8.0.20/ref/net8.0/Microsoft.Extensions.Primitives.dll /reference:/home/mostafa/.nuget/packages/microsoft.aspnetcore.app.ref/8.0.20/ref/net8.0/Microsoft.Extensions.WebEncoders.dll /reference:/home/mostafa/.nuget/packages/microsoft.aspnetcore.app.ref/8.0.20/ref/net8.0/Microsoft.JSInterop.dll /reference:/home/mostafa/.nuget/packages/microsoft.aspnetcore.app.ref/8.0.20/ref/net8.0/Microsoft.Net.Http.Headers.dll /reference:/usr/share/dotnet/packs/Microsoft.NETCore.App.Ref/8.0.20/ref/net8.0/Microsoft.VisualBasic.Core.dll /reference:/usr/share/dotnet/packs/Microsoft.NETCore.App.Ref/8.0.20/ref/net8.0/Microsoft.VisualBasic.dll /reference:/usr/share/dotnet/packs/Microsoft.NETCore.App.Ref/8.0.20/ref/net8.0/Microsoft.Win32.Primitives.dll /reference:/usr/share/dotnet/packs/Microsoft.NETCore.App.Ref/8.0.20/ref/net8.0/Microsoft.Win32.Registry.dll /reference:/usr/share/dotnet/packs/Microsoft.NETCore.App.Ref/8.0.20/ref/net8.0/mscorlib.dll /reference:/usr/share/dotnet/packs/Microsoft.NETCore.App.Ref/8.0.20/ref/net8.0/netstandard.dll /reference:/home/mostafa/.nuget/packages/newtonsoft.json/11.0.1/lib/netstandard2.0/Newtonsoft.Json.dll /reference:/usr/share/dotnet/packs/Microsoft.NETCore.App.Ref/8.0.20/ref/net8.0/System.AppContext.dll /reference:/usr/share/dotnet/packs/Microsoft.NETCore.App.Ref/8.0.20/ref/net8.0/System.Buffers.dll /reference:/usr/share/dotnet/packs/Microsoft.NETCore.App.Ref/8.0.20/ref/net8.0/System.Collections.Concurrent.dll /reference:/usr/share/dotnet/packs/Microsoft.NETCore.App.Ref/8.0.20/ref/net8.0/System.Collections.dll /reference:/usr/share/dotnet/packs/Microsoft.NETCore.App.Ref/8.0.20/ref/net8.0/System.Collections.Immutable.dll /reference:/usr/share/dotnet/packs/Microsoft.NETCore.App.Ref/8.0.20/ref/net8.0/System.Collections.NonGeneric.dll /reference:/usr/share/dotnet/packs/Microsoft.NETCore.App.Ref/8.0.20/ref/net8.0/System.Collections.Specialized.dll /reference:/usr/share/dotnet/packs/Microsoft.NETCore.App.Ref/8.0.20/ref/net8.0/System.ComponentModel.Annotations.dll /reference:/usr/share/dotnet/packs/Microsoft.NETCore.App.Ref/8.0.20/ref/net8.0/System.ComponentModel.DataAnnotations.dll /reference:/usr/share/dotnet/packs/Microsoft.NETCore.App.Ref/8.0.20/ref/net8.0/System.ComponentModel.dll /reference:/usr/share/dotnet/packs/Microsoft.NETCore.App.Ref/8.0.20/ref/net8.0/System.ComponentModel.EventBasedAsync.dll /reference:/usr/share/dotnet/packs/Microsoft.NETCore.App.Ref/8.0.20/ref/net8.0/System.ComponentModel.Primitives.dll /reference:/usr/share/dotnet/packs/Microsoft.NETCore.App.Ref/8.0.20/ref/net8.0/System.ComponentModel.TypeConverter.dll /reference:/usr/share/dotnet/packs/Microsoft.NETCore.App.Ref/8.0.20/ref/net8.0/System.Configuration.dll /reference:/usr/share/dotnet/packs/Microsoft.NETCore.App.Ref/8.0.20/ref/net8.0/System.Console.dll /reference:/usr/share/dotnet/packs/Microsoft.NETCore.App.Ref/8.0.20/ref/net8.0/System.Core.dll /reference:/usr/share/dotnet/packs/Microsoft.NETCore.App.Ref/8.0.20/ref/net8.0/System.Data.Common.dll /reference:/usr/share/dotnet/packs/Microsoft.NETCore.App.Ref/8.0.20/ref/net8.0/System.Data.DataSetExtensions.dll /reference:/usr/share/dotnet/packs/Microsoft.NETCore.App.Ref/8.0.20/ref/net8.0/System.Data.dll /reference:/usr/share/dotnet/packs/Microsoft.NETCore.App.Ref/8.0.20/ref/net8.0/System.Diagnostics.Contracts.dll /reference:/usr/share/dotnet/packs/Microsoft.NETCore.App.Ref/8.0.20/ref/net8.0/System.Diagnostics.Debug.dll /reference:/usr/share/dotnet/packs/Microsoft.NETCore.App.Ref/8.0.20/ref/net8.0/System.Diagnostics.DiagnosticSource.dll /reference:/home/mostafa/.nuget/packages/microsoft.aspnetcore.app.ref/8.0.20/ref/net8.0/System.Diagnostics.EventLog.dll /reference:/usr/share/dotnet/packs/Microsoft.NETCore.App.Ref/8.0.20/ref/net8.0/System.Diagnostics.FileVersionInfo.dll /reference:/usr/share/dotnet/packs/Microsoft.NETCore.App.Ref/8.0.20/ref/net8.0/System.Diagnostics.Process.dll /reference:/usr/share/dotnet/packs/Microsoft.NETCore.App.Ref/8.0.20/ref/net8.0/System.Diagnostics.StackTrace.dll /reference:/usr/share/dotnet/packs/Microsoft.NETCore.App.Ref/8.0.20/ref/net8.0/System.Diagnostics.TextWriterTraceListener.dll /reference:/usr/share/dotnet/packs/Microsoft.NETCore.App.Ref/8.0.20/ref/net8.0/System.Diagnostics.Tools.dll /reference:/usr/share/dotnet/packs/Microsoft.NETCore.App.Ref/8.0.20/ref/net8.0/System.Diagnostics.TraceSource.dll /reference:/usr/share/dotnet/packs/Microsoft.NETCore.App.Ref/8.0.20/ref/net8.0/System.Diagnostics.Tracing.dll /reference:/usr/share/dotnet/packs/Microsoft.NETCore.App.Ref/8.0.20/ref/net8.0/System.dll /reference:/usr/share/dotnet/packs/Microsoft.NETCore.App.Ref/8.0.20/ref/net8.0/System.Drawing.dll /reference:/usr/share/dotnet/packs/Microsoft.NETCore.App.Ref/8.0.20/ref/net8.0/System.Drawing.Primitives.dll /reference:/usr/share/dotnet/packs/Microsoft.NETCore.App.Ref/8.0.20/ref/net8.0/System.Dynamic.Runtime.dll /reference:/usr/share/dotnet/packs/Microsoft.NETCore.App.Ref/8.0.20/ref/net8.0/System.Formats.Asn1.dll /reference:/usr/share/dotnet/packs/Microsoft.NETCore.App.Ref/8.0.20/ref/net8.0/System.Formats.Tar.dll /reference:/usr/share/dotnet/packs/Microsoft.NETCore.App.Ref/8.0.20/ref/net8.0/System.Globalization.Calendars.dll /reference:/usr/share/dotnet/packs/Microsoft.NETCore.App.Ref/8.0.20/ref/net8.0/System.Globalization.dll /reference:/usr/share/dotnet/packs/Microsoft.NETCore.App.Ref/8.0.20/ref/net8.0/System.Globalization.Extensions.dll /reference:/usr/share/dotnet/packs/Microsoft.NETCore.App.Ref/8.0.20/ref/net8.0/System.IO.Compression.Brotli.dll /reference:/usr/share/dotnet/packs/Microsoft.NETCore.App.Ref/8.0.20/ref/net8.0/System.IO.Compression.dll /reference:/usr/share/dotnet/packs/Microsoft.NETCore.App.Ref/8.0.20/ref/net8.0/System.IO.Compression.FileSystem.dll /reference:/usr/share/dotnet/packs/Microsoft.NETCore.App.Ref/8.0.20/ref/net8.0/System.IO.Compression.ZipFile.dll /reference:/usr/share/dotnet/packs/Microsoft.NETCore.App.Ref/8.0.20/ref/net8.0/System.IO.dll /reference:/usr/share/dotnet/packs/Microsoft.NETCore.App.Ref/8.0.20/ref/net8.0/System.IO.FileSystem.AccessControl.dll /reference:/usr/share/dotnet/packs/Microsoft.NETCore.App.Ref/8.0.20/ref/net8.0/System.IO.FileSystem.dll /reference:/usr/share/dotnet/packs/Microsoft.NETCore.App.Ref/8.0.20/ref/net8.0/System.IO.FileSystem.DriveInfo.dll /reference:/usr/share/dotnet/packs/Microsoft.NETCore.App.Ref/8.0.20/ref/net8.0/System.IO.FileSystem.Primitives.dll /reference:/usr/share/dotnet/packs/Microsoft.NETCore.App.Ref/8.0.20/ref/net8.0/System.IO.FileSystem.Watcher.dll /reference:/usr/share/dotnet/packs/Microsoft.NETCore.App.Ref/8.0.20/ref/net8.0/System.IO.IsolatedStorage.dll /reference:/usr/share/dotnet/packs/Microsoft.NETCore.App.Ref/8.0.20/ref/net8.0/System.IO.MemoryMappedFiles.dll /reference:/home/mostafa/.nuget/packages/microsoft.aspnetcore.app.ref/8.0.20/ref/net8.0/System.IO.Pipelines.dll /reference:/usr/share/dotnet/packs/Microsoft.NETCore.App.Ref/8.0.20/ref/net8.0/System.IO.Pipes.AccessControl.dll /reference:/usr/share/dotnet/packs/Microsoft.NETCore.App.Ref/8.0.20/ref/net8.0/System.IO.Pipes.dll /reference:/usr/share/dotnet/packs/Microsoft.NETCore.App.Ref/8.0.20/ref/net8.0/System.IO.UnmanagedMemoryStream.dll /reference:/usr/share/dotnet/packs/Microsoft.NETCore.App.Ref/8.0.20/ref/net8.0/System.Linq.dll /reference:/usr/share/dotnet/packs/Microsoft.NETCore.App.Ref/8.0.20/ref/net8.0/System.Linq.Expressions.dll /reference:/usr/share/dotnet/packs/Microsoft.NETCore.App.Ref/8.0.20/ref/net8.0/System.Linq.Parallel.dll /reference:/usr/share/dotnet/packs/Microsoft.NETCore.App.Ref/8.0.20/ref/net8.0/System.Linq.Queryable.dll /reference:/usr/share/dotnet/packs/Microsoft.NETCore.App.Ref/8.0.20/ref/net8.0/System.Memory.dll /reference:/usr/share/dotnet/packs/Microsoft.NETCore.App.Ref/8.0.20/ref/net8.0/System.Net.dll /reference:/usr/share/dotnet/packs/Microsoft.NETCore.App.Ref/8.0.20/ref/net8.0/System.Net.Http.dll /reference:/usr/share/dotnet/packs/Microsoft.NETCore.App.Ref/8.0.20/ref/net8.0/System.Net.Http.Json.dll /reference:/usr/share/dotnet/packs/Microsoft.NETCore.App.Ref/8.0.20/ref/net8.0/System.Net.HttpListener.dll /reference:/usr/share/dotnet/packs/Microsoft.NETCore.App.Ref/8.0.20/ref/net8.0/System.Net.Mail.dll /reference:/usr/share/dotnet/packs/Microsoft.NETCore.App.Ref/8.0.20/ref/net8.0/System.Net.NameResolution.dll /reference:/usr/share/dotnet/packs/Microsoft.NETCore.App.Ref/8.0.20/ref/net8.0/System.Net.NetworkInformation.dll /reference:/usr/share/dotnet/packs/Microsoft.NETCore.App.Ref/8.0.20/ref/net8.0/System.Net.Ping.dll /reference:/usr/share/dotnet/packs/Microsoft.NETCore.App.Ref/8.0.20/ref/net8.0/System.Net.Primitives.dll /reference:/usr/share/dotnet/packs/Microsoft.NETCore.App.Ref/8.0.20/ref/net8.0/System.Net.Quic.dll /reference:/usr/share/dotnet/packs/Microsoft.NETCore.App.Ref/8.0.20/ref/net8.0/System.Net.Requests.dll /reference:/usr/share/dotnet/packs/Microsoft.NETCore.App.Ref/8.0.20/ref/net8.0/System.Net.Security.dll /reference:/usr/share/dotnet/packs/Microsoft.NETCore.App.Ref/8.0.20/ref/net8.0/System.Net.ServicePoint.dll /reference:/usr/share/dotnet/packs/Microsoft.NETCore.App.Ref/8.0.20/ref/net8.0/System.Net.Sockets.dll /reference:/usr/share/dotnet/packs/Microsoft.NETCore.App.Ref/8.0.20/ref/net8.0/System.Net.WebClient.dll /reference:/usr/share/dotnet/packs/Microsoft.NETCore.App.Ref/8.0.20/ref/net8.0/System.Net.WebHeaderCollection.dll /reference:/usr/share/dotnet/packs/Microsoft.NETCore.App.Ref/8.0.20/ref/net8.0/System.Net.WebProxy.dll /reference:/usr/share/dotnet/packs/Microsoft.NETCore.App.Ref/8.0.20/ref/net8.0/System.Net.WebSockets.Client.dll /reference:/usr/share/dotnet/packs/Microsoft.NETCore.App.Ref/8.0.20/ref/net8.0/System.Net.WebSockets.dll /reference:/usr/share/dotnet/packs/Microsoft.NETCore.App.Ref/8.0.20/ref/net8.0/System.Numerics.dll /reference:/usr/share/dotnet/packs/Microsoft.NETCore.App.Ref/8.0.20/ref/net8.0/System.Numerics.Vectors.dll /reference:/usr/share/dotnet/packs/Microsoft.NETCore.App.Ref/8.0.20/ref/net8.0/System.ObjectModel.dll /reference:/usr/share/dotnet/packs/Microsoft.NETCore.App.Ref/8.0.20/ref/net8.0/System.Reflection.DispatchProxy.dll /reference:/usr/share/dotnet/packs/Microsoft.NETCore.App.Ref/8.0.20/ref/net8.0/System.Reflection.dll /reference:/usr/share/dotnet/packs/Microsoft.NETCore.App.Ref/8.0.20/ref/net8.0/System.Reflection.Emit.dll /reference:/usr/share/dotnet/packs/Microsoft.NETCore.App.Ref/8.0.20/ref/net8.0/System.Reflection.Emit.ILGeneration.dll /reference:/usr/share/dotnet/packs/Microsoft.NETCore.App.Ref/8.0.20/ref/net8.0/System.Reflection.Emit.Lightweight.dll /reference:/usr/share/dotnet/packs/Microsoft.NETCore.App.Ref/8.0.20/ref/net8.0/System.Reflection.Extensions.dll /reference:/usr/share/dotnet/packs/Microsoft.NETCore.App.Ref/8.0.20/ref/net8.0/System.Reflection.Metadata.dll /reference:/usr/share/dotnet/packs/Microsoft.NETCore.App.Ref/8.0.20/ref/net8.0/System.Reflection.Primitives.dll /reference:/usr/share/dotnet/packs/Microsoft.NETCore.App.Ref/8.0.20/ref/net8.0/System.Reflection.TypeExtensions.dll /reference:/usr/share/dotnet/packs/Microsoft.NETCore.App.Ref/8.0.20/ref/net8.0/System.Resources.Reader.dll /reference:/usr/share/dotnet/packs/Microsoft.NETCore.App.Ref/8.0.20/ref/net8.0/System.Resources.ResourceManager.dll /reference:/usr/share/dotnet/packs/Microsoft.NETCore.App.Ref/8.0.20/ref/net8.0/System.Resources.Writer.dll /reference:/usr/share/dotnet/packs/Microsoft.NETCore.App.Ref/8.0.20/ref/net8.0/System.Runtime.CompilerServices.Unsafe.dll /reference:/usr/share/dotnet/packs/Microsoft.NETCore.App.Ref/8.0.20/ref/net8.0/System.Runtime.CompilerServices.VisualC.dll /reference:/usr/share/dotnet/packs/Microsoft.NETCore.App.Ref/8.0.20/ref/net8.0/System.Runtime.dll /reference:/usr/share/dotnet/packs/Microsoft.NETCore.App.Ref/8.0.20/ref/net8.0/System.Runtime.Extensions.dll /reference:/usr/share/dotnet/packs/Microsoft.NETCore.App.Ref/8.0.20/ref/net8.0/System.Runtime.Handles.dll /reference:/usr/share/dotnet/packs/Microsoft.NETCore.App.Ref/8.0.20/ref/net8.0/System.Runtime.InteropServices.dll /reference:/usr/share/dotnet/packs/Microsoft.NETCore.App.Ref/8.0.20/ref/net8.0/System.Runtime.InteropServices.JavaScript.dll /reference:/usr/share/dotnet/packs/Microsoft.NETCore.App.Ref/8.0.20/ref/net8.0/System.Runtime.InteropServices.RuntimeInformation.dll /reference:/usr/share/dotnet/packs/Microsoft.NETCore.App.Ref/8.0.20/ref/net8.0/System.Runtime.Intrinsics.dll /reference:/usr/share/dotnet/packs/Microsoft.NETCore.App.Ref/8.0.20/ref/net8.0/System.Runtime.Loader.dll /reference:/usr/share/dotnet/packs/Microsoft.NETCore.App.Ref/8.0.20/ref/net8.0/System.Runtime.Numerics.dll /reference:/usr/share/dotnet/packs/Microsoft.NETCore.App.Ref/8.0.20/ref/net8.0/System.Runtime.Serialization.dll /reference:/usr/share/dotnet/packs/Microsoft.NETCore.App.Ref/8.0.20/ref/net8.0/System.Runtime.Serialization.Formatters.dll /reference:/usr/share/dotnet/packs/Microsoft.NETCore.App.Ref/8.0.20/ref/net8.0/System.Runtime.Serialization.Json.dll /reference:/usr/share/dotnet/packs/Microsoft.NETCore.App.Ref/8.0.20/ref/net8.0/System.Runtime.Serialization.Primitives.dll /reference:/usr/share/dotnet/packs/Microsoft.NETCore.App.Ref/8.0.20/ref/net8.0/System.Runtime.Serialization.Xml.dll /reference:/usr/share/dotnet/packs/Microsoft.NETCore.App.Ref/8.0.20/ref/net8.0/System.Security.AccessControl.dll /reference:/usr/share/dotnet/packs/Microsoft.NETCore.App.Ref/8.0.20/ref/net8.0/System.Security.Claims.dll /reference:/usr/share/dotnet/packs/Microsoft.NETCore.App.Ref/8.0.20/ref/net8.0/System.Security.Cryptography.Algorithms.dll /reference:/usr/share/dotnet/packs/Microsoft.NETCore.App.Ref/8.0.20/ref/net8.0/System.Security.Cryptography.Cng.dll /reference:/usr/share/dotnet/packs/Microsoft.NETCore.App.Ref/8.0.20/ref/net8.0/System.Security.Cryptography.Csp.dll /reference:/usr/share/dotnet/packs/Microsoft.NETCore.App.Ref/8.0.20/ref/net8.0/System.Security.Cryptography.dll /reference:/usr/share/dotnet/packs/Microsoft.NETCore.App.Ref/8.0.20/ref/net8.0/System.Security.Cryptography.Encoding.dll /reference:/usr/share/dotnet/packs/Microsoft.NETCore.App.Ref/8.0.20/ref/net8.0/System.Security.Cryptography.OpenSsl.dll /reference:/usr/share/dotnet/packs/Microsoft.NETCore.App.Ref/8.0.20/ref/net8.0/System.Security.Cryptography.Primitives.dll /reference:/usr/share/dotnet/packs/Microsoft.NETCore.App.Ref/8.0.20/ref/net8.0/System.Security.Cryptography.X509Certificates.dll /reference:/home/mostafa/.nuget/packages/microsoft.aspnetcore.app.ref/8.0.20/ref/net8.0/System.Security.Cryptography.Xml.dll /reference:/usr/share/dotnet/packs/Microsoft.NETCore.App.Ref/8.0.20/ref/net8.0/System.Security.dll /reference:/usr/share/dotnet/packs/Microsoft.NETCore.App.Ref/8.0.20/ref/net8.0/System.Security.Principal.dll /reference:/usr/share/dotnet/packs/Microsoft.NETCore.App.Ref/8.0.20/ref/net8.0/System.Security.Principal.Windows.dll /reference:/usr/share/dotnet/packs/Microsoft.NETCore.App.Ref/8.0.20/ref/net8.0/System.Security.SecureString.dll /reference:/usr/share/dotnet/packs/Microsoft.NETCore.App.Ref/8.0.20/ref/net8.0/System.ServiceModel.Web.dll /reference:/usr/share/dotnet/packs/Microsoft.NETCore.App.Ref/8.0.20/ref/net8.0/System.ServiceProcess.dll /reference:/usr/share/dotnet/packs/Microsoft.NETCore.App.Ref/8.0.20/ref/net8.0/System.Text.Encoding.CodePages.dll /reference:/usr/share/dotnet/packs/Microsoft.NETCore.App.Ref/8.0.20/ref/net8.0/System.Text.Encoding.dll /reference:/usr/share/dotnet/packs/Microsoft.NETCore.App.Ref/8.0.20/ref/net8.0/System.Text.Encoding.Extensions.dll /reference:/usr/share/dotnet/packs/Microsoft.NETCore.App.Ref/8.0.20/ref/net8.0/System.Text.Encodings.Web.dll /reference:/usr/share/dotnet/packs/Microsoft.NETCore.App.Ref/8.0.20/ref/net8.0/System.Text.Json.dll /reference:/usr/share/dotnet/packs/Microsoft.NETCore.App.Ref/8.0.20/ref/net8.0/System.Text.RegularExpressions.dll /reference:/usr/share/dotnet/packs/Microsoft.NETCore.App.Ref/8.0.20/ref/net8.0/System.Threading.Channels.dll /reference:/usr/share/dotnet/packs/Microsoft.NETCore.App.Ref/8.0.20/ref/net8.0/System.Threading.dll /reference:/usr/share/dotnet/packs/Microsoft.NETCore.App.Ref/8.0.20/ref/net8.0/System.Threading.Overlapped.dll /reference:/home/mostafa/.nuget/packages/microsoft.aspnetcore.app.ref/8.0.20/ref/net8.0/System.Threading.RateLimiting.dll /reference:/usr/share/dotnet/packs/Microsoft.NETCore.App.Ref/8.0.20/ref/net8.0/System.Threading.Tasks.Dataflow.dll /reference:/usr/share/dotnet/packs/Microsoft.NETCore.App.Ref/8.0.20/ref/net8.0/System.Threading.Tasks.dll /reference:/usr/share/dotnet/packs/Microsoft.NETCore.App.Ref/8.0.20/ref/net8.0/System.Threading.Tasks.Extensions.dll /reference:/usr/share/dotnet/packs/Microsoft.NETCore.App.Ref/8.0.20/ref/net8.0/System.Threading.Tasks.Parallel.dll /reference:/usr/share/dotnet/packs/Microsoft.NETCore.App.Ref/8.0.20/ref/net8.0/System.Threading.Thread.dll /reference:/usr/share/dotnet/packs/Microsoft.NETCore.App.Ref/8.0.20/ref/net8.0/System.Threading.ThreadPool.dll /reference:/usr/share/dotnet/packs/Microsoft.NETCore.App.Ref/8.0.20/ref/net8.0/System.Threading.Timer.dll /reference:/usr/share/dotnet/packs/Microsoft.NETCore.App.Ref/8.0.20/ref/net8.0/System.Transactions.dll /reference:/usr/share/dotnet/packs/Microsoft.NETCore.App.Ref/8.0.20/ref/net8.0/System.Transactions.Local.dll /reference:/usr/share/dotnet/packs/Microsoft.NETCore.App.Ref/8.0.20/ref/net8.0/System.ValueTuple.dll /reference:/usr/share/dotnet/packs/Microsoft.NETCore.App.Ref/8.0.20/ref/net8.0/System.Web.dll /reference:/usr/share/dotnet/packs/Microsoft.NETCore.App.Ref/8.0.20/ref/net8.0/System.Web.HttpUtility.dll /reference:/usr/share/dotnet/packs/Microsoft.NETCore.App.Ref/8.0.20/ref/net8.0/System.Windows.dll /reference:/usr/share/dotnet/packs/Microsoft.NETCore.App.Ref/8.0.20/ref/net8.0/System.Xml.dll /reference:/usr/share/dotnet/packs/Microsoft.NETCore.App.Ref/8.0.20/ref/net8.0/System.Xml.Linq.dll /reference:/usr/share/dotnet/packs/Microsoft.NETCore.App.Ref/8.0.20/ref/net8.0/System.Xml.ReaderWriter.dll /reference:/usr/share/dotnet/packs/Microsoft.NETCore.App.Ref/8.0.20/ref/net8.0/System.Xml.Serialization.dll /reference:/usr/share/dotnet/packs/Microsoft.NETCore.App.Ref/8.0.20/ref/net8.0/System.Xml.XDocument.dll /reference:/usr/share/dotnet/packs/Microsoft.NETCore.App.Ref/8.0.20/ref/net8.0/System.Xml.XmlDocument.dll /reference:/usr/share/dotnet/packs/Microsoft.NETCore.App.Ref/8.0.20/ref/net8.0/System.Xml.XmlSerializer.dll /reference:/usr/share/dotnet/packs/Microsoft.NETCore.App.Ref/8.0.20/ref/net8.0/System.Xml.XPath.dll /reference:/usr/share/dotnet/packs/Microsoft.NETCore.App.Ref/8.0.20/ref/net8.0/System.Xml.XPath.XDocument.dll /reference:/usr/share/dotnet/packs/Microsoft.NETCore.App.Ref/8.0.20/ref/net8.0/WindowsBase.dll /debug+ /debug:portable /filealign:512 /optimize- /out:obj/Debug/net8.0/HRManagementSystem.Domain.dll /refout:obj/Debug/net8.0/refint/HRManagementSystem.Domain.dll /target:library /warnaserror- /utf8output /deterministic+ /sourcelink:obj/Debug/net8.0/HRManagementSystem.Domain.sourcelink.json /langversion:12.0 /embed:obj/Debug/net8.0/HRManagementSystem.Domain.GlobalUsings.g.cs /embed:"obj/Debug/net8.0/.NETCoreApp,Version=v8.0.AssemblyAttributes.cs" /embed:obj/Debug/net8.0/HRManagementSystem.Domain.AssemblyInfo.cs /analyzerconfig:/home/mostafa/Documents/.editorconfig /analyzerconfig:/home/mostafa/Documents/Projects/hr-management-system/backend/HRManagementSystem/.editorconfig /analyzerconfig:obj/Debug/net8.0/HRManagementSystem.Domain.GeneratedMSBuildEditorConfig.editorconfig /analyzerconfig:/usr/share/dotnet/sdk/9.0.110/Sdks/Microsoft.NET.Sdk/analyzers/build/config/analysislevel_8_default.globalconfig /analyzer:/usr/share/dotnet/sdk/9.0.110/Sdks/Microsoft.NET.Sdk/targets/../analyzers/Microsoft.CodeAnalysis.CSharp.NetAnalyzers.dll /analyzer:/usr/share/dotnet/sdk/9.0.110/Sdks/Microsoft.NET.Sdk/targets/../analyzers/Microsoft.CodeAnalysis.NetAnalyzers.dll /analyzer:/home/mostafa/.nuget/packages/microsoft.codeanalysis.analyzers/3.3.3/analyzers/dotnet/cs/Microsoft.CodeAnalysis.Analyzers.dll /analyzer:/home/mostafa/.nuget/packages/microsoft.codeanalysis.analyzers/3.3.3/analyzers/dotnet/cs/Microsoft.CodeAnalysis.CSharp.Analyzers.dll /analyzer:/home/mostafa/.nuget/packages/microsoft.entityframeworkcore.analyzers/8.0.10/analyzers/dotnet/cs/Microsoft.EntityFrameworkCore.Analyzers.dll /analyzer:/home/mostafa/.nuget/packages/sonaranalyzer.csharp/10.15.0.120848/analyzers/SonarAnalyzer.CSharp.dll /analyzer:/usr/share/dotnet/packs/Microsoft.NETCore.App.Ref/8.0.20/analyzers/dotnet/cs/Microsoft.Interop.ComInterfaceGenerator.dll /analyzer:/usr/share/dotnet/packs/Microsoft.NETCore.App.Ref/8.0.20/analyzers/dotnet/cs/Microsoft.Interop.JavaScript.JSImportGenerator.dll /analyzer:/usr/share/dotnet/packs/Microsoft.NETCore.App.Ref/8.0.20/analyzers/dotnet/cs/Microsoft.Interop.LibraryImportGenerator.dll /analyzer:/usr/share/dotnet/packs/Microsoft.NETCore.App.Ref/8.0.20/analyzers/dotnet/cs/Microsoft.Interop.SourceGeneration.dll /analyzer:/usr/share/dotnet/packs/Microsoft.NETCore.App.Ref/8.0.20/analyzers/dotnet/cs/System.Text.Json.SourceGeneration.dll /analyzer:/usr/share/dotnet/packs/Microsoft.NETCore.App.Ref/8.0.20/analyzers/dotnet/cs/System.Text.RegularExpressions.Generator.dll /analyzer:/home/mostafa/.nuget/packages/microsoft.aspnetcore.app.ref/8.0.20/analyzers/dotnet/cs/Microsoft.AspNetCore.App.Analyzers.dll /analyzer:/home/mostafa/.nuget/packages/microsoft.aspnetcore.app.ref/8.0.20/analyzers/dotnet/cs/Microsoft.AspNetCore.App.CodeFixes.dll /analyzer:/home/mostafa/.nuget/packages/microsoft.aspnetcore.app.ref/8.0.20/analyzers/dotnet/cs/Microsoft.AspNetCore.Components.Analyzers.dll /analyzer:/home/mostafa/.nuget/packages/microsoft.aspnetcore.app.ref/8.0.20/analyzers/dotnet/roslyn4.4/cs/Microsoft.Extensions.Logging.Generators.dll /analyzer:/home/mostafa/.nuget/packages/microsoft.aspnetcore.app.ref/8.0.20/analyzers/dotnet/roslyn4.4/cs/Microsoft.Extensions.Options.SourceGeneration.dll Entities/Allowance.cs Entities/Attendance.cs Entities/BaseEntity.cs Entities/Candidate.cs Entities/Competency.cs Entities/Deduction.cs Entities/Department.cs Entities/Designation.cs Entities/Employee.cs Entities/EmployeeAllowance.cs Entities/EmployeeCompetencyRating.cs Entities/EmployeeDeduction.cs Entities/EmployeeLeaveBalance.cs Entities/EmployeeTraining.cs Entities/Feedback.cs Entities/Goal.cs Entities/JobApplication.cs Entities/JobPosting.cs Entities/KPI.cs Entities/KPIResult.cs Entities/LeaveApproval.cs Entities/LeaveRequest.cs Entities/LeaveType.cs Entities/Notification.cs Entities/Payslip.cs Entities/PerformanceReview.cs Entities/Resignation.cs Entities/ResignationApproval.cs Entities/ReviewCycle.cs Entities/TrainingCourse.cs Entities/TrainingRequest.cs Enums/ApplicationSource.cs Enums/ApplicationStatus.cs Enums/LeaveStatus.cs Enums/LevelApproval.cs Enums/Notification/NotificationCategory.cs Enums/Notification/NotificationPriority.cs Enums/Notification/NotificationType.cs Enums/Performance/CycleFrequency.cs Enums/Performance/FeedbackType.cs Enums/Performance/GoalStatus.cs Enums/Performance/RatingScaleType.cs Enums/Performance/ReviewStatus.cs Enums/RecruitmentStage.cs Enums/RecurrenceType.cs Enums/ResignationStatus.cs Enums/Status.cs Enums/TrainingRequestStatus.cs Enums/TrainingStatus.cs Interfaces/IAllowanceRepository.cs Interfaces/IAttendanceRepository.cs Interfaces/ICandidateRepository.cs Interfaces/ICompetencyRepository.cs Interfaces/IDeductionRepository.cs Interfaces/IDepartmentRepository.cs Interfaces/IDesignationRepository.cs Interfaces/IEmployeeAllowanceRepository.cs Interfaces/IEmployeeCompetencyRatingRepository.cs Interfaces/IEmployeeDeductionRepository.cs Interfaces/IEmployeeRepository.cs Interfaces/IEmployeeTrainingRepository.cs Interfaces/IFeedbackRepository.cs Interfaces/IGoalRepository.cs Interfaces/IJobApplicationRepository.cs Interfaces/IJobPostingRepository.cs Interfaces/IKpiRepository.cs Interfaces/IKpiResultRepository.cs Interfaces/ILeaveRepository/IEmployeeLeaveBalanceRepository.cs Interfaces/ILeaveRepository/ILeaveApprovalRepository.cs Interfaces/ILeaveRepository/ILeaveRequestRepository.cs Interfaces/ILeaveRepository/ILeaveTypeRepository.cs Interfaces/INotificationRepository.cs Interfaces/IPayslipRepository.cs Interfaces/IPerformanceReviewRepository.cs Interfaces/IReportingRepository.cs Interfaces/IRepository.cs Interfaces/IResignationApprovalRepository.cs Interfaces/IResignationRepository.cs Interfaces/IReviewCycleRepository.cs Interfaces/ITrainingCourseRepository.cs Interfaces/ITrainingRequestRepository.cs Interfaces/IUnitOfWork.cs Models/Report/DashboardKpiResultDto.cs Models/Report/MonthlyLeaveSummaryDto.cs Models/Report/MonthlyPayrollSummaryDto.cs Models/Report/SalaryComparisonResultDto.cs ValueObjects/Address.cs obj/Debug/net8.0/HRManagementSystem.Domain.GlobalUsings.g.cs "obj/Debug/net8.0/.NETCoreApp,Version=v8.0.AssemblyAttributes.cs" obj/Debug/net8.0/HRManagementSystem.Domain.AssemblyInfo.cs /warnaserror+:NU1605,SYSLIB0011
     4>Target "Microsoft_ML_OnnxRuntime_CheckPrerequisites" in file "/home/mostafa/.nuget/packages/microsoft.ml.onnxruntime/1.23.2/build/netstandard2.1/Microsoft.ML.OnnxRuntime.targets" from project "/home/mostafa/Documents/Projects/hr-management-system/backend/HRManagementSystem/src/Infrastructure/HRManagementSystem.Infrastructure/HRManagementSystem.Infrastructure.csproj" (target "BeforeBuild" depends on it):
     4>Task "Error" skipped, due to false condition; (('$(PlatformTarget)' != 'x64' AND '$(PlatformTarget)' != 'arm32' AND '$(PlatformTarget)' != 'arm64' AND '$(PlatformTarget)' != 'x86' AND '$(PlatformTarget)' != 'AnyCPU') AND
                      ('$(OutputType)' == 'Exe' OR '$(OutputType)'=='WinExe') AND
                      !('$(TargetFrameworkIdentifier)' == '.NETCoreApp' AND '$(PlatformTarget)' == '') AND
                       $([MSBuild]::GetTargetPlatformIdentifier('$(TargetFramework)')) != 'ios' AND
                      '$(SuppressOnnxRuntimePlatformCompatibilityError)' != 'true') was evaluated as (('x64' != 'x64' AND 'x64' != 'arm32' AND 'x64' != 'arm64' AND 'x64' != 'x86' AND 'x64' != 'AnyCPU') AND
                      ('Library' == 'Exe' OR 'Library'=='WinExe') AND
                      !('.NETCoreApp' == '.NETCoreApp' AND 'x64' == '') AND
                        != 'ios' AND
                      '' != 'true').
     3>GenerateGlobalUsings:
         Skipping write to file "obj/Debug/net8.0/HRManagementSystem.Application.GlobalUsings.g.cs" because content would not change.
     4>Done building target "Microsoft_ML_OnnxRuntime_CheckPrerequisites" in project "HRManagementSystem.Infrastructure.csproj".
     2>CoreCompile:
         Assembly loaded during TaskRun (Microsoft.CodeAnalysis.BuildTasks.Csc): System.Security.Principal.Windows, Version=9.0.0.0, Culture=neutral, PublicKeyToken=b03f5f7f11d50a3a (location: /usr/share/dotnet/shared/Microsoft.NETCore.App/9.0.9/System.Security.Principal.Windows.dll, MVID: 2de6fb1d-c5eb-48b8-9ed7-1043b9559b02, AssemblyLoadContext: Default)
     3>Done executing task "WriteLinesToFile".
     3>Done building target "GenerateGlobalUsings" in project "HRManagementSystem.Application.csproj".
     4>Target "BeforeBuild" in file "/usr/share/dotnet/sdk/9.0.110/Microsoft.Common.CurrentVersion.targets" from project "/home/mostafa/Documents/Projects/hr-management-system/backend/HRManagementSystem/src/Infrastructure/HRManagementSystem.Infrastructure/HRManagementSystem.Infrastructure.csproj" (target "Build" depends on it):
     4>Done building target "BeforeBuild" in project "HRManagementSystem.Infrastructure.csproj".
     3>Target "PreBuildEvent" skipped, due to false condition; ('$(PreBuildEvent)'!='') was evaluated as (''!='').
     4>Target "_CheckForBuildWithNoBuild" skipped, due to false condition; ('$(NoBuild)' == 'true' and '$(GeneratePackageOnBuild)' != 'true') was evaluated as ('' == 'true' and 'false' != 'true').
     3>Target "BeforeResolveReferences" in file "/usr/share/dotnet/sdk/9.0.110/Microsoft.Common.CurrentVersion.targets" from project "/home/mostafa/Documents/Projects/hr-management-system/backend/HRManagementSystem/src/Core/HRManagementSystem.Application/HRManagementSystem.Application.csproj" (target "ResolveReferences" depends on it):
     3>Done building target "BeforeResolveReferences" in project "HRManagementSystem.Application.csproj".
     2>CoreCompile:
         Assembly loaded during TaskRun (Microsoft.CodeAnalysis.BuildTasks.Csc): System.Security.Claims, Version=9.0.0.0, Culture=neutral, PublicKeyToken=b03f5f7f11d50a3a (location: /usr/share/dotnet/shared/Microsoft.NETCore.App/9.0.9/System.Security.Claims.dll, MVID: 7a52ef73-75ac-462f-aaf2-a127757912a2, AssemblyLoadContext: Default)
     4>Target "BuildOnlySettings" in file "/usr/share/dotnet/sdk/9.0.110/Microsoft.Common.CurrentVersion.targets" from project "/home/mostafa/Documents/Projects/hr-management-system/backend/HRManagementSystem/src/Infrastructure/HRManagementSystem.Infrastructure/HRManagementSystem.Infrastructure.csproj" (target "CoreBuild" depends on it):
     4>Done building target "BuildOnlySettings" in project "HRManagementSystem.Infrastructure.csproj".
       Target "_CheckForUnsupportedTargetFramework" skipped, due to false condition; ('$(_UnsupportedTargetFrameworkError)' == 'true') was evaluated as ('' == 'true').
     3>Target "IgnoreJavaScriptOutputAssembly" in file "/usr/share/dotnet/sdk/9.0.110/Microsoft.Common.CurrentVersion.targets" from project "/home/mostafa/Documents/Projects/hr-management-system/backend/HRManagementSystem/src/Core/HRManagementSystem.Application/HRManagementSystem.Application.csproj" (target "AssignProjectConfiguration" depends on it):
     3>Done building target "IgnoreJavaScriptOutputAssembly" in project "HRManagementSystem.Application.csproj".
     4>Target "_CheckForUnsupportedTargetPlatformIdentifier" skipped, due to false condition; ('$(TargetPlatformIdentifier)' != '' and '$(TargetFrameworkIdentifier)' == '.NETCoreApp' and $([MSBuild]::VersionGreaterThanOrEquals($(TargetFrameworkVersion), 5.0)) And ('$(DesignTimeBuild)' != 'true' Or '@(MissingWorkloadPack)' == '')) was evaluated as ('' != '' and '.NETCoreApp' == '.NETCoreApp' and True And ('' != 'true' Or '' == '')).
     3>Target "ProcessFrameworkReferences" skipped. Previously built successfully.
     4>Target "_CheckForMissingWorkload" skipped, due to false condition; ('@(MissingWorkloadPack)' != '' And '$(DesignTimeBuild)' != 'true') was evaluated as ('' != '' And '' != 'true').
     3>Target "_DefaultMicrosoftNETPlatformLibrary" in file "/usr/share/dotnet/sdk/9.0.110/Sdks/Microsoft.NET.Sdk/targets/Microsoft.NET.Sdk.Shared.targets" from project "/home/mostafa/Documents/Projects/hr-management-system/backend/HRManagementSystem/src/Core/HRManagementSystem.Application/HRManagementSystem.Application.csproj" (target "ResolvePackageAssets" depends on it):
     3>Done building target "_DefaultMicrosoftNETPlatformLibrary" in project "HRManagementSystem.Application.csproj".
     3>Target "_ComputePackageReferencePublish" in file "/usr/share/dotnet/sdk/9.0.110/Sdks/Microsoft.NET.Sdk/targets/Microsoft.NET.Sdk.Shared.targets" from project "/home/mostafa/Documents/Projects/hr-management-system/backend/HRManagementSystem/src/Core/HRManagementSystem.Application/HRManagementSystem.Application.csproj" (target "ResolvePackageAssets" depends on it):
     3>Done building target "_ComputePackageReferencePublish" in project "HRManagementSystem.Application.csproj".
       Target "_ResolveCompilerVersion" skipped, due to false condition; ('$(CompilerApiVersion)' == '' And
                            ('$(Language)' == 'C#' Or '$(Language)' == 'VB') And
                            Exists('$(RoslynTargetsPath)\Microsoft.Build.Tasks.CodeAnalysis.dll')) was evaluated as ('roslyn4.12' == '' And
                            ('C#' == 'C#' Or 'C#' == 'VB') And
                            Exists('/usr/share/dotnet/sdk/9.0.110/Roslyn\Microsoft.Build.Tasks.CodeAnalysis.dll')).
     4>Target "GetFrameworkPaths" in file "/usr/share/dotnet/sdk/9.0.110/Sdks/Microsoft.NET.Sdk/targets/Microsoft.NET.DisableStandardFrameworkResolution.targets" from project "/home/mostafa/Documents/Projects/hr-management-system/backend/HRManagementSystem/src/Infrastructure/HRManagementSystem.Infrastructure/HRManagementSystem.Infrastructure.csproj" (target "PrepareForBuild" depends on it):
     4>Done building target "GetFrameworkPaths" in project "HRManagementSystem.Infrastructure.csproj".
       Target "_CheckForUnsupportedTargetFramework" skipped, due to false condition; ('$(_UnsupportedTargetFrameworkError)' == 'true') was evaluated as ('' == 'true').
       Target "_CheckForUnsupportedTargetPlatformIdentifier" skipped, due to false condition; ('$(TargetPlatformIdentifier)' != '' and '$(TargetFrameworkIdentifier)' == '.NETCoreApp' and $([MSBuild]::VersionGreaterThanOrEquals($(TargetFrameworkVersion), 5.0)) And ('$(DesignTimeBuild)' != 'true' Or '@(MissingWorkloadPack)' == '')) was evaluated as ('' != '' and '.NETCoreApp' == '.NETCoreApp' and True And ('' != 'true' Or '' == '')).
       Target "_CheckForMissingWorkload" skipped, due to false condition; ('@(MissingWorkloadPack)' != '' And '$(DesignTimeBuild)' != 'true') was evaluated as ('' != '' And '' != 'true').
     4>Target "GetReferenceAssemblyPaths" in file "/usr/share/dotnet/sdk/9.0.110/Sdks/Microsoft.NET.Sdk/targets/Microsoft.NET.DisableStandardFrameworkResolution.targets" from project "/home/mostafa/Documents/Projects/hr-management-system/backend/HRManagementSystem/src/Infrastructure/HRManagementSystem.Infrastructure/HRManagementSystem.Infrastructure.csproj" (target "PrepareForBuild" depends on it):
     4>Done building target "GetReferenceAssemblyPaths" in project "HRManagementSystem.Infrastructure.csproj".
       Target "AssignLinkMetadata" skipped, due to false condition; ( '$(SynthesizeLinkMetadata)' == 'true' ) was evaluated as ( '' == 'true' ).
       Target "_VerifyPackReleaseConfigurations" skipped, due to false condition; ('$(_IsPacking)' == 'true' and '$(DOTNET_CLI_DISABLE_PUBLISH_AND_PACK_RELEASE)' != 'true' and '$(DOTNET_CLI_LAZY_PUBLISH_AND_PACK_RELEASE_FOR_SOLUTIONS)' == 'true') was evaluated as ('' == 'true' and '' != 'true' and '' == 'true').
     4>Target "PrepareForBuild" in file "/usr/share/dotnet/sdk/9.0.110/Microsoft.Common.CurrentVersion.targets" from project "/home/mostafa/Documents/Projects/hr-management-system/backend/HRManagementSystem/src/Infrastructure/HRManagementSystem.Infrastructure/HRManagementSystem.Infrastructure.csproj" (target "CoreBuild" depends on it):
       Using "FindAppConfigFile" task from assembly "Microsoft.Build.Tasks.Core, Version=15.1.0.0, Culture=neutral, PublicKeyToken=b03f5f7f11d50a3a".
       Task "FindAppConfigFile"
       Done executing task "FindAppConfigFile".
       Using "MakeDir" task from assembly "Microsoft.Build.Tasks.Core, Version=15.1.0.0, Culture=neutral, PublicKeyToken=b03f5f7f11d50a3a".
       Task "MakeDir"
     3>Target "ResolvePackageAssets" in file "/usr/share/dotnet/sdk/9.0.110/Sdks/Microsoft.NET.Sdk/targets/Microsoft.PackageDependencyResolution.targets" from project "/home/mostafa/Documents/Projects/hr-management-system/backend/HRManagementSystem/src/Core/HRManagementSystem.Application/HRManagementSystem.Application.csproj" (target "ResolveLockFileReferences" depends on it):
     3>Using "ResolvePackageAssets" task from assembly "/usr/share/dotnet/sdk/9.0.110/Sdks/Microsoft.NET.Sdk/targets/../tools/net9.0/Microsoft.NET.Build.Tasks.dll".
       Task "ResolvePackageAssets"
     4>Done executing task "MakeDir".
     4>Done building target "PrepareForBuild" in project "HRManagementSystem.Infrastructure.csproj".
     4>Target "GenerateGlobalUsings" in file "/usr/share/dotnet/sdk/9.0.110/Sdks/Microsoft.NET.Sdk/targets/Microsoft.NET.GenerateGlobalUsings.targets" from project "/home/mostafa/Documents/Projects/hr-management-system/backend/HRManagementSystem/src/Infrastructure/HRManagementSystem.Infrastructure/HRManagementSystem.Infrastructure.csproj" (target "CoreBuild" depends on it):
       Using "GenerateGlobalUsings" task from assembly "/usr/share/dotnet/sdk/9.0.110/Sdks/Microsoft.NET.Sdk/targets/../tools/net9.0/Microsoft.NET.Build.Tasks.dll".
       Task "GenerateGlobalUsings"
     3>/home/mostafa/Documents/Projects/hr-management-system/backend/HRManagementSystem/src/Core/HRManagementSystem.Application/HRManagementSystem.Application.csproj : warning NU1701: Package 'iTextSharp 5.5.13.4' was restored using '.NETFramework,Version=v4.6.1, .NETFramework,Version=v4.6.2, .NETFramework,Version=v4.7, .NETFramework,Version=v4.7.1, .NETFramework,Version=v4.7.2, .NETFramework,Version=v4.8, .NETFramework,Version=v4.8.1' instead of the project target framework 'net8.0'. This package may not be fully compatible with your project.
       Done executing task "GenerateGlobalUsings".
       Using "WriteLinesToFile" task from assembly "Microsoft.Build.Tasks.Core, Version=15.1.0.0, Culture=neutral, PublicKeyToken=b03f5f7f11d50a3a".
       Task "WriteLinesToFile"
     3>Done executing task "ResolvePackageAssets".
     3>Done building target "ResolvePackageAssets" in project "HRManagementSystem.Application.csproj".
       Target "AdjustDefaultPlatformTargetForNetFrameworkExeWithNoNativeCopyLocalItems" skipped, due to false condition; ('$(_UsingDefaultPlatformTarget)' == 'true' and
                            '$(_UsingDefaultRuntimeIdentifier)' == 'true') was evaluated as ('true' == 'true' and
                            '' == 'true').
     3>Target "_CheckForTransitiveWindowsDesktopDependencies" in file "/usr/share/dotnet/sdk/9.0.110/Sdks/Microsoft.NET.Sdk/targets/Microsoft.NET.Sdk.DefaultItems.Shared.targets" from project "/home/mostafa/Documents/Projects/hr-management-system/backend/HRManagementSystem/src/Core/HRManagementSystem.Application/HRManagementSystem.Application.csproj" (target "ResolveLockFileReferences" depends on it):
       Task "NetSdkError" skipped, due to false condition; ('@(_WindowsDesktopTransitiveFrameworkReference)' != '') was evaluated as ('' != '').
     4>GenerateGlobalUsings:
         Skipping write to file "obj/Debug/net8.0/HRManagementSystem.Infrastructure.GlobalUsings.g.cs" because content would not change.
       Done executing task "WriteLinesToFile".
     3>Done building target "_CheckForTransitiveWindowsDesktopDependencies" in project "HRManagementSystem.Application.csproj".
     4>Done building target "GenerateGlobalUsings" in project "HRManagementSystem.Infrastructure.csproj".
       Target "PreBuildEvent" skipped, due to false condition; ('$(PreBuildEvent)'!='') was evaluated as (''!='').
     3>Target "AddTransitiveFrameworkReferences" in file "/usr/share/dotnet/sdk/9.0.110/Sdks/Microsoft.NET.Sdk/targets/Microsoft.NET.Sdk.FrameworkReferenceResolution.targets" from project "/home/mostafa/Documents/Projects/hr-management-system/backend/HRManagementSystem/src/Core/HRManagementSystem.Application/HRManagementSystem.Application.csproj" (target "ResolveLockFileReferences" depends on it):
     3>Done building target "AddTransitiveFrameworkReferences" in project "HRManagementSystem.Application.csproj".
     3>Target "ResolveLockFileReferences" in file "/usr/share/dotnet/sdk/9.0.110/Sdks/Microsoft.NET.Sdk/targets/Microsoft.PackageDependencyResolution.targets" from project "/home/mostafa/Documents/Projects/hr-management-system/backend/HRManagementSystem/src/Core/HRManagementSystem.Application/HRManagementSystem.Application.csproj" (target "ResolvePackageDependenciesForBuild" depends on it):
       Using "JoinItems" task from assembly "/usr/share/dotnet/sdk/9.0.110/Sdks/Microsoft.NET.Sdk/targets/../tools/net9.0/Microsoft.NET.Build.Tasks.dll".
     4>Target "BeforeResolveReferences" in file "/usr/share/dotnet/sdk/9.0.110/Microsoft.Common.CurrentVersion.targets" from project "/home/mostafa/Documents/Projects/hr-management-system/backend/HRManagementSystem/src/Infrastructure/HRManagementSystem.Infrastructure/HRManagementSystem.Infrastructure.csproj" (target "ResolveReferences" depends on it):
     4>Done building target "BeforeResolveReferences" in project "HRManagementSystem.Infrastructure.csproj".
     4>Target "IgnoreJavaScriptOutputAssembly" in file "/usr/share/dotnet/sdk/9.0.110/Microsoft.Common.CurrentVersion.targets" from project "/home/mostafa/Documents/Projects/hr-management-system/backend/HRManagementSystem/src/Infrastructure/HRManagementSystem.Infrastructure/HRManagementSystem.Infrastructure.csproj" (target "AssignProjectConfiguration" depends on it):
     4>Done building target "IgnoreJavaScriptOutputAssembly" in project "HRManagementSystem.Infrastructure.csproj".
       Target "ProcessFrameworkReferences" skipped. Previously built successfully.
     4>Target "_DefaultMicrosoftNETPlatformLibrary" in file "/usr/share/dotnet/sdk/9.0.110/Sdks/Microsoft.NET.Sdk/targets/Microsoft.NET.Sdk.Shared.targets" from project "/home/mostafa/Documents/Projects/hr-management-system/backend/HRManagementSystem/src/Infrastructure/HRManagementSystem.Infrastructure/HRManagementSystem.Infrastructure.csproj" (target "ResolvePackageAssets" depends on it):
     4>Done building target "_DefaultMicrosoftNETPlatformLibrary" in project "HRManagementSystem.Infrastructure.csproj".
     3>Task "JoinItems"
       Done executing task "JoinItems".
     3>Done building target "ResolveLockFileReferences" in project "HRManagementSystem.Application.csproj".
       Target "ResolvePackageAssets" skipped. Previously built successfully.
     3>Target "ResolveLockFileAnalyzers" in file "/usr/share/dotnet/sdk/9.0.110/Sdks/Microsoft.NET.Sdk/targets/Microsoft.PackageDependencyResolution.targets" from project "/home/mostafa/Documents/Projects/hr-management-system/backend/HRManagementSystem/src/Core/HRManagementSystem.Application/HRManagementSystem.Application.csproj" (target "ResolvePackageDependenciesForBuild" depends on it):
     3>Done building target "ResolveLockFileAnalyzers" in project "HRManagementSystem.Application.csproj".
       Target "ResolvePackageAssets" skipped. Previously built successfully.
       Target "RunProduceContentAssets" skipped, due to false condition; ('@(_ContentFilesToPreprocess)' != '' and '$(_CleaningWithoutRebuilding)' != 'true') was evaluated as ('' != '' and '' != 'true').
     4>Target "_ComputePackageReferencePublish" in file "/usr/share/dotnet/sdk/9.0.110/Sdks/Microsoft.NET.Sdk/targets/Microsoft.NET.Sdk.Shared.targets" from project "/home/mostafa/Documents/Projects/hr-management-system/backend/HRManagementSystem/src/Infrastructure/HRManagementSystem.Infrastructure/HRManagementSystem.Infrastructure.csproj" (target "ResolvePackageAssets" depends on it):
     4>Done building target "_ComputePackageReferencePublish" in project "HRManagementSystem.Infrastructure.csproj".
       Target "_ResolveCompilerVersion" skipped, due to false condition; ('$(CompilerApiVersion)' == '' And
                            ('$(Language)' == 'C#' Or '$(Language)' == 'VB') And
                            Exists('$(RoslynTargetsPath)\Microsoft.Build.Tasks.CodeAnalysis.dll')) was evaluated as ('roslyn4.12' == '' And
                            ('C#' == 'C#' Or 'C#' == 'VB') And
                            Exists('/usr/share/dotnet/sdk/9.0.110/Roslyn\Microsoft.Build.Tasks.CodeAnalysis.dll')).
     4>Target "ResolvePackageAssets" in file "/usr/share/dotnet/sdk/9.0.110/Sdks/Microsoft.NET.Sdk/targets/Microsoft.PackageDependencyResolution.targets" from project "/home/mostafa/Documents/Projects/hr-management-system/backend/HRManagementSystem/src/Infrastructure/HRManagementSystem.Infrastructure/HRManagementSystem.Infrastructure.csproj" (target "ResolveLockFileReferences" depends on it):
       Using "ResolvePackageAssets" task from assembly "/usr/share/dotnet/sdk/9.0.110/Sdks/Microsoft.NET.Sdk/targets/../tools/net9.0/Microsoft.NET.Build.Tasks.dll".
       Task "ResolvePackageAssets"
     3>Target "ResolveLockFileCopyLocalFiles" in file "/usr/share/dotnet/sdk/9.0.110/Sdks/Microsoft.NET.Sdk/targets/Microsoft.PackageDependencyResolution.targets" from project "/home/mostafa/Documents/Projects/hr-management-system/backend/HRManagementSystem/src/Core/HRManagementSystem.Application/HRManagementSystem.Application.csproj" (target "ResolvePackageDependenciesForBuild" depends on it):
     3>Done building target "ResolveLockFileCopyLocalFiles" in project "HRManagementSystem.Application.csproj".
       Target "ResolveRuntimePackAssets" skipped, due to false condition; ('@(RuntimePack)' != '') was evaluated as ('' != '').
       Target "RunProduceContentAssets" skipped, due to false condition; ('@(_ContentFilesToPreprocess)' != '' and '$(_CleaningWithoutRebuilding)' != 'true') was evaluated as ('' != '' and '' != 'true').
       Target "ResolvePackageAssets" skipped. Previously built successfully.
     3>Target "IncludeTransitiveProjectReferences" in file "/usr/share/dotnet/sdk/9.0.110/Sdks/Microsoft.NET.Sdk/targets/Microsoft.PackageDependencyResolution.targets" from project "/home/mostafa/Documents/Projects/hr-management-system/backend/HRManagementSystem/src/Core/HRManagementSystem.Application/HRManagementSystem.Application.csproj" (target "ResolvePackageDependenciesForBuild" depends on it):
     3>Done building target "IncludeTransitiveProjectReferences" in project "HRManagementSystem.Application.csproj".
     3>Target "ResolvePackageDependenciesForBuild" in file "/usr/share/dotnet/sdk/9.0.110/Sdks/Microsoft.NET.Sdk/targets/Microsoft.PackageDependencyResolution.targets" from project "/home/mostafa/Documents/Projects/hr-management-system/backend/HRManagementSystem/src/Core/HRManagementSystem.Application/HRManagementSystem.Application.csproj" (target "AssignProjectConfiguration" depends on it):
     3>Done building target "ResolvePackageDependenciesForBuild" in project "HRManagementSystem.Application.csproj".
       Target "_Microsoft_Extensions_Logging_AbstractionsAnalyzerMultiTargeting" skipped, due to false condition; ('$(SupportsRoslynComponentVersioning)' != 'true') was evaluated as ('true' != 'true').
       Target "_Microsoft_Extensions_Logging_AbstractionsRemoveAnalyzers" skipped, due to false condition; ('$(DisableMicrosoftExtensionsLoggingSourceGenerator)' == 'true') was evaluated as ('' == 'true').
       Target "_Microsoft_Extensions_OptionsAnalyzerMultiTargeting" skipped, due to false condition; ('$(SupportsRoslynComponentVersioning)' != 'true') was evaluated as ('true' != 'true').
       Target "_Microsoft_Extensions_OptionsRemoveAnalyzers" skipped, due to false condition; ('$(DisableMicrosoftExtensionsOptionsSourceGenerator)' == 'true') was evaluated as ('' == 'true').
     3>Target "AssignProjectConfiguration" in file "/usr/share/dotnet/sdk/9.0.110/Microsoft.Common.CurrentVersion.targets" from project "/home/mostafa/Documents/Projects/hr-management-system/backend/HRManagementSystem/src/Core/HRManagementSystem.Application/HRManagementSystem.Application.csproj" (target "ResolveReferences" depends on it):
       Using "AssignProjectConfiguration" task from assembly "Microsoft.Build.Tasks.Core, Version=15.1.0.0, Culture=neutral, PublicKeyToken=b03f5f7f11d50a3a".
       Task "AssignProjectConfiguration"
         Project reference "../HRManagementSystem.Domain/HRManagementSystem.Domain.csproj" has been assigned the "Debug|AnyCPU" configuration.
       Done executing task "AssignProjectConfiguration".
     3>Done building target "AssignProjectConfiguration" in project "HRManagementSystem.Application.csproj".
       Target "AssignProjectConfiguration" skipped. Previously built successfully.
     3>Target "_SplitProjectReferencesByFileExistence" in file "/usr/share/dotnet/sdk/9.0.110/Microsoft.Common.CurrentVersion.targets" from project "/home/mostafa/Documents/Projects/hr-management-system/backend/HRManagementSystem/src/Core/HRManagementSystem.Application/HRManagementSystem.Application.csproj" (target "PrepareProjectReferences" depends on it):
       Task "ResolveNonMSBuildProjectOutput" skipped, due to false condition; ('$(BuildingInsideVisualStudio)'=='true' and '@(ProjectReferenceWithConfiguration)'!='') was evaluated as (''=='true' and '../HRManagementSystem.Domain/HRManagementSystem.Domain.csproj'!='').
     3>Done building target "_SplitProjectReferencesByFileExistence" in project "HRManagementSystem.Application.csproj".
     3>Target "_AddOutputPathToGlobalPropertiesToRemove" in file "/usr/share/dotnet/sdk/9.0.110/Microsoft.Common.CurrentVersion.targets" from project "/home/mostafa/Documents/Projects/hr-management-system/backend/HRManagementSystem/src/Core/HRManagementSystem.Application/HRManagementSystem.Application.csproj" (target "_GetProjectReferenceTargetFrameworkProperties" depends on it):
     3>Done building target "_AddOutputPathToGlobalPropertiesToRemove" in project "HRManagementSystem.Application.csproj".
     3>Target "_GetProjectReferenceTargetFrameworkProperties" in file "/usr/share/dotnet/sdk/9.0.110/Microsoft.Common.CurrentVersion.targets" from project "/home/mostafa/Documents/Projects/hr-management-system/backend/HRManagementSystem/src/Core/HRManagementSystem.Application/HRManagementSystem.Application.csproj" (target "PrepareProjectReferences" depends on it):
       Using "MSBuild" task from assembly "Microsoft.Build.Tasks.Core, Version=15.1.0.0, Culture=neutral, PublicKeyToken=b03f5f7f11d50a3a".
       Task "MSBuild"
         Global Properties:
           Configuration=Debug
           Platform=AnyCPU
         Removing Properties:
           TargetFramework
           RuntimeIdentifier
           SelfContained
     5>Done executing task "ProcessFrameworkReferences".
       Using "ResolveAppHosts" task from assembly "/usr/share/dotnet/sdk/9.0.110/Sdks/Microsoft.NET.Sdk/targets/../tools/net9.0/Microsoft.NET.Build.Tasks.dll".
       Task "ResolveAppHosts"
     4>/home/mostafa/Documents/Projects/hr-management-system/backend/HRManagementSystem/src/Infrastructure/HRManagementSystem.Infrastructure/HRManagementSystem.Infrastructure.csproj : warning NU1701: Package 'iTextSharp 5.5.13.4' was restored using '.NETFramework,Version=v4.6.1, .NETFramework,Version=v4.6.2, .NETFramework,Version=v4.7, .NETFramework,Version=v4.7.1, .NETFramework,Version=v4.7.2, .NETFramework,Version=v4.8, .NETFramework,Version=v4.8.1' instead of the project target framework 'net8.0'. This package may not be fully compatible with your project.
     4>Done executing task "ResolvePackageAssets".
     4>Done building target "ResolvePackageAssets" in project "HRManagementSystem.Infrastructure.csproj".
       Target "AdjustDefaultPlatformTargetForNetFrameworkExeWithNoNativeCopyLocalItems" skipped, due to false condition; ('$(_UsingDefaultPlatformTarget)' == 'true' and
                            '$(_UsingDefaultRuntimeIdentifier)' == 'true') was evaluated as ('' == 'true' and
                            '' == 'true').
     4>Target "_CheckForTransitiveWindowsDesktopDependencies" in file "/usr/share/dotnet/sdk/9.0.110/Sdks/Microsoft.NET.Sdk/targets/Microsoft.NET.Sdk.DefaultItems.Shared.targets" from project "/home/mostafa/Documents/Projects/hr-management-system/backend/HRManagementSystem/src/Infrastructure/HRManagementSystem.Infrastructure/HRManagementSystem.Infrastructure.csproj" (target "ResolveLockFileReferences" depends on it):
       Task "NetSdkError" skipped, due to false condition; ('@(_WindowsDesktopTransitiveFrameworkReference)' != '') was evaluated as ('' != '').
     4>Done building target "_CheckForTransitiveWindowsDesktopDependencies" in project "HRManagementSystem.Infrastructure.csproj".
     4>Target "AddTransitiveFrameworkReferences" in file "/usr/share/dotnet/sdk/9.0.110/Sdks/Microsoft.NET.Sdk/targets/Microsoft.NET.Sdk.FrameworkReferenceResolution.targets" from project "/home/mostafa/Documents/Projects/hr-management-system/backend/HRManagementSystem/src/Infrastructure/HRManagementSystem.Infrastructure/HRManagementSystem.Infrastructure.csproj" (target "ResolveLockFileReferences" depends on it):
     4>Done building target "AddTransitiveFrameworkReferences" in project "HRManagementSystem.Infrastructure.csproj".
     4>Target "ResolveLockFileReferences" in file "/usr/share/dotnet/sdk/9.0.110/Sdks/Microsoft.NET.Sdk/targets/Microsoft.PackageDependencyResolution.targets" from project "/home/mostafa/Documents/Projects/hr-management-system/backend/HRManagementSystem/src/Infrastructure/HRManagementSystem.Infrastructure/HRManagementSystem.Infrastructure.csproj" (target "ResolvePackageDependenciesForBuild" depends on it):
       Using "JoinItems" task from assembly "/usr/share/dotnet/sdk/9.0.110/Sdks/Microsoft.NET.Sdk/targets/../tools/net9.0/Microsoft.NET.Build.Tasks.dll".
       Task "JoinItems"
       Done executing task "JoinItems".
     4>Done building target "ResolveLockFileReferences" in project "HRManagementSystem.Infrastructure.csproj".
       Target "ResolvePackageAssets" skipped. Previously built successfully.
     4>Target "ResolveLockFileAnalyzers" in file "/usr/share/dotnet/sdk/9.0.110/Sdks/Microsoft.NET.Sdk/targets/Microsoft.PackageDependencyResolution.targets" from project "/home/mostafa/Documents/Projects/hr-management-system/backend/HRManagementSystem/src/Infrastructure/HRManagementSystem.Infrastructure/HRManagementSystem.Infrastructure.csproj" (target "ResolvePackageDependenciesForBuild" depends on it):
     4>Done building target "ResolveLockFileAnalyzers" in project "HRManagementSystem.Infrastructure.csproj".
       Target "ResolvePackageAssets" skipped. Previously built successfully.
       Target "RunProduceContentAssets" skipped, due to false condition; ('@(_ContentFilesToPreprocess)' != '' and '$(_CleaningWithoutRebuilding)' != 'true') was evaluated as ('' != '' and '' != 'true').
     4>Target "ResolveLockFileCopyLocalFiles" in file "/usr/share/dotnet/sdk/9.0.110/Sdks/Microsoft.NET.Sdk/targets/Microsoft.PackageDependencyResolution.targets" from project "/home/mostafa/Documents/Projects/hr-management-system/backend/HRManagementSystem/src/Infrastructure/HRManagementSystem.Infrastructure/HRManagementSystem.Infrastructure.csproj" (target "ResolvePackageDependenciesForBuild" depends on it):
     4>Done building target "ResolveLockFileCopyLocalFiles" in project "HRManagementSystem.Infrastructure.csproj".
       Target "ResolveRuntimePackAssets" skipped, due to false condition; ('@(RuntimePack)' != '') was evaluated as ('' != '').
       Target "RunProduceContentAssets" skipped, due to false condition; ('@(_ContentFilesToPreprocess)' != '' and '$(_CleaningWithoutRebuilding)' != 'true') was evaluated as ('' != '' and '' != 'true').
       Target "ResolvePackageAssets" skipped. Previously built successfully.
     4>Target "IncludeTransitiveProjectReferences" in file "/usr/share/dotnet/sdk/9.0.110/Sdks/Microsoft.NET.Sdk/targets/Microsoft.PackageDependencyResolution.targets" from project "/home/mostafa/Documents/Projects/hr-management-system/backend/HRManagementSystem/src/Infrastructure/HRManagementSystem.Infrastructure/HRManagementSystem.Infrastructure.csproj" (target "ResolvePackageDependenciesForBuild" depends on it):
     4>Done building target "IncludeTransitiveProjectReferences" in project "HRManagementSystem.Infrastructure.csproj".
     4>Target "ResolvePackageDependenciesForBuild" in file "/usr/share/dotnet/sdk/9.0.110/Sdks/Microsoft.NET.Sdk/targets/Microsoft.PackageDependencyResolution.targets" from project "/home/mostafa/Documents/Projects/hr-management-system/backend/HRManagementSystem/src/Infrastructure/HRManagementSystem.Infrastructure/HRManagementSystem.Infrastructure.csproj" (target "AssignProjectConfiguration" depends on it):
     4>Done building target "ResolvePackageDependenciesForBuild" in project "HRManagementSystem.Infrastructure.csproj".
       Target "_Microsoft_Extensions_Logging_AbstractionsAnalyzerMultiTargeting" skipped, due to false condition; ('$(SupportsRoslynComponentVersioning)' != 'true') was evaluated as ('true' != 'true').
       Target "_Microsoft_Extensions_Logging_AbstractionsRemoveAnalyzers" skipped, due to false condition; ('$(DisableMicrosoftExtensionsLoggingSourceGenerator)' == 'true') was evaluated as ('' == 'true').
       Target "_Microsoft_Extensions_OptionsAnalyzerMultiTargeting" skipped, due to false condition; ('$(SupportsRoslynComponentVersioning)' != 'true') was evaluated as ('true' != 'true').
       Target "_Microsoft_Extensions_OptionsRemoveAnalyzers" skipped, due to false condition; ('$(DisableMicrosoftExtensionsOptionsSourceGenerator)' == 'true') was evaluated as ('' == 'true').
     4>Target "AssignProjectConfiguration" in file "/usr/share/dotnet/sdk/9.0.110/Microsoft.Common.CurrentVersion.targets" from project "/home/mostafa/Documents/Projects/hr-management-system/backend/HRManagementSystem/src/Infrastructure/HRManagementSystem.Infrastructure/HRManagementSystem.Infrastructure.csproj" (target "ResolveReferences" depends on it):
       Using "AssignProjectConfiguration" task from assembly "Microsoft.Build.Tasks.Core, Version=15.1.0.0, Culture=neutral, PublicKeyToken=b03f5f7f11d50a3a".
       Task "AssignProjectConfiguration"
         Project reference "../../Core/HRManagementSystem.Application/HRManagementSystem.Application.csproj" has been assigned the "Debug|AnyCPU" configuration.
         Project reference "../../Core/HRManagementSystem.Domain/HRManagementSystem.Domain.csproj" has been assigned the "Debug|AnyCPU" configuration.
       Done executing task "AssignProjectConfiguration".
     4>Done building target "AssignProjectConfiguration" in project "HRManagementSystem.Infrastructure.csproj".
       Target "AssignProjectConfiguration" skipped. Previously built successfully.
     4>Target "_SplitProjectReferencesByFileExistence" in file "/usr/share/dotnet/sdk/9.0.110/Microsoft.Common.CurrentVersion.targets" from project "/home/mostafa/Documents/Projects/hr-management-system/backend/HRManagementSystem/src/Infrastructure/HRManagementSystem.Infrastructure/HRManagementSystem.Infrastructure.csproj" (target "PrepareProjectReferences" depends on it):
       Task "ResolveNonMSBuildProjectOutput" skipped, due to false condition; ('$(BuildingInsideVisualStudio)'=='true' and '@(ProjectReferenceWithConfiguration)'!='') was evaluated as (''=='true' and '../../Core/HRManagementSystem.Application/HRManagementSystem.Application.csproj;../../Core/HRManagementSystem.Domain/HRManagementSystem.Domain.csproj'!='').
     4>Done building target "_SplitProjectReferencesByFileExistence" in project "HRManagementSystem.Infrastructure.csproj".
     4>Target "_AddOutputPathToGlobalPropertiesToRemove" in file "/usr/share/dotnet/sdk/9.0.110/Microsoft.Common.CurrentVersion.targets" from project "/home/mostafa/Documents/Projects/hr-management-system/backend/HRManagementSystem/src/Infrastructure/HRManagementSystem.Infrastructure/HRManagementSystem.Infrastructure.csproj" (target "_GetProjectReferenceTargetFrameworkProperties" depends on it):
     4>Done building target "_AddOutputPathToGlobalPropertiesToRemove" in project "HRManagementSystem.Infrastructure.csproj".
     4>Target "_GetProjectReferenceTargetFrameworkProperties" in file "/usr/share/dotnet/sdk/9.0.110/Microsoft.Common.CurrentVersion.targets" from project "/home/mostafa/Documents/Projects/hr-management-system/backend/HRManagementSystem/src/Infrastructure/HRManagementSystem.Infrastructure/HRManagementSystem.Infrastructure.csproj" (target "PrepareProjectReferences" depends on it):
       Using "MSBuild" task from assembly "Microsoft.Build.Tasks.Core, Version=15.1.0.0, Culture=neutral, PublicKeyToken=b03f5f7f11d50a3a".
       Task "MSBuild"
         Global Properties:
           Configuration=Debug
           Platform=AnyCPU
         Removing Properties:
           TargetFramework
           RuntimeIdentifier
           SelfContained
     5>Done executing task "ResolveAppHosts".
     5>Done building target "ProcessFrameworkReferences" in project "HRManagementSystem.WebApi.csproj".
       Target "IncludeTargetingPackReference" skipped, due to false condition; ('$(TargetFrameworkMoniker)' != '' and '$(TargetFrameworkIdentifier)' == '.NETFramework' and '$(AutomaticallyUseReferenceAssemblyPackages)' == 'true') was evaluated as ('.NETCoreApp,Version=v8.0' != '' and '.NETCoreApp' == '.NETFramework' and 'true' == 'true').
       Target "_CheckMicrosoftNetCompilersToolsetFrameworkPackageReference" skipped, due to false condition; ('$(MSBuildRuntimeType)' == 'Full') was evaluated as ('Core' == 'Full').
     5>Target "_CheckForObsoleteDotNetCliToolReferences" in file "/usr/share/dotnet/sdk/9.0.110/Sdks/Microsoft.NET.Sdk/targets/Microsoft.NET.ObsoleteReferences.targets" from project "/home/mostafa/Documents/Projects/hr-management-system/backend/HRManagementSystem/src/Presentation/HRManagementSystem.WebApi/HRManagementSystem.WebApi.csproj" (target "CollectPackageReferences" depends on it):
       Task "NETSdkWarning" skipped, due to false condition; ( '%(_ReferenceToObsoleteDotNetCliTool.Identity)' != '' ) was evaluated as ( '' != '' ).
     5>Done building target "_CheckForObsoleteDotNetCliToolReferences" in project "HRManagementSystem.WebApi.csproj".
     4>Project "/home/mostafa/Documents/Projects/hr-management-system/backend/HRManagementSystem/src/Infrastructure/HRManagementSystem.Infrastructure/HRManagementSystem.Infrastructure.csproj" (4) is building "/home/mostafa/Documents/Projects/hr-management-system/backend/HRManagementSystem/src/Core/HRManagementSystem.Application/HRManagementSystem.Application.csproj" (3:2) on node 3 (GetTargetFrameworks target(s)).
   3:2>Target "GetTargetFrameworksWithPlatformForSingleTargetFramework" in file "/usr/share/dotnet/sdk/9.0.110/Microsoft.Common.CurrentVersion.targets" from project "/home/mostafa/Documents/Projects/hr-management-system/backend/HRManagementSystem/src/Core/HRManagementSystem.Application/HRManagementSystem.Application.csproj" (target "GetTargetFrameworks" depends on it):
   3:2>Using "CombineTargetFrameworkInfoProperties" task from assembly "Microsoft.Build.Tasks.Core, Version=15.1.0.0, Culture=neutral, PublicKeyToken=b03f5f7f11d50a3a".
       Task "CombineTargetFrameworkInfoProperties"
     5>Target "CollectPackageReferences" in file "/usr/share/dotnet/sdk/9.0.110/NuGet.targets" from project "/home/mostafa/Documents/Projects/hr-management-system/backend/HRManagementSystem/src/Presentation/HRManagementSystem.WebApi/HRManagementSystem.WebApi.csproj" (target "_GetRestoreProjectStyle" depends on it):
     5>Assembly loaded during TaskRun: NuGet.Build.Tasks, Version=6.12.4.32767, Culture=neutral, PublicKeyToken=31bf3856ad364e35 (location: /usr/share/dotnet/sdk/9.0.110/NuGet.Build.Tasks.dll, MVID: 6a543de4-2238-4135-9864-c463b6cb5831, AssemblyLoadContext: MSBuild plugin /usr/share/dotnet/sdk/9.0.110/NuGet.Build.Tasks.dll)
       Assembly loaded during TaskRun: NuGet.Common, Version=6.12.4.32767, Culture=neutral, PublicKeyToken=31bf3856ad364e35 (location: /usr/share/dotnet/sdk/9.0.110/NuGet.Common.dll, MVID: 13c97386-33e1-4db0-9fd0-9b7567324670, AssemblyLoadContext: MSBuild plugin /usr/share/dotnet/sdk/9.0.110/NuGet.Build.Tasks.dll)
   3:2>Done executing task "CombineTargetFrameworkInfoProperties".
     5>CollectPackageReferences:
       Assembly loaded during TaskRun: NuGet.Commands, Version=6.12.4.32767, Culture=neutral, PublicKeyToken=31bf3856ad364e35 (location: /usr/share/dotnet/sdk/9.0.110/NuGet.Commands.dll, MVID: 0f5e76bb-d137-45d9-b522-d97d396e2b89, AssemblyLoadContext: MSBuild plugin /usr/share/dotnet/sdk/9.0.110/NuGet.Build.Tasks.dll)
   3:2>Done building target "GetTargetFrameworksWithPlatformForSingleTargetFramework" in project "HRManagementSystem.Application.csproj".
   3:2>Target "GetTargetFrameworks" in file "/usr/share/dotnet/sdk/9.0.110/Microsoft.Common.CurrentVersion.targets" from project "/home/mostafa/Documents/Projects/hr-management-system/backend/HRManagementSystem/src/Core/HRManagementSystem.Application/HRManagementSystem.Application.csproj" (entry point):
       Task "Error" skipped, due to false condition; ('$(IsCrossTargetingBuild)' == 'true') was evaluated as ('' == 'true').
       Using "CombineXmlElements" task from assembly "Microsoft.Build.Tasks.Core, Version=15.1.0.0, Culture=neutral, PublicKeyToken=b03f5f7f11d50a3a".
       Task "CombineXmlElements"
     5>CollectPackageReferences:
       Assembly loaded during TaskRun: NuGet.ProjectModel, Version=6.12.4.32767, Culture=neutral, PublicKeyToken=31bf3856ad364e35 (location: /usr/share/dotnet/sdk/9.0.110/NuGet.ProjectModel.dll, MVID: 73ff4b58-cb52-4aa8-9028-4e73eee9ec35, AssemblyLoadContext: MSBuild plugin /usr/share/dotnet/sdk/9.0.110/NuGet.Build.Tasks.dll)
   3:2>Done executing task "CombineXmlElements".
   3:2>Done building target "GetTargetFrameworks" in project "HRManagementSystem.Application.csproj".
     5>CollectPackageReferences:
       Using "CheckForDuplicateNuGetItemsTask" task from assembly "/usr/share/dotnet/sdk/9.0.110/NuGet.Build.Tasks.dll".
       Task "CheckForDuplicateNuGetItemsTask"
       Done executing task "CheckForDuplicateNuGetItemsTask".
     5>Done building target "CollectPackageReferences" in project "HRManagementSystem.WebApi.csproj".
     5>Target "_GetRestoreProjectStyle" in file "/usr/share/dotnet/sdk/9.0.110/NuGet.targets" from project "/home/mostafa/Documents/Projects/hr-management-system/backend/HRManagementSystem/src/Presentation/HRManagementSystem.WebApi/HRManagementSystem.WebApi.csproj" (target "EnableIntermediateOutputPathMismatchWarning" depends on it):
       Using "GetRestoreProjectStyleTask" task from assembly "/usr/share/dotnet/sdk/9.0.110/NuGet.Build.Tasks.dll".
       Task "GetRestoreProjectStyleTask"
       Done executing task "GetRestoreProjectStyleTask".
     5>Done building target "_GetRestoreProjectStyle" in project "HRManagementSystem.WebApi.csproj".
     5>Target "EnableIntermediateOutputPathMismatchWarning" in file "/usr/share/dotnet/sdk/9.0.110/NuGet.targets" from project "/home/mostafa/Documents/Projects/hr-management-system/backend/HRManagementSystem/src/Presentation/HRManagementSystem.WebApi/HRManagementSystem.WebApi.csproj" (target "_CheckForInvalidConfigurationAndPlatform" depends on it):
     5>Done building target "EnableIntermediateOutputPathMismatchWarning" in project "HRManagementSystem.WebApi.csproj".
       Target "ApplyImplicitVersions" skipped. Previously built successfully.
       Target "CheckForImplicitPackageReferenceOverrides" skipped. Previously built successfully.
     5>Target "CheckForDuplicateItems" in file "/usr/share/dotnet/sdk/9.0.110/Sdks/Microsoft.NET.Sdk/targets/Microsoft.NET.Sdk.DefaultItems.Shared.targets" from project "/home/mostafa/Documents/Projects/hr-management-system/backend/HRManagementSystem/src/Presentation/HRManagementSystem.WebApi/HRManagementSystem.WebApi.csproj" (target "_CheckForInvalidConfigurationAndPlatform" depends on it):
       Using "CheckForDuplicateItems" task from assembly "/usr/share/dotnet/sdk/9.0.110/Sdks/Microsoft.NET.Sdk/targets/../tools/net9.0/Microsoft.NET.Build.Tasks.dll".
       Task "CheckForDuplicateItems"
       Done executing task "CheckForDuplicateItems".
       Task "CheckForDuplicateItems"
       Done executing task "CheckForDuplicateItems".
       Task "CheckForDuplicateItems"
       Done executing task "CheckForDuplicateItems".
     5>Done building target "CheckForDuplicateItems" in project "HRManagementSystem.WebApi.csproj".
       Target "WarnForExplicitVersions" skipped, due to false condition; ('@(SdkBuildWarning)' != '') was evaluated as ('' != '').
       Target "_CheckForFailedSDKResolution" skipped, due to false condition; ('$(SdkResolverHonoredGlobalJson)' == 'false') was evaluated as ('' == 'false').
       Target "_WarnWhenUsingNET9AndVSPriorTo1712" skipped, due to false condition; ($([MSBuild]::VersionLessThan($(MSBuildVersion), '17.12.0')) and '$(TargetFrameworkIdentifier)' == '.NETCoreApp' and $([MSBuild]::VersionGreaterThanOrEquals($(_TargetFrameworkVersionWithoutV), '9.0'))) was evaluated as (False and '.NETCoreApp' == '.NETCoreApp' and False).
       Target "_CheckForInvalidWindowsDesktopTargetingConfiguration" skipped, due to false condition; ('$(TargetFrameworkIdentifier)' == '.NETCoreApp' and $([MSBuild]::VersionGreaterThanOrEquals($(_TargetFrameworkVersionWithoutV), '5.0')) and ('$(UseWindowsForms)' == 'true' or '$(UseWPF)' == 'true')) was evaluated as ('.NETCoreApp' == '.NETCoreApp' and True and ('' == 'true' or '' == 'true')).
       Target "_CheckForUnnecessaryWindowsDesktopSDK" skipped, due to false condition; ('$(TargetFrameworkIdentifier)' == '.NETCoreApp' and $([MSBuild]::VersionGreaterThanOrEquals($(_TargetFrameworkVersionWithoutV), '5.0')) and '$(_MicrosoftWindowsDesktopSdkImported)' == 'true' and '$(TargetFrameworks)' == '') was evaluated as ('.NETCoreApp' == '.NETCoreApp' and True and '' == 'true' and '' == '').
       Target "ProcessFrameworkReferences" skipped. Previously built successfully.
   3:2>Done Building Project "/home/mostafa/Documents/Projects/hr-management-system/backend/HRManagementSystem/src/Core/HRManagementSystem.Application/HRManagementSystem.Application.csproj" (GetTargetFrameworks target(s)).
     5>Target "IncludeTargetingPackReference" skipped, due to false condition; ('$(TargetFrameworkMoniker)' != '' and '$(TargetFrameworkIdentifier)' == '.NETFramework' and '$(AutomaticallyUseReferenceAssemblyPackages)' == 'true') was evaluated as ('.NETCoreApp,Version=v8.0' != '' and '.NETCoreApp' == '.NETFramework' and 'true' == 'true').
     5>Target "_CheckForInvalidConfigurationAndPlatform" in file "/usr/share/dotnet/sdk/9.0.110/Microsoft.Common.CurrentVersion.targets" from project "/home/mostafa/Documents/Projects/hr-management-system/backend/HRManagementSystem/src/Presentation/HRManagementSystem.WebApi/HRManagementSystem.WebApi.csproj" (target "BeforeBuild" depends on it):
       Task "Error" skipped, due to false condition; ( '$(_InvalidConfigurationError)' == 'true' ) was evaluated as ( '' == 'true' ).
       Task "Warning" skipped, due to false condition; ( '$(_InvalidConfigurationWarning)' == 'true' ) was evaluated as ( '' == 'true' ).
       Using "Message" task from assembly "Microsoft.Build.Tasks.Core, Version=15.1.0.0, Culture=neutral, PublicKeyToken=b03f5f7f11d50a3a".
       Task "Message"
         Configuration=Debug
       Done executing task "Message".
       Task "Message"
         Platform=AnyCPU
       Done executing task "Message".
       Task "Error" skipped, due to false condition; ('$(OutDir)' != '' and !HasTrailingSlash('$(OutDir)')) was evaluated as ('bin/Debug/net8.0/' != '' and !HasTrailingSlash('bin/Debug/net8.0/')).
       Task "Error" skipped, due to false condition; ('$(IntermediateOutputPath)' != '' and !HasTrailingSlash('$(IntermediateOutputPath)')) was evaluated as ('obj/Debug/net8.0/' != '' and !HasTrailingSlash('obj/Debug/net8.0/')).
       Task "Error" skipped, due to false condition; ('$(BaseIntermediateOutputPath)' != '' and !HasTrailingSlash('$(BaseIntermediateOutputPath)')) was evaluated as ('/home/mostafa/Documents/Projects/hr-management-system/backend/HRManagementSystem/src/Presentation/HRManagementSystem.WebApi/obj/' != '' and !HasTrailingSlash('/home/mostafa/Documents/Projects/hr-management-system/backend/HRManagementSystem/src/Presentation/HRManagementSystem.WebApi/obj/')).
       Task "MSBuildInternalMessage" skipped, due to false condition; ( '$(Prefer32Bit)' == 'true' and '$(PreferNativeArm64)' == 'true' ) was evaluated as ( 'false' == 'true' and 'false' == 'true' ).
       Task "MSBuildInternalMessage" skipped, due to false condition; ( '$(NoWin32Manifest)' == 'true' and '$(PreferNativeArm64)' == 'true' ) was evaluated as ( '' == 'true' and 'false' == 'true' ).
       Task "MSBuildInternalMessage" skipped, due to false condition; ( '$(PreferNativeArm64)' == 'true' and '$(Platform)' != 'AnyCPU' ) was evaluated as ( 'false' == 'true' and 'AnyCPU' != 'AnyCPU' ).
       Task "Error" skipped, due to false condition; ( '$(_InitialMSBuildProjectExtensionsPath)' != '' And '$(MSBuildProjectExtensionsPath)' != '$(_InitialMSBuildProjectExtensionsPath)' ) was evaluated as ( '/home/mostafa/Documents/Projects/hr-management-system/backend/HRManagementSystem/src/Presentation/HRManagementSystem.WebApi/obj/' != '' And '/home/mostafa/Documents/Projects/hr-management-system/backend/HRManagementSystem/src/Presentation/HRManagementSystem.WebApi/obj/' != '/home/mostafa/Documents/Projects/hr-management-system/backend/HRManagementSystem/src/Presentation/HRManagementSystem.WebApi/obj/' ).
       Task "Warning" skipped, due to false condition; ( '$(EnableBaseIntermediateOutputPathMismatchWarning)' == 'true' And '$(_InitialBaseIntermediateOutputPath)' != '$(BaseIntermediateOutputPath)' And '$(BaseIntermediateOutputPath)' != '$(MSBuildProjectExtensionsPath)' ) was evaluated as ( 'true' == 'true' And 'obj/' != '/home/mostafa/Documents/Projects/hr-management-system/backend/HRManagementSystem/src/Presentation/HRManagementSystem.WebApi/obj/' And '/home/mostafa/Documents/Projects/hr-management-system/backend/HRManagementSystem/src/Presentation/HRManagementSystem.WebApi/obj/' != '/home/mostafa/Documents/Projects/hr-management-system/backend/HRManagementSystem/src/Presentation/HRManagementSystem.WebApi/obj/' ).
     5>Done building target "_CheckForInvalidConfigurationAndPlatform" in project "HRManagementSystem.WebApi.csproj".
     5>Target "ValidateCommandLineProperties" in file "/usr/share/dotnet/sdk/9.0.110/Sdks/Microsoft.NET.Sdk/targets/Microsoft.NET.Sdk.targets" from project "/home/mostafa/Documents/Projects/hr-management-system/backend/HRManagementSystem/src/Presentation/HRManagementSystem.WebApi/HRManagementSystem.WebApi.csproj" (target "BeforeBuild" depends on it):
     5>Done building target "ValidateCommandLineProperties" in project "HRManagementSystem.WebApi.csproj".
     5>Target "BeforeBuild" in file "/usr/share/dotnet/sdk/9.0.110/Microsoft.Common.CurrentVersion.targets" from project "/home/mostafa/Documents/Projects/hr-management-system/backend/HRManagementSystem/src/Presentation/HRManagementSystem.WebApi/HRManagementSystem.WebApi.csproj" (target "Build" depends on it):
     5>Done building target "BeforeBuild" in project "HRManagementSystem.WebApi.csproj".
       Target "_CheckForBuildWithNoBuild" skipped, due to false condition; ('$(NoBuild)' == 'true' and '$(GeneratePackageOnBuild)' != 'true') was evaluated as ('' == 'true' and 'false' != 'true').
     5>Target "BuildOnlySettings" in file "/usr/share/dotnet/sdk/9.0.110/Microsoft.Common.CurrentVersion.targets" from project "/home/mostafa/Documents/Projects/hr-management-system/backend/HRManagementSystem/src/Presentation/HRManagementSystem.WebApi/HRManagementSystem.WebApi.csproj" (target "CoreBuild" depends on it):
     5>Done building target "BuildOnlySettings" in project "HRManagementSystem.WebApi.csproj".
       Target "_CheckForUnsupportedTargetFramework" skipped, due to false condition; ('$(_UnsupportedTargetFrameworkError)' == 'true') was evaluated as ('' == 'true').
       Target "_CheckForUnsupportedTargetPlatformIdentifier" skipped, due to false condition; ('$(TargetPlatformIdentifier)' != '' and '$(TargetFrameworkIdentifier)' == '.NETCoreApp' and $([MSBuild]::VersionGreaterThanOrEquals($(TargetFrameworkVersion), 5.0)) And ('$(DesignTimeBuild)' != 'true' Or '@(MissingWorkloadPack)' == '')) was evaluated as ('' != '' and '.NETCoreApp' == '.NETCoreApp' and True And ('' != 'true' Or '' == '')).
       Target "_CheckForMissingWorkload" skipped, due to false condition; ('@(MissingWorkloadPack)' != '' And '$(DesignTimeBuild)' != 'true') was evaluated as ('' != '' And '' != 'true').
     5>Target "GetFrameworkPaths" in file "/usr/share/dotnet/sdk/9.0.110/Sdks/Microsoft.NET.Sdk/targets/Microsoft.NET.DisableStandardFrameworkResolution.targets" from project "/home/mostafa/Documents/Projects/hr-management-system/backend/HRManagementSystem/src/Presentation/HRManagementSystem.WebApi/HRManagementSystem.WebApi.csproj" (target "PrepareForBuild" depends on it):
     5>Done building target "GetFrameworkPaths" in project "HRManagementSystem.WebApi.csproj".
       Target "_CheckForUnsupportedTargetFramework" skipped, due to false condition; ('$(_UnsupportedTargetFrameworkError)' == 'true') was evaluated as ('' == 'true').
       Target "_CheckForUnsupportedTargetPlatformIdentifier" skipped, due to false condition; ('$(TargetPlatformIdentifier)' != '' and '$(TargetFrameworkIdentifier)' == '.NETCoreApp' and $([MSBuild]::VersionGreaterThanOrEquals($(TargetFrameworkVersion), 5.0)) And ('$(DesignTimeBuild)' != 'true' Or '@(MissingWorkloadPack)' == '')) was evaluated as ('' != '' and '.NETCoreApp' == '.NETCoreApp' and True And ('' != 'true' Or '' == '')).
       Target "_CheckForMissingWorkload" skipped, due to false condition; ('@(MissingWorkloadPack)' != '' And '$(DesignTimeBuild)' != 'true') was evaluated as ('' != '' And '' != 'true').
     5>Target "GetReferenceAssemblyPaths" in file "/usr/share/dotnet/sdk/9.0.110/Sdks/Microsoft.NET.Sdk/targets/Microsoft.NET.DisableStandardFrameworkResolution.targets" from project "/home/mostafa/Documents/Projects/hr-management-system/backend/HRManagementSystem/src/Presentation/HRManagementSystem.WebApi/HRManagementSystem.WebApi.csproj" (target "PrepareForBuild" depends on it):
     5>Done building target "GetReferenceAssemblyPaths" in project "HRManagementSystem.WebApi.csproj".
       Target "AssignLinkMetadata" skipped, due to false condition; ( '$(SynthesizeLinkMetadata)' == 'true' ) was evaluated as ( '' == 'true' ).
     5>Target "ResolveRazorGenerateInputs" in file "/usr/share/dotnet/sdk/9.0.110/Sdks/Microsoft.NET.Sdk.Razor/targets/Sdk.Razor.CurrentVersion.targets" from project "/home/mostafa/Documents/Projects/hr-management-system/backend/HRManagementSystem/src/Presentation/HRManagementSystem.WebApi/HRManagementSystem.WebApi.csproj" (target "PrepareForBuild" depends on it):
     5>Done building target "ResolveRazorGenerateInputs" in project "HRManagementSystem.WebApi.csproj".
       Target "_VerifyPackReleaseConfigurations" skipped, due to false condition; ('$(_IsPacking)' == 'true' and '$(DOTNET_CLI_DISABLE_PUBLISH_AND_PACK_RELEASE)' != 'true' and '$(DOTNET_CLI_LAZY_PUBLISH_AND_PACK_RELEASE_FOR_SOLUTIONS)' == 'true') was evaluated as ('' == 'true' and '' != 'true' and '' == 'true').
     5>Target "PrepareForBuild" in file "/usr/share/dotnet/sdk/9.0.110/Microsoft.Common.CurrentVersion.targets" from project "/home/mostafa/Documents/Projects/hr-management-system/backend/HRManagementSystem/src/Presentation/HRManagementSystem.WebApi/HRManagementSystem.WebApi.csproj" (target "CoreBuild" depends on it):
       Using "FindAppConfigFile" task from assembly "Microsoft.Build.Tasks.Core, Version=15.1.0.0, Culture=neutral, PublicKeyToken=b03f5f7f11d50a3a".
       Task "FindAppConfigFile"
       Done executing task "FindAppConfigFile".
       Using "MakeDir" task from assembly "Microsoft.Build.Tasks.Core, Version=15.1.0.0, Culture=neutral, PublicKeyToken=b03f5f7f11d50a3a".
       Task "MakeDir"
       Done executing task "MakeDir".
     5>Done building target "PrepareForBuild" in project "HRManagementSystem.WebApi.csproj".
     5>Target "GenerateGlobalUsings" in file "/usr/share/dotnet/sdk/9.0.110/Sdks/Microsoft.NET.Sdk/targets/Microsoft.NET.GenerateGlobalUsings.targets" from project "/home/mostafa/Documents/Projects/hr-management-system/backend/HRManagementSystem/src/Presentation/HRManagementSystem.WebApi/HRManagementSystem.WebApi.csproj" (target "CoreBuild" depends on it):
       Using "GenerateGlobalUsings" task from assembly "/usr/share/dotnet/sdk/9.0.110/Sdks/Microsoft.NET.Sdk/targets/../tools/net9.0/Microsoft.NET.Build.Tasks.dll".
       Task "GenerateGlobalUsings"
       Done executing task "GenerateGlobalUsings".
       Using "WriteLinesToFile" task from assembly "Microsoft.Build.Tasks.Core, Version=15.1.0.0, Culture=neutral, PublicKeyToken=b03f5f7f11d50a3a".
       Task "WriteLinesToFile"
         Skipping write to file "obj/Debug/net8.0/HRManagementSystem.WebApi.GlobalUsings.g.cs" because content would not change.
       Done executing task "WriteLinesToFile".
     5>Done building target "GenerateGlobalUsings" in project "HRManagementSystem.WebApi.csproj".
       Target "PreBuildEvent" skipped, due to false condition; ('$(PreBuildEvent)'!='') was evaluated as (''!='').
     5>Target "BeforeResolveReferences" in file "/usr/share/dotnet/sdk/9.0.110/Microsoft.Common.CurrentVersion.targets" from project "/home/mostafa/Documents/Projects/hr-management-system/backend/HRManagementSystem/src/Presentation/HRManagementSystem.WebApi/HRManagementSystem.WebApi.csproj" (target "ResolveReferences" depends on it):
     5>Done building target "BeforeResolveReferences" in project "HRManagementSystem.WebApi.csproj".
     5>Target "IgnoreJavaScriptOutputAssembly" in file "/usr/share/dotnet/sdk/9.0.110/Microsoft.Common.CurrentVersion.targets" from project "/home/mostafa/Documents/Projects/hr-management-system/backend/HRManagementSystem/src/Presentation/HRManagementSystem.WebApi/HRManagementSystem.WebApi.csproj" (target "AssignProjectConfiguration" depends on it):
     5>Done building target "IgnoreJavaScriptOutputAssembly" in project "HRManagementSystem.WebApi.csproj".
       Target "ProcessFrameworkReferences" skipped. Previously built successfully.
     5>Target "_DefaultMicrosoftNETPlatformLibrary" in file "/usr/share/dotnet/sdk/9.0.110/Sdks/Microsoft.NET.Sdk/targets/Microsoft.NET.Sdk.Shared.targets" from project "/home/mostafa/Documents/Projects/hr-management-system/backend/HRManagementSystem/src/Presentation/HRManagementSystem.WebApi/HRManagementSystem.WebApi.csproj" (target "ResolvePackageAssets" depends on it):
     5>Done building target "_DefaultMicrosoftNETPlatformLibrary" in project "HRManagementSystem.WebApi.csproj".
     5>Target "_ComputePackageReferencePublish" in file "/usr/share/dotnet/sdk/9.0.110/Sdks/Microsoft.NET.Sdk/targets/Microsoft.NET.Sdk.Shared.targets" from project "/home/mostafa/Documents/Projects/hr-management-system/backend/HRManagementSystem/src/Presentation/HRManagementSystem.WebApi/HRManagementSystem.WebApi.csproj" (target "ResolvePackageAssets" depends on it):
     5>Done building target "_ComputePackageReferencePublish" in project "HRManagementSystem.WebApi.csproj".
       Target "_ResolveCompilerVersion" skipped, due to false condition; ('$(CompilerApiVersion)' == '' And
                            ('$(Language)' == 'C#' Or '$(Language)' == 'VB') And
                            Exists('$(RoslynTargetsPath)\Microsoft.Build.Tasks.CodeAnalysis.dll')) was evaluated as ('roslyn4.12' == '' And
                            ('C#' == 'C#' Or 'C#' == 'VB') And
                            Exists('/usr/share/dotnet/sdk/9.0.110/Roslyn\Microsoft.Build.Tasks.CodeAnalysis.dll')).
     5>Target "ResolvePackageAssets" in file "/usr/share/dotnet/sdk/9.0.110/Sdks/Microsoft.NET.Sdk/targets/Microsoft.PackageDependencyResolution.targets" from project "/home/mostafa/Documents/Projects/hr-management-system/backend/HRManagementSystem/src/Presentation/HRManagementSystem.WebApi/HRManagementSystem.WebApi.csproj" (target "ResolveLockFileReferences" depends on it):
       Using "ResolvePackageAssets" task from assembly "/usr/share/dotnet/sdk/9.0.110/Sdks/Microsoft.NET.Sdk/targets/../tools/net9.0/Microsoft.NET.Build.Tasks.dll".
       Task "ResolvePackageAssets"
     5>/home/mostafa/Documents/Projects/hr-management-system/backend/HRManagementSystem/src/Presentation/HRManagementSystem.WebApi/HRManagementSystem.WebApi.csproj : warning NU1701: Package 'iTextSharp 5.5.13.4' was restored using '.NETFramework,Version=v4.6.1, .NETFramework,Version=v4.6.2, .NETFramework,Version=v4.7, .NETFramework,Version=v4.7.1, .NETFramework,Version=v4.7.2, .NETFramework,Version=v4.8, .NETFramework,Version=v4.8.1' instead of the project target framework 'net8.0'. This package may not be fully compatible with your project.
       Done executing task "ResolvePackageAssets".
     5>Done building target "ResolvePackageAssets" in project "HRManagementSystem.WebApi.csproj".
       Target "AdjustDefaultPlatformTargetForNetFrameworkExeWithNoNativeCopyLocalItems" skipped, due to false condition; ('$(_UsingDefaultPlatformTarget)' == 'true' and
                            '$(_UsingDefaultRuntimeIdentifier)' == 'true') was evaluated as ('true' == 'true' and
                            '' == 'true').
     5>Target "_CheckForTransitiveWindowsDesktopDependencies" in file "/usr/share/dotnet/sdk/9.0.110/Sdks/Microsoft.NET.Sdk/targets/Microsoft.NET.Sdk.DefaultItems.Shared.targets" from project "/home/mostafa/Documents/Projects/hr-management-system/backend/HRManagementSystem/src/Presentation/HRManagementSystem.WebApi/HRManagementSystem.WebApi.csproj" (target "ResolveLockFileReferences" depends on it):
       Task "NetSdkError" skipped, due to false condition; ('@(_WindowsDesktopTransitiveFrameworkReference)' != '') was evaluated as ('' != '').
     5>Done building target "_CheckForTransitiveWindowsDesktopDependencies" in project "HRManagementSystem.WebApi.csproj".
     5>Target "AddTransitiveFrameworkReferences" in file "/usr/share/dotnet/sdk/9.0.110/Sdks/Microsoft.NET.Sdk/targets/Microsoft.NET.Sdk.FrameworkReferenceResolution.targets" from project "/home/mostafa/Documents/Projects/hr-management-system/backend/HRManagementSystem/src/Presentation/HRManagementSystem.WebApi/HRManagementSystem.WebApi.csproj" (target "ResolveLockFileReferences" depends on it):
     5>Done building target "AddTransitiveFrameworkReferences" in project "HRManagementSystem.WebApi.csproj".
     5>Target "ResolveLockFileReferences" in file "/usr/share/dotnet/sdk/9.0.110/Sdks/Microsoft.NET.Sdk/targets/Microsoft.PackageDependencyResolution.targets" from project "/home/mostafa/Documents/Projects/hr-management-system/backend/HRManagementSystem/src/Presentation/HRManagementSystem.WebApi/HRManagementSystem.WebApi.csproj" (target "ResolvePackageDependenciesForBuild" depends on it):
       Using "JoinItems" task from assembly "/usr/share/dotnet/sdk/9.0.110/Sdks/Microsoft.NET.Sdk/targets/../tools/net9.0/Microsoft.NET.Build.Tasks.dll".
       Task "JoinItems"
       Done executing task "JoinItems".
     5>Done building target "ResolveLockFileReferences" in project "HRManagementSystem.WebApi.csproj".
       Target "ResolvePackageAssets" skipped. Previously built successfully.
     5>Target "ResolveLockFileAnalyzers" in file "/usr/share/dotnet/sdk/9.0.110/Sdks/Microsoft.NET.Sdk/targets/Microsoft.PackageDependencyResolution.targets" from project "/home/mostafa/Documents/Projects/hr-management-system/backend/HRManagementSystem/src/Presentation/HRManagementSystem.WebApi/HRManagementSystem.WebApi.csproj" (target "ResolvePackageDependenciesForBuild" depends on it):
     5>Done building target "ResolveLockFileAnalyzers" in project "HRManagementSystem.WebApi.csproj".
       Target "ResolvePackageAssets" skipped. Previously built successfully.
       Target "RunProduceContentAssets" skipped, due to false condition; ('@(_ContentFilesToPreprocess)' != '' and '$(_CleaningWithoutRebuilding)' != 'true') was evaluated as ('' != '' and '' != 'true').
     5>Target "ResolveLockFileCopyLocalFiles" in file "/usr/share/dotnet/sdk/9.0.110/Sdks/Microsoft.NET.Sdk/targets/Microsoft.PackageDependencyResolution.targets" from project "/home/mostafa/Documents/Projects/hr-management-system/backend/HRManagementSystem/src/Presentation/HRManagementSystem.WebApi/HRManagementSystem.WebApi.csproj" (target "ResolvePackageDependenciesForBuild" depends on it):
     5>Done building target "ResolveLockFileCopyLocalFiles" in project "HRManagementSystem.WebApi.csproj".
       Target "ResolveRuntimePackAssets" skipped, due to false condition; ('@(RuntimePack)' != '') was evaluated as ('' != '').
       Target "RunProduceContentAssets" skipped, due to false condition; ('@(_ContentFilesToPreprocess)' != '' and '$(_CleaningWithoutRebuilding)' != 'true') was evaluated as ('' != '' and '' != 'true').
       Target "ResolvePackageAssets" skipped. Previously built successfully.
     5>Target "IncludeTransitiveProjectReferences" in file "/usr/share/dotnet/sdk/9.0.110/Sdks/Microsoft.NET.Sdk/targets/Microsoft.PackageDependencyResolution.targets" from project "/home/mostafa/Documents/Projects/hr-management-system/backend/HRManagementSystem/src/Presentation/HRManagementSystem.WebApi/HRManagementSystem.WebApi.csproj" (target "ResolvePackageDependenciesForBuild" depends on it):
     5>Done building target "IncludeTransitiveProjectReferences" in project "HRManagementSystem.WebApi.csproj".
     5>Target "ResolvePackageDependenciesForBuild" in file "/usr/share/dotnet/sdk/9.0.110/Sdks/Microsoft.NET.Sdk/targets/Microsoft.PackageDependencyResolution.targets" from project "/home/mostafa/Documents/Projects/hr-management-system/backend/HRManagementSystem/src/Presentation/HRManagementSystem.WebApi/HRManagementSystem.WebApi.csproj" (target "AssignProjectConfiguration" depends on it):
     5>Done building target "ResolvePackageDependenciesForBuild" in project "HRManagementSystem.WebApi.csproj".
       Target "_Microsoft_Extensions_Logging_AbstractionsAnalyzerMultiTargeting" skipped, due to false condition; ('$(SupportsRoslynComponentVersioning)' != 'true') was evaluated as ('true' != 'true').
       Target "_Microsoft_Extensions_Logging_AbstractionsRemoveAnalyzers" skipped, due to false condition; ('$(DisableMicrosoftExtensionsLoggingSourceGenerator)' == 'true') was evaluated as ('' == 'true').
       Target "_Microsoft_Extensions_OptionsAnalyzerMultiTargeting" skipped, due to false condition; ('$(SupportsRoslynComponentVersioning)' != 'true') was evaluated as ('true' != 'true').
       Target "_Microsoft_Extensions_OptionsRemoveAnalyzers" skipped, due to false condition; ('$(DisableMicrosoftExtensionsOptionsSourceGenerator)' == 'true') was evaluated as ('' == 'true').
     5>Target "AssignProjectConfiguration" in file "/usr/share/dotnet/sdk/9.0.110/Microsoft.Common.CurrentVersion.targets" from project "/home/mostafa/Documents/Projects/hr-management-system/backend/HRManagementSystem/src/Presentation/HRManagementSystem.WebApi/HRManagementSystem.WebApi.csproj" (target "ResolveReferences" depends on it):
       Using "AssignProjectConfiguration" task from assembly "Microsoft.Build.Tasks.Core, Version=15.1.0.0, Culture=neutral, PublicKeyToken=b03f5f7f11d50a3a".
       Task "AssignProjectConfiguration"
         Project reference "../../Core/HRManagementSystem.Application/HRManagementSystem.Application.csproj" has been assigned the "Debug|AnyCPU" configuration.
         Project reference "../../Infrastructure/HRManagementSystem.Infrastructure/HRManagementSystem.Infrastructure.csproj" has been assigned the "Debug|AnyCPU" configuration.
         Project reference "../../Core/HRManagementSystem.Domain/HRManagementSystem.Domain.csproj" has been assigned the "Debug|AnyCPU" configuration.
       Done executing task "AssignProjectConfiguration".
     5>Done building target "AssignProjectConfiguration" in project "HRManagementSystem.WebApi.csproj".
       Target "AssignProjectConfiguration" skipped. Previously built successfully.
     5>Target "_SplitProjectReferencesByFileExistence" in file "/usr/share/dotnet/sdk/9.0.110/Microsoft.Common.CurrentVersion.targets" from project "/home/mostafa/Documents/Projects/hr-management-system/backend/HRManagementSystem/src/Presentation/HRManagementSystem.WebApi/HRManagementSystem.WebApi.csproj" (target "PrepareProjectReferences" depends on it):
       Task "ResolveNonMSBuildProjectOutput" skipped, due to false condition; ('$(BuildingInsideVisualStudio)'=='true' and '@(ProjectReferenceWithConfiguration)'!='') was evaluated as (''=='true' and '../../Core/HRManagementSystem.Application/HRManagementSystem.Application.csproj;../../Infrastructure/HRManagementSystem.Infrastructure/HRManagementSystem.Infrastructure.csproj;../../Core/HRManagementSystem.Domain/HRManagementSystem.Domain.csproj'!='').
     5>Done building target "_SplitProjectReferencesByFileExistence" in project "HRManagementSystem.WebApi.csproj".
     5>Target "_AddOutputPathToGlobalPropertiesToRemove" in file "/usr/share/dotnet/sdk/9.0.110/Microsoft.Common.CurrentVersion.targets" from project "/home/mostafa/Documents/Projects/hr-management-system/backend/HRManagementSystem/src/Presentation/HRManagementSystem.WebApi/HRManagementSystem.WebApi.csproj" (target "_GetProjectReferenceTargetFrameworkProperties" depends on it):
     5>Done building target "_AddOutputPathToGlobalPropertiesToRemove" in project "HRManagementSystem.WebApi.csproj".
     5>Target "_GetProjectReferenceTargetFrameworkProperties" in file "/usr/share/dotnet/sdk/9.0.110/Microsoft.Common.CurrentVersion.targets" from project "/home/mostafa/Documents/Projects/hr-management-system/backend/HRManagementSystem/src/Presentation/HRManagementSystem.WebApi/HRManagementSystem.WebApi.csproj" (target "PrepareProjectReferences" depends on it):
       Using "MSBuild" task from assembly "Microsoft.Build.Tasks.Core, Version=15.1.0.0, Culture=neutral, PublicKeyToken=b03f5f7f11d50a3a".
       Task "MSBuild"
         Global Properties:
           Configuration=Debug
           Platform=AnyCPU
         Removing Properties:
           WebPublishProfileFile
           TargetFramework
           RuntimeIdentifier
           SelfContained
     5>Project "/home/mostafa/Documents/Projects/hr-management-system/backend/HRManagementSystem/src/Presentation/HRManagementSystem.WebApi/HRManagementSystem.WebApi.csproj" (5) is building "/home/mostafa/Documents/Projects/hr-management-system/backend/HRManagementSystem/src/Core/HRManagementSystem.Application/HRManagementSystem.Application.csproj" (3:3) on node 3 (GetTargetFrameworks target(s)).
   3:3>Target "GetTargetFrameworks" skipped. Previously built successfully.
   3:3>Done Building Project "/home/mostafa/Documents/Projects/hr-management-system/backend/HRManagementSystem/src/Core/HRManagementSystem.Application/HRManagementSystem.Application.csproj" (GetTargetFrameworks target(s)).
     5>Project "/home/mostafa/Documents/Projects/hr-management-system/backend/HRManagementSystem/src/Presentation/HRManagementSystem.WebApi/HRManagementSystem.WebApi.csproj" (5) is building "/home/mostafa/Documents/Projects/hr-management-system/backend/HRManagementSystem/src/Infrastructure/HRManagementSystem.Infrastructure/HRManagementSystem.Infrastructure.csproj" (4:2) on node 4 (GetTargetFrameworks target(s)).
   4:2>Target "GetTargetFrameworksWithPlatformForSingleTargetFramework" in file "/usr/share/dotnet/sdk/9.0.110/Microsoft.Common.CurrentVersion.targets" from project "/home/mostafa/Documents/Projects/hr-management-system/backend/HRManagementSystem/src/Infrastructure/HRManagementSystem.Infrastructure/HRManagementSystem.Infrastructure.csproj" (target "GetTargetFrameworks" depends on it):
   4:2>Using "CombineTargetFrameworkInfoProperties" task from assembly "Microsoft.Build.Tasks.Core, Version=15.1.0.0, Culture=neutral, PublicKeyToken=b03f5f7f11d50a3a".
       Task "CombineTargetFrameworkInfoProperties"
       Done executing task "CombineTargetFrameworkInfoProperties".
   4:2>Done building target "GetTargetFrameworksWithPlatformForSingleTargetFramework" in project "HRManagementSystem.Infrastructure.csproj".
   4:2>Target "GetTargetFrameworks" in file "/usr/share/dotnet/sdk/9.0.110/Microsoft.Common.CurrentVersion.targets" from project "/home/mostafa/Documents/Projects/hr-management-system/backend/HRManagementSystem/src/Infrastructure/HRManagementSystem.Infrastructure/HRManagementSystem.Infrastructure.csproj" (entry point):
       Task "Error" skipped, due to false condition; ('$(IsCrossTargetingBuild)' == 'true') was evaluated as ('' == 'true').
       Using "CombineXmlElements" task from assembly "Microsoft.Build.Tasks.Core, Version=15.1.0.0, Culture=neutral, PublicKeyToken=b03f5f7f11d50a3a".
       Task "CombineXmlElements"
       Done executing task "CombineXmlElements".
   4:2>Done building target "GetTargetFrameworks" in project "HRManagementSystem.Infrastructure.csproj".
   4:2>Done Building Project "/home/mostafa/Documents/Projects/hr-management-system/backend/HRManagementSystem/src/Infrastructure/HRManagementSystem.Infrastructure/HRManagementSystem.Infrastructure.csproj" (GetTargetFrameworks target(s)).
     2>Done executing task "Csc".
     2>Done building target "CoreCompile" in project "HRManagementSystem.Domain.csproj" -- FAILED.
     2>Done Building Project "/home/mostafa/Documents/Projects/hr-management-system/backend/HRManagementSystem/src/Core/HRManagementSystem.Domain/HRManagementSystem.Domain.csproj" (default targets) -- FAILED.
     1>Done executing task "MSBuild" -- FAILED.
     5>Done executing task "MSBuild" -- FAILED.
     4>Done executing task "MSBuild" -- FAILED.
     1>Done building target "Build" in project "HRManagementSystem.sln" -- FAILED.
     3>Done executing task "MSBuild" -- FAILED.
     5>Done building target "_GetProjectReferenceTargetFrameworkProperties" in project "HRManagementSystem.WebApi.csproj" -- FAILED.
     4>Done building target "_GetProjectReferenceTargetFrameworkProperties" in project "HRManagementSystem.Infrastructure.csproj" -- FAILED.
     1>Done Building Project "/home/mostafa/Documents/Projects/hr-management-system/backend/HRManagementSystem/HRManagementSystem.sln" (Build target(s)) -- FAILED.
     3>Done building target "_GetProjectReferenceTargetFrameworkProperties" in project "HRManagementSystem.Application.csproj" -- FAILED.
     4>Done Building Project "/home/mostafa/Documents/Projects/hr-management-system/backend/HRManagementSystem/src/Infrastructure/HRManagementSystem.Infrastructure/HRManagementSystem.Infrastructure.csproj" (default targets) -- FAILED.
     5>Done Building Project "/home/mostafa/Documents/Projects/hr-management-system/backend/HRManagementSystem/src/Presentation/HRManagementSystem.WebApi/HRManagementSystem.WebApi.csproj" (default targets) -- FAILED.
     3>Done Building Project "/home/mostafa/Documents/Projects/hr-management-system/backend/HRManagementSystem/src/Core/HRManagementSystem.Application/HRManagementSystem.Application.csproj" (default targets) -- FAILED.

Build FAILED.

       "/home/mostafa/Documents/Projects/hr-management-system/backend/HRManagementSystem/HRManagementSystem.sln" (Build target) (1) ->
       "/home/mostafa/Documents/Projects/hr-management-system/backend/HRManagementSystem/src/Core/HRManagementSystem.Application/HRManagementSystem.Application.csproj" (default target) (3) ->
       (ResolvePackageAssets target) -> 
         /home/mostafa/Documents/Projects/hr-management-system/backend/HRManagementSystem/src/Core/HRManagementSystem.Application/HRManagementSystem.Application.csproj : warning NU1701: Package 'iTextSharp 5.5.13.4' was restored using '.NETFramework,Version=v4.6.1, .NETFramework,Version=v4.6.2, .NETFramework,Version=v4.7, .NETFramework,Version=v4.7.1, .NETFramework,Version=v4.7.2, .NETFramework,Version=v4.8, .NETFramework,Version=v4.8.1' instead of the project target framework 'net8.0'. This package may not be fully compatible with your project.


       "/home/mostafa/Documents/Projects/hr-management-system/backend/HRManagementSystem/HRManagementSystem.sln" (Build target) (1) ->
       "/home/mostafa/Documents/Projects/hr-management-system/backend/HRManagementSystem/src/Infrastructure/HRManagementSystem.Infrastructure/HRManagementSystem.Infrastructure.csproj" (default target) (4) ->
         /home/mostafa/Documents/Projects/hr-management-system/backend/HRManagementSystem/src/Infrastructure/HRManagementSystem.Infrastructure/HRManagementSystem.Infrastructure.csproj : warning NU1701: Package 'iTextSharp 5.5.13.4' was restored using '.NETFramework,Version=v4.6.1, .NETFramework,Version=v4.6.2, .NETFramework,Version=v4.7, .NETFramework,Version=v4.7.1, .NETFramework,Version=v4.7.2, .NETFramework,Version=v4.8, .NETFramework,Version=v4.8.1' instead of the project target framework 'net8.0'. This package may not be fully compatible with your project.


       "/home/mostafa/Documents/Projects/hr-management-system/backend/HRManagementSystem/HRManagementSystem.sln" (Build target) (1) ->
       "/home/mostafa/Documents/Projects/hr-management-system/backend/HRManagementSystem/src/Presentation/HRManagementSystem.WebApi/HRManagementSystem.WebApi.csproj" (default target) (5) ->
         /home/mostafa/Documents/Projects/hr-management-system/backend/HRManagementSystem/src/Presentation/HRManagementSystem.WebApi/HRManagementSystem.WebApi.csproj : warning NU1701: Package 'iTextSharp 5.5.13.4' was restored using '.NETFramework,Version=v4.6.1, .NETFramework,Version=v4.6.2, .NETFramework,Version=v4.7, .NETFramework,Version=v4.7.1, .NETFramework,Version=v4.7.2, .NETFramework,Version=v4.8, .NETFramework,Version=v4.8.1' instead of the project target framework 'net8.0'. This package may not be fully compatible with your project.

    3 Warning(s)
    0 Error(s)

Time Elapsed 00:00:03.64
